city,city_lat,city_lng,population,tile_id,tile_lat,tile_lng,average_temperature,min_temperature,max_temperature,date
New York,40.6943,-73.9249,18713220,144,40.6943529,-73.92525635,11.8173,4.0477,19.1375,2024-04-08
New York,40.6943,-73.9249,18713220,144,40.6943529,-73.92525635,16.0705,9.0924,24.5959,2024-04-09
New York,40.6943,-73.9249,18713220,144,40.6943529,-73.92525635,10.2329,8.4318,12.3329,2024-04-01
New York,40.6943,-73.9249,18713220,144,40.6943529,-73.92525635,15.172,7.663,22.6531,2024-04-14
New York,40.6943,-73.9249,18713220,144,40.6943529,-73.92525635,8.4689,4.5689,12.5712,2024-04-06
New York,40.6943,-73.9249,18713220,144,40.6943529,-73.92525635,11.694,9.7041,16.7831,2024-04-17
New York,40.6943,-73.9249,18713220,144,40.6943529,-73.92525635,19.7849,13.936,28.387,2024-04-15
New York,40.6943,-73.9249,18713220,144,40.6943529,-73.92525635,16.3864,10.2748,22.8951,2024-04-16
New York,40.6943,-73.9249,18713220,144,40.6943529,-73.92525635,5.9674,4.963,7.1435,2024-04-03
New York,40.6943,-73.9249,18713220,144,40.6943529,-73.92525635,9.9115,6.6401,14.5284,2024-04-19
New York,40.6943,-73.9249,18713220,144,40.6943529,-73.92525635,6.0979,3.573,9.1747,2024-04-04
New York,40.6943,-73.9249,18713220,144,40.6943529,-73.92525635,13.5209,9.3635,21.0849,2024-04-20
New York,40.6943,-73.9249,18713220,144,40.6943529,-73.92525635,14.1903,9.4347,17.474,2024-04-11
New York,40.6943,-73.9249,18713220,144,40.6943529,-73.92525635,7.8168,7.1412,9.8765,2024-04-02
New York,40.6943,-73.9249,18713220,144,40.6943529,-73.92525635,11.5201,9.8312,14.2314,2024-04-13
New York,40.6943,-73.9249,18713220,144,40.6943529,-73.92525635,12.8761,9.4554,18.4529,2024-04-10
New York,40.6943,-73.9249,18713220,144,40.6943529,-73.92525635,15.7969,14.1145,18.1601,2024-04-12
New York,40.6943,-73.9249,18713220,144,40.6943529,-73.92525635,6.8276,3.8641,9.7865,2024-04-05
New York,40.6943,-73.9249,18713220,144,40.6943529,-73.92525635,8.4921,7.5471,10.0134,2024-04-18
New York,40.6943,-73.9249,18713220,144,40.6943529,-73.92525635,9.3947,4.5871,15.2072,2024-04-07
New York,40.6943,-73.9249,18713220,144,40.6943529,-73.92525635,8.8835,4.7006,12.8272,2024-04-21
New York,40.6943,-73.9249,18713220,144,40.6943529,-73.92525635,9.8863,3.6889,17.3566,2024-04-22
New York,40.6943,-73.9249,18713220,144,40.6943529,-73.92525635,10.2163,5.1525,16.5245,2024-04-23
New York,40.6943,-73.9249,18713220,144,40.6943529,-73.92525635,15.0964,8.7112,21.9648,2024-04-24
New York,40.6943,-73.9249,18713220,144,40.6943529,-73.92525635,7.9628,5.5059,13.2923,2024-04-25
New York,40.6943,-73.9249,18713220,144,40.6943529,-73.92525635,9.5301,4.123,15.6371,2024-04-26
New York,40.6943,-73.9249,18713220,144,40.6943529,-73.92525635,10.6326,4.8895,16.2851,2024-04-27
New York,40.6943,-73.9249,18713220,144,40.6943529,-73.92525635,20.6312,17.2136,30.3703,2024-04-29
New York,40.6943,-73.9249,18713220,144,40.6943529,-73.92525635,16.7247,10.4469,24.8524,2024-04-28
New York,40.6943,-73.9249,18713220,144,40.6943529,-73.92525635,13.875,10.9852,18.4073,2024-04-30
Los Angeles,34.1139,-118.4068,12750807,110,34.11402279,-118.406797,13.0887,8.0415,17.7052,2024-04-01
Los Angeles,34.1139,-118.4068,12750807,110,34.11402279,-118.406797,10.6722,6.4919,14.5935,2024-04-04
Los Angeles,34.1139,-118.4068,12750807,110,34.11402279,-118.406797,15.2081,8.3223,20.4307,2024-04-02
Los Angeles,34.1139,-118.4068,12750807,110,34.11402279,-118.406797,14.9912,10.3,21.5093,2024-04-03
Los Angeles,34.1139,-118.4068,12750807,110,34.11402279,-118.406797,8.7098,5.7895,12.8827,2024-04-05
Los Angeles,34.1139,-118.4068,12750807,110,34.11402279,-118.406797,9.8432,4.5171,16.0035,2024-04-06
Los Angeles,34.1139,-118.4068,12750807,110,34.11402279,-118.406797,10.8731,6.3196,16.5437,2024-04-07
Los Angeles,34.1139,-118.4068,12750807,110,34.11402279,-118.406797,13.8263,6.1185,21.4476,2024-04-08
Los Angeles,34.1139,-118.4068,12750807,110,34.11402279,-118.406797,16.599,8.7074,24.4452,2024-04-09
Los Angeles,34.1139,-118.4068,12750807,110,34.11402279,-118.406797,17.9088,11.5274,24.516,2024-04-10
Los Angeles,34.1139,-118.4068,12750807,110,34.11402279,-118.406797,15.5218,10.3153,24.9085,2024-04-11
Los Angeles,34.1139,-118.4068,12750807,110,34.11402279,-118.406797,12.7392,9.9981,15.0033,2024-04-12
Los Angeles,34.1139,-118.4068,12750807,110,34.11402279,-118.406797,11.146,6.9412,16.42,2024-04-13
Los Angeles,34.1139,-118.4068,12750807,110,34.11402279,-118.406797,9.616,5.4613,13.4741,2024-04-14
Los Angeles,34.1139,-118.4068,12750807,110,34.11402279,-118.406797,12.3815,6.5503,17.8027,2024-04-15
Los Angeles,34.1139,-118.4068,12750807,110,34.11402279,-118.406797,16.8573,8.6435,24.0913,2024-04-16
Los Angeles,34.1139,-118.4068,12750807,110,34.11402279,-118.406797,15.68,10.4157,21.6072,2024-04-17
Los Angeles,34.1139,-118.4068,12750807,110,34.11402279,-118.406797,14.4502,10.4327,20.5619,2024-04-18
Los Angeles,34.1139,-118.4068,12750807,110,34.11402279,-118.406797,13.8343,11.1966,18.2328,2024-04-19
Los Angeles,34.1139,-118.4068,12750807,110,34.11402279,-118.406797,14.1605,10.1769,19.5376,2024-04-20
Los Angeles,34.1139,-118.4068,12750807,110,34.11402279,-118.406797,14.1633,9.5706,19.8659,2024-04-21
Los Angeles,34.1139,-118.4068,12750807,110,34.11402279,-118.406797,14.2655,11.7683,18.2193,2024-04-23
Los Angeles,34.1139,-118.4068,12750807,110,34.11402279,-118.406797,13.818,11.8906,16.6,2024-04-22
Los Angeles,34.1139,-118.4068,12750807,110,34.11402279,-118.406797,13.6893,10.746,17.0423,2024-04-25
Los Angeles,34.1139,-118.4068,12750807,110,34.11402279,-118.406797,14.1824,10.0011,17.894,2024-04-24
Los Angeles,34.1139,-118.4068,12750807,110,34.11402279,-118.406797,15.414,10.9084,19.9096,2024-04-26
Los Angeles,34.1139,-118.4068,12750807,110,34.11402279,-118.406797,15.3514,9.3721,20.5566,2024-04-28
Los Angeles,34.1139,-118.4068,12750807,110,34.11402279,-118.406797,14.5364,9.8579,20.3553,2024-04-27
Los Angeles,34.1139,-118.4068,12750807,110,34.11402279,-118.406797,17.0989,10.827,21.6073,2024-04-29
Los Angeles,34.1139,-118.4068,12750807,110,34.11402279,-118.406797,15.8758,11.5001,21.9071,2024-04-30
Chicago,41.8373,-87.6862,8604203,91,41.83742135,-87.68574218,6.7419,5.4554,7.9183,2024-04-01
Chicago,41.8373,-87.6862,8604203,91,41.83742135,-87.68574218,5.1433,2.8088,12.5359,2024-04-02
Chicago,41.8373,-87.6862,8604203,91,41.83742135,-87.68574218,2.8308,1.99,3.49,2024-04-03
Chicago,41.8373,-87.6862,8604203,91,41.83742135,-87.68574218,4.0984,2.59,5.8842,2024-04-04
Chicago,41.8373,-87.6862,8604203,91,41.83742135,-87.68574218,4.702,2.7742,8.1776,2024-04-05
Chicago,41.8373,-87.6862,8604203,91,41.83742135,-87.68574218,5.0864,0.5707,10.0639,2024-04-06
Chicago,41.8373,-87.6862,8604203,91,41.83742135,-87.68574218,7.7668,3.6085,10.18,2024-04-07
Chicago,41.8373,-87.6862,8604203,91,41.83742135,-87.68574218,15.6748,7.4335,22.7506,2024-04-08
Chicago,41.8373,-87.6862,8604203,91,41.83742135,-87.68574218,13.7659,10.1251,18.9819,2024-04-09
Chicago,41.8373,-87.6862,8604203,91,41.83742135,-87.68574218,11.0714,9.3546,13.6471,2024-04-11
Chicago,41.8373,-87.6862,8604203,91,41.83742135,-87.68574218,13.6262,6.341,18.9439,2024-04-10
Chicago,41.8373,-87.6862,8604203,91,41.83742135,-87.68574218,11.4642,8.4868,17.2482,2024-04-12
Chicago,41.8373,-87.6862,8604203,91,41.83742135,-87.68574218,15.9058,4.9366,21.8651,2024-04-13
Chicago,41.8373,-87.6862,8604203,91,41.83742135,-87.68574218,19.1034,15.9324,27.1461,2024-04-14
Chicago,41.8373,-87.6862,8604203,91,41.83742135,-87.68574218,18.3158,8.179,27.3327,2024-04-16
Chicago,41.8373,-87.6862,8604203,91,41.83742135,-87.68574218,14.6605,8.1445,22.3544,2024-04-15
Chicago,41.8373,-87.6862,8604203,91,41.83742135,-87.68574218,15.3106,11.9654,20.169,2024-04-17
Chicago,41.8373,-87.6862,8604203,91,41.83742135,-87.68574218,10.7072,7.8766,14.0854,2024-04-18
Chicago,41.8373,-87.6862,8604203,91,41.83742135,-87.68574218,9.7676,5.3365,14.4099,2024-04-19
Chicago,41.8373,-87.6862,8604203,91,41.83742135,-87.68574218,4.6531,1.2083,7.5927,2024-04-20
Chicago,41.8373,-87.6862,8604203,91,41.83742135,-87.68574218,8.3822,0.8378,14.9496,2024-04-21
Chicago,41.8373,-87.6862,8604203,91,41.83742135,-87.68574218,13.8297,3.8588,20.0288,2024-04-22
Chicago,41.8373,-87.6862,8604203,91,41.83742135,-87.68574218,13.7853,9.4522,17.6354,2024-04-23
Chicago,41.8373,-87.6862,8604203,91,41.83742135,-87.68574218,4.2301,2.3088,6.6512,2024-04-24
Chicago,41.8373,-87.6862,8604203,91,41.83742135,-87.68574218,7.4615,0.6722,13.172,2024-04-25
Chicago,41.8373,-87.6862,8604203,91,41.83742135,-87.68574218,11.6331,5.4932,16.1498,2024-04-26
Chicago,41.8373,-87.6862,8604203,91,41.83742135,-87.68574218,20.5519,16.8404,23.8731,2024-04-28
Chicago,41.8373,-87.6862,8604203,91,41.83742135,-87.68574218,21.3319,15.2154,26.9641,2024-04-27
Chicago,41.8373,-87.6862,8604203,91,41.83742135,-87.68574218,17.9994,14.0834,20.82,2024-04-29
Chicago,41.8373,-87.6862,8604203,91,41.83742135,-87.68574218,17.8621,8.8946,24.9617,2024-04-30
Miami,25.7839,-80.2102,6445545,152,25.78385576,-80.21042666,24.2677,21.1648,28.7245,2024-04-01
Miami,25.7839,-80.2102,6445545,152,25.78385576,-80.21042666,25.3095,21.8021,29.299,2024-04-02
Miami,25.7839,-80.2102,6445545,152,25.78385576,-80.21042666,27.4951,24.3241,31.7043,2024-04-03
Miami,25.7839,-80.2102,6445545,152,25.78385576,-80.21042666,23.3815,21.6739,26.2253,2024-04-04
Miami,25.7839,-80.2102,6445545,152,25.78385576,-80.21042666,22.1815,17.8415,27.9003,2024-04-05
Miami,25.7839,-80.2102,6445545,152,25.78385576,-80.21042666,22.6916,16.1744,28.6216,2024-04-06
Miami,25.7839,-80.2102,6445545,152,25.78385576,-80.21042666,22.5997,18.6026,28.0056,2024-04-07
Miami,25.7839,-80.2102,6445545,152,25.78385576,-80.21042666,23.1185,19.6622,27.6616,2024-04-08
Miami,25.7839,-80.2102,6445545,152,25.78385576,-80.21042666,25.5345,22.3388,29.2539,2024-04-10
Miami,25.7839,-80.2102,6445545,152,25.78385576,-80.21042666,24.2508,20.9134,28.0617,2024-04-09
Miami,25.7839,-80.2102,6445545,152,25.78385576,-80.21042666,26.8879,25.0009,29.9876,2024-04-11
Miami,25.7839,-80.2102,6445545,152,25.78385576,-80.21042666,24.5756,22.462,30.2538,2024-04-12
Miami,25.7839,-80.2102,6445545,152,25.78385576,-80.21042666,23.015,18.0795,28.9196,2024-04-13
Miami,25.7839,-80.2102,6445545,152,25.78385576,-80.21042666,23.1369,19.3574,27.8657,2024-04-14
Miami,25.7839,-80.2102,6445545,152,25.78385576,-80.21042666,23.965,20.3391,28.3506,2024-04-15
Miami,25.7839,-80.2102,6445545,152,25.78385576,-80.21042666,25.1044,21.5208,29.6976,2024-04-16
Miami,25.7839,-80.2102,6445545,152,25.78385576,-80.21042666,25.3548,22.2965,29.3421,2024-04-17
Miami,25.7839,-80.2102,6445545,152,25.78385576,-80.21042666,25.3995,21.5516,29.4205,2024-04-18
Miami,25.7839,-80.2102,6445545,152,25.78385576,-80.21042666,25.938,23.3661,29.82,2024-04-19
Miami,25.7839,-80.2102,6445545,152,25.78385576,-80.21042666,26.3315,22.6767,30.3901,2024-04-20
Miami,25.7839,-80.2102,6445545,152,25.78385576,-80.21042666,26.7776,24.0553,30.2525,2024-04-21
Miami,25.7839,-80.2102,6445545,152,25.78385576,-80.21042666,25.0567,22.879,30.7067,2024-04-22
Miami,25.7839,-80.2102,6445545,152,25.78385576,-80.21042666,22.9793,20.9996,27.4078,2024-04-23
Miami,25.7839,-80.2102,6445545,152,25.78385576,-80.21042666,23.5009,20.5247,28.0259,2024-04-24
Miami,25.7839,-80.2102,6445545,152,25.78385576,-80.21042666,24.57,20.9967,29.138,2024-04-25
Miami,25.7839,-80.2102,6445545,152,25.78385576,-80.21042666,24.9248,21.606,29.0641,2024-04-26
Miami,25.7839,-80.2102,6445545,152,25.78385576,-80.21042666,25.3457,22.2204,28.7922,2024-04-27
Miami,25.7839,-80.2102,6445545,152,25.78385576,-80.21042666,24.8008,22.5467,28.6754,2024-04-28
Miami,25.7839,-80.2102,6445545,152,25.78385576,-80.21042666,25.265,22.3788,29.1434,2024-04-29
Miami,25.7839,-80.2102,6445545,152,25.78385576,-80.21042666,25.8203,23.4218,29.057,2024-04-30
Dallas,32.7936,-96.7662,5743938,151,32.7937687,-96.76649427,24.2585,21.1409,28.7589,2024-04-01
Dallas,32.7936,-96.7662,5743938,151,32.7937687,-96.76649427,16.688,13.8924,20.5271,2024-04-02
Dallas,32.7936,-96.7662,5743938,151,32.7937687,-96.76649427,21.2418,8.5747,30.0437,2024-04-04
Dallas,32.7936,-96.7662,5743938,151,32.7937687,-96.76649427,16.6359,9.1683,23.2547,2024-04-03
Dallas,32.7936,-96.7662,5743938,151,32.7937687,-96.76649427,23.6934,14.2229,31.978,2024-04-05
Dallas,32.7936,-96.7662,5743938,151,32.7937687,-96.76649427,22.9041,16.5629,26.9357,2024-04-06
Dallas,32.7936,-96.7662,5743938,151,32.7937687,-96.76649427,21.2028,14.1536,26.6542,2024-04-07
Dallas,32.7936,-96.7662,5743938,151,32.7937687,-96.76649427,18.7395,16.6886,20.8725,2024-04-09
Dallas,32.7936,-96.7662,5743938,151,32.7937687,-96.76649427,22.0499,11.6209,30.0425,2024-04-08
Dallas,32.7936,-96.7662,5743938,151,32.7937687,-96.76649427,18.2588,10.3977,24.4416,2024-04-11
Dallas,32.7936,-96.7662,5743938,151,32.7937687,-96.76649427,16.3239,14.3297,19.5537,2024-04-10
Dallas,32.7936,-96.7662,5743938,151,32.7937687,-96.76649427,20.7638,9.6847,28.7761,2024-04-12
Dallas,32.7936,-96.7662,5743938,151,32.7937687,-96.76649427,23.4916,15.6594,30.087,2024-04-13
Dallas,32.7936,-96.7662,5743938,151,32.7937687,-96.76649427,24.1768,18.63,29.2343,2024-04-14
Dallas,32.7936,-96.7662,5743938,151,32.7937687,-96.76649427,24.6669,20.8347,27.3825,2024-04-15
Dallas,32.7936,-96.7662,5743938,151,32.7937687,-96.76649427,25.6748,21.5925,31.3559,2024-04-16
Dallas,32.7936,-96.7662,5743938,151,32.7937687,-96.76649427,26.4055,21.89,31.8562,2024-04-17
Dallas,32.7936,-96.7662,5743938,151,32.7937687,-96.76649427,26.4982,21.2963,33.1011,2024-04-18
Dallas,32.7936,-96.7662,5743938,151,32.7937687,-96.76649427,20.1196,16.2951,23.9114,2024-04-19
Dallas,32.7936,-96.7662,5743938,151,32.7937687,-96.76649427,12.3742,9.4535,18.5144,2024-04-20
Dallas,32.7936,-96.7662,5743938,151,32.7937687,-96.76649427,15.9552,10.3188,21.2224,2024-04-21
Dallas,32.7936,-96.7662,5743938,151,32.7937687,-96.76649427,17.4314,8.0172,23.3605,2024-04-22
Dallas,32.7936,-96.7662,5743938,151,32.7937687,-96.76649427,25.3497,19.6675,30.6016,2024-04-24
Dallas,32.7936,-96.7662,5743938,151,32.7937687,-96.76649427,21.7,14.2608,26.4079,2024-04-23
Dallas,32.7936,-96.7662,5743938,151,32.7937687,-96.76649427,25.2326,21.9607,27.8125,2024-04-25
Dallas,32.7936,-96.7662,5743938,151,32.7937687,-96.76649427,23.3682,21.6202,26.4546,2024-04-26
Dallas,32.7936,-96.7662,5743938,151,32.7937687,-96.76649427,26.6169,21.56,31.2558,2024-04-27
Dallas,32.7936,-96.7662,5743938,151,32.7937687,-96.76649427,22.7977,17.7872,26.3033,2024-04-28
Dallas,32.7936,-96.7662,5743938,151,32.7937687,-96.76649427,25.1968,18.1916,32.2404,2024-04-29
Dallas,32.7936,-96.7662,5743938,151,32.7937687,-96.76649427,26.7408,20.1553,31.372,2024-04-30
Philadelphia,40.0077,-75.1339,5649300,132,40.00768209,-75.13431031,10.6573,8.654,12.3192,2024-04-01
Philadelphia,40.0077,-75.1339,5649300,132,40.00768209,-75.13431031,8.5592,7.9169,9.7751,2024-04-02
Philadelphia,40.0077,-75.1339,5649300,132,40.00768209,-75.13431031,7.1628,6.5681,8.5093,2024-04-03
Philadelphia,40.0077,-75.1339,5649300,132,40.00768209,-75.13431031,7.665,4.3604,12.1456,2024-04-04
Philadelphia,40.0077,-75.1339,5649300,132,40.00768209,-75.13431031,6.9841,5.171,10.7294,2024-04-05
Philadelphia,40.0077,-75.1339,5649300,132,40.00768209,-75.13431031,8.7462,4.1623,12.7223,2024-04-06
Philadelphia,40.0077,-75.1339,5649300,132,40.00768209,-75.13431031,11.0809,4.511,17.4767,2024-04-07
Philadelphia,40.0077,-75.1339,5649300,132,40.00768209,-75.13431031,14.2724,3.4738,20.057,2024-04-08
Philadelphia,40.0077,-75.1339,5649300,132,40.00768209,-75.13431031,17.2425,12.5015,24.1175,2024-04-10
Philadelphia,40.0077,-75.1339,5649300,132,40.00768209,-75.13431031,18.6073,7.5829,27.4949,2024-04-09
Philadelphia,40.0077,-75.1339,5649300,132,40.00768209,-75.13431031,17.5183,12.1663,23.4991,2024-04-11
Philadelphia,40.0077,-75.1339,5649300,132,40.00768209,-75.13431031,16.1742,13.5137,18.6448,2024-04-12
Philadelphia,40.0077,-75.1339,5649300,132,40.00768209,-75.13431031,13.113,9.5059,16.7066,2024-04-13
Philadelphia,40.0077,-75.1339,5649300,132,40.00768209,-75.13431031,18.252,6.8221,25.2632,2024-04-14
Philadelphia,40.0077,-75.1339,5649300,132,40.00768209,-75.13431031,22.3098,15.8726,30.7077,2024-04-15
Philadelphia,40.0077,-75.1339,5649300,132,40.00768209,-75.13431031,17.8161,10.2572,23.7878,2024-04-16
Philadelphia,40.0077,-75.1339,5649300,132,40.00768209,-75.13431031,13.8962,9.5061,19.408,2024-04-17
Philadelphia,40.0077,-75.1339,5649300,132,40.00768209,-75.13431031,10.6097,8.9911,13.4532,2024-04-18
Philadelphia,40.0077,-75.1339,5649300,132,40.00768209,-75.13431031,12.0638,7.7023,15.6321,2024-04-19
Philadelphia,40.0077,-75.1339,5649300,132,40.00768209,-75.13431031,15.7039,11.5546,21.9832,2024-04-20
Philadelphia,40.0077,-75.1339,5649300,132,40.00768209,-75.13431031,8.7994,4.6327,12.9921,2024-04-21
Philadelphia,40.0077,-75.1339,5649300,132,40.00768209,-75.13431031,13.3263,4.78,21.6264,2024-04-23
Philadelphia,40.0077,-75.1339,5649300,132,40.00768209,-75.13431031,11.395,3.9525,17.7643,2024-04-22
Philadelphia,40.0077,-75.1339,5649300,132,40.00768209,-75.13431031,16.8366,11.1063,22.8392,2024-04-24
Philadelphia,40.0077,-75.1339,5649300,132,40.00768209,-75.13431031,11.3571,3.7164,19.7468,2024-04-26
Philadelphia,40.0077,-75.1339,5649300,132,40.00768209,-75.13431031,10.8453,7.4025,16.365,2024-04-25
Philadelphia,40.0077,-75.1339,5649300,132,40.00768209,-75.13431031,11.9,4.7043,16.1238,2024-04-27
Philadelphia,40.0077,-75.1339,5649300,132,40.00768209,-75.13431031,20.8784,11.1197,28.4438,2024-04-28
Philadelphia,40.0077,-75.1339,5649300,132,40.00768209,-75.13431031,25.9458,16.4969,33.3403,2024-04-29
Philadelphia,40.0077,-75.1339,5649300,132,40.00768209,-75.13431031,21.5944,16.3468,30.0181,2024-04-30
Houston,29.7863,-95.3889,5464251,144,29.78647999,-95.38906827,24.9043,22.6769,28.1864,2024-04-01
Houston,29.7863,-95.3889,5464251,144,29.78647999,-95.38906827,21.64,15.9864,29.1756,2024-04-02
Houston,29.7863,-95.3889,5464251,144,29.78647999,-95.38906827,19.3162,11.2679,25.9341,2024-04-03
Houston,29.7863,-95.3889,5464251,144,29.78647999,-95.38906827,23.138,15.7818,31.9239,2024-04-05
Houston,29.7863,-95.3889,5464251,144,29.78647999,-95.38906827,21.5609,12.1062,29.5368,2024-04-04
Houston,29.7863,-95.3889,5464251,144,29.78647999,-95.38906827,24.7878,21.5958,30.3786,2024-04-07
Houston,29.7863,-95.3889,5464251,144,29.78647999,-95.38906827,22.2596,18.3801,26.9827,2024-04-06
Houston,29.7863,-95.3889,5464251,144,29.78647999,-95.38906827,24.6443,22.8248,28.1832,2024-04-08
Houston,29.7863,-95.3889,5464251,144,29.78647999,-95.38906827,24.857,23.318,27.8108,2024-04-09
Houston,29.7863,-95.3889,5464251,144,29.78647999,-95.38906827,20.5376,17.6385,24.2989,2024-04-10
Houston,29.7863,-95.3889,5464251,144,29.78647999,-95.38906827,19.9463,13.7498,26.2219,2024-04-11
Houston,29.7863,-95.3889,5464251,144,29.78647999,-95.38906827,19.8101,13.1303,27.4206,2024-04-12
Houston,29.7863,-95.3889,5464251,144,29.78647999,-95.38906827,20.8689,14.5881,27.8294,2024-04-13
Houston,29.7863,-95.3889,5464251,144,29.78647999,-95.38906827,23.2195,19.0697,28.5225,2024-04-14
Houston,29.7863,-95.3889,5464251,144,29.78647999,-95.38906827,23.6912,21.0195,27.5194,2024-04-15
Houston,29.7863,-95.3889,5464251,144,29.78647999,-95.38906827,25.2582,22.2702,28.4757,2024-04-16
Houston,29.7863,-95.3889,5464251,144,29.78647999,-95.38906827,25.7526,23.9476,30.5628,2024-04-18
Houston,29.7863,-95.3889,5464251,144,29.78647999,-95.38906827,25.176,23.8386,27.9874,2024-04-17
Houston,29.7863,-95.3889,5464251,144,29.78647999,-95.38906827,25.9413,23.4742,30.2363,2024-04-19
Houston,29.7863,-95.3889,5464251,144,29.78647999,-95.38906827,22.6402,17.5293,31.2431,2024-04-20
Houston,29.7863,-95.3889,5464251,144,29.78647999,-95.38906827,17.7503,12.9818,21.8218,2024-04-21
Houston,29.7863,-95.3889,5464251,144,29.78647999,-95.38906827,17.5425,12.267,22.8187,2024-04-22
Houston,29.7863,-95.3889,5464251,144,29.78647999,-95.38906827,20.7878,12.8851,25.905,2024-04-23
Houston,29.7863,-95.3889,5464251,144,29.78647999,-95.38906827,23.9866,20.9893,29.6463,2024-04-24
Houston,29.7863,-95.3889,5464251,144,29.78647999,-95.38906827,24.2537,20.2849,28.7489,2024-04-25
Houston,29.7863,-95.3889,5464251,144,29.78647999,-95.38906827,25.4794,23.17,28.3604,2024-04-26
Houston,29.7863,-95.3889,5464251,144,29.78647999,-95.38906827,25.8279,24.021,28.8121,2024-04-27
Houston,29.7863,-95.3889,5464251,144,29.78647999,-95.38906827,25.8358,23.7573,29.2617,2024-04-28
Houston,29.7863,-95.3889,5464251,144,29.78647999,-95.38906827,24.3868,21.5785,28.0493,2024-04-29
Houston,29.7863,-95.3889,5464251,144,29.78647999,-95.38906827,24.7495,19.017,30.8817,2024-04-30
Atlanta,33.7627,-84.4224,5449398,71,33.76261238,-84.42220855,21.3504,17.92,25.28,2024-04-01
Atlanta,33.7627,-84.4224,5449398,71,33.76261238,-84.42220855,22.7752,19.47,27.71,2024-04-02
Atlanta,33.7627,-84.4224,5449398,71,33.76261238,-84.42220855,15.3375,11.58,19.3599,2024-04-03
Atlanta,33.7627,-84.4224,5449398,71,33.76261238,-84.42220855,12.7492,6.0615,18.04,2024-04-04
Atlanta,33.7627,-84.4224,5449398,71,33.76261238,-84.42220855,11.9526,5.75,17.4906,2024-04-05
Atlanta,33.7627,-84.4224,5449398,71,33.76261238,-84.42220855,12.2835,4.4735,19.1633,2024-04-06
Atlanta,33.7627,-84.4224,5449398,71,33.76261238,-84.42220855,19.9982,12.76,25.7601,2024-04-08
Atlanta,33.7627,-84.4224,5449398,71,33.76261238,-84.42220855,16.1886,5.29,24.16,2024-04-07
Atlanta,33.7627,-84.4224,5449398,71,33.76261238,-84.42220855,18.5176,15.8,23.3999,2024-04-10
Atlanta,33.7627,-84.4224,5449398,71,33.76261238,-84.42220855,16.5416,15.0009,19.57,2024-04-09
Atlanta,33.7627,-84.4224,5449398,71,33.76261238,-84.42220855,15.7518,10.5698,20.81,2024-04-12
Atlanta,33.7627,-84.4224,5449398,71,33.76261238,-84.42220855,17.0717,12.86,24.2,2024-04-11
Atlanta,33.7627,-84.4224,5449398,71,33.76261238,-84.42220855,17.6192,7.66,25.31,2024-04-13
Atlanta,33.7627,-84.4224,5449398,71,33.76261238,-84.42220855,21.9839,10.9803,30.2603,2024-04-14
Atlanta,33.7627,-84.4224,5449398,71,33.76261238,-84.42220855,22.9727,14.42,30.03,2024-04-15
Atlanta,33.7627,-84.4224,5449398,71,33.76261238,-84.42220855,23.2972,15.74,30.44,2024-04-16
Atlanta,33.7627,-84.4224,5449398,71,33.76261238,-84.42220855,21.7961,19.33,27.11,2024-04-17
Atlanta,33.7627,-84.4224,5449398,71,33.76261238,-84.42220855,24.0331,15.87,31.58,2024-04-18
Atlanta,33.7627,-84.4224,5449398,71,33.76261238,-84.42220855,24.3743,19.74,29.01,2024-04-19
Atlanta,33.7627,-84.4224,5449398,71,33.76261238,-84.42220855,20.6638,18.72,27.06,2024-04-20
Atlanta,33.7627,-84.4224,5449398,71,33.76261238,-84.42220855,16.6129,6.6135,23.76,2024-04-23
Atlanta,33.7627,-84.4224,5449398,71,33.76261238,-84.42220855,13.3872,6.45,19.69,2024-04-22
Atlanta,33.7627,-84.4224,5449398,71,33.76261238,-84.42220855,20.7187,12.59,27.13,2024-04-25
Atlanta,33.7627,-84.4224,5449398,71,33.76261238,-84.42220855,18.7467,11.27,24.76,2024-04-24
Atlanta,33.7627,-84.4224,5449398,71,33.76261238,-84.42220855,21.6118,16.53,27.99,2024-04-26
Atlanta,33.7627,-84.4224,5449398,71,33.76261238,-84.42220855,20.3885,16.63,24.63,2024-04-27
Atlanta,33.7627,-84.4224,5449398,71,33.76261238,-84.42220855,21.4658,16.36,27.11,2024-04-28
Atlanta,33.7627,-84.4224,5449398,71,33.76261238,-84.42220855,21.393,15.01,25.93,2024-04-29
Atlanta,33.7627,-84.4224,5449398,71,33.76261238,-84.42220855,21.5026,18.81,25.8,2024-04-30
Washington,38.9047,-77.0163,5379184,88,38.90465604,-77.01605042,12.4044,10.9968,14.7166,2024-04-01
Washington,38.9047,-77.0163,5379184,88,38.90465604,-77.01605042,10.3681,9.2368,12.9235,2024-04-02
Washington,38.9047,-77.0163,5379184,88,38.90465604,-77.01605042,9.4964,8.2312,11.8317,2024-04-03
Washington,38.9047,-77.0163,5379184,88,38.90465604,-77.01605042,8.0848,4.0388,13.6789,2024-04-04
Washington,38.9047,-77.0163,5379184,88,38.90465604,-77.01605042,8.0577,4.5909,13.7917,2024-04-05
Washington,38.9047,-77.0163,5379184,88,38.90465604,-77.01605042,9.9631,4.6476,13.9111,2024-04-06
Washington,38.9047,-77.0163,5379184,88,38.90465604,-77.01605042,12.464,5.0336,19.2769,2024-04-07
Washington,38.9047,-77.0163,5379184,88,38.90465604,-77.01605042,15.4836,4.4952,22.5619,2024-04-08
Washington,38.9047,-77.0163,5379184,88,38.90465604,-77.01605042,18.977,9.8596,26.9109,2024-04-09
Washington,38.9047,-77.0163,5379184,88,38.90465604,-77.01605042,21.477,16.4546,27.2765,2024-04-10
Washington,38.9047,-77.0163,5379184,88,38.90465604,-77.01605042,19.7208,17.1789,23.4675,2024-04-11
Washington,38.9047,-77.0163,5379184,88,38.90465604,-77.01605042,17.7288,15.4045,21.045,2024-04-12
Washington,38.9047,-77.0163,5379184,88,38.90465604,-77.01605042,15.9739,11.9071,20.5645,2024-04-13
Washington,38.9047,-77.0163,5379184,88,38.90465604,-77.01605042,20.8069,6.7455,28.691,2024-04-14
Washington,38.9047,-77.0163,5379184,88,38.90465604,-77.01605042,19.9088,11.9843,25.7023,2024-04-16
Washington,38.9047,-77.0163,5379184,88,38.90465604,-77.01605042,23.3712,16.8617,31.6242,2024-04-15
Washington,38.9047,-77.0163,5379184,88,38.90465604,-77.01605042,18.8621,13.6211,24.0933,2024-04-17
Washington,38.9047,-77.0163,5379184,88,38.90465604,-77.01605042,18.2334,14.1954,26.1719,2024-04-18
Washington,38.9047,-77.0163,5379184,88,38.90465604,-77.01605042,13.4011,11.5505,14.2821,2024-04-19
Washington,38.9047,-77.0163,5379184,88,38.90465604,-77.01605042,17.4242,13.641,24.0505,2024-04-20
Washington,38.9047,-77.0163,5379184,88,38.90465604,-77.01605042,10.2531,7.3636,14.3145,2024-04-21
Washington,38.9047,-77.0163,5379184,88,38.90465604,-77.01605042,11.7825,4.2425,18.5495,2024-04-22
Washington,38.9047,-77.0163,5379184,88,38.90465604,-77.01605042,15.6937,4.8713,23.2654,2024-04-23
Washington,38.9047,-77.0163,5379184,88,38.90465604,-77.01605042,18.4814,14.5717,24.1817,2024-04-24
Washington,38.9047,-77.0163,5379184,88,38.90465604,-77.01605042,13.2534,10.8373,16.8991,2024-04-25
Washington,38.9047,-77.0163,5379184,88,38.90465604,-77.01605042,13.6013,6.6313,19.4895,2024-04-26
Washington,38.9047,-77.0163,5379184,88,38.90465604,-77.01605042,14.3839,10.7345,16.2526,2024-04-27
Washington,38.9047,-77.0163,5379184,88,38.90465604,-77.01605042,22.1865,13.2291,30.6527,2024-04-28
Washington,38.9047,-77.0163,5379184,88,38.90465604,-77.01605042,25.7487,17.1938,33.6962,2024-04-29
Washington,38.9047,-77.0163,5379184,88,38.90465604,-77.01605042,23.7273,17.4707,31.1109,2024-04-30
Boston,42.3188,-71.0846,4688346,84,42.3186855,-71.08432691,7.4257,2.99,12.99,2024-04-01
Boston,42.3188,-71.0846,4688346,84,42.3186855,-71.08432691,6.3165,4.3491,10.75,2024-04-02
Boston,42.3188,-71.0846,4688346,84,42.3186855,-71.08432691,4.3123,3.31,7.01,2024-04-03
Boston,42.3188,-71.0846,4688346,84,42.3186855,-71.08432691,2.2475,1.7,3.34,2024-04-04
Boston,42.3188,-71.0846,4688346,84,42.3186855,-71.08432691,4.7087,1.6,7.68,2024-04-05
Boston,42.3188,-71.0846,4688346,84,42.3186855,-71.08432691,4.3238,2.6975,7.13,2024-04-06
Boston,42.3188,-71.0846,4688346,84,42.3186855,-71.08432691,4.8729,2.71,10.2,2024-04-07
Boston,42.3188,-71.0846,4688346,84,42.3186855,-71.08432691,11.8876,1.49,19.96,2024-04-08
Boston,42.3188,-71.0846,4688346,84,42.3186855,-71.08432691,9.1917,5.7609,15.97,2024-04-09
Boston,42.3188,-71.0846,4688346,84,42.3186855,-71.08432691,11.0944,4.29,17.5191,2024-04-10
Boston,42.3188,-71.0846,4688346,84,42.3186855,-71.08432691,8.7709,7.63,10.24,2024-04-11
Boston,42.3188,-71.0846,4688346,84,42.3186855,-71.08432691,13.6105,10.47,18.17,2024-04-12
Boston,42.3188,-71.0846,4688346,84,42.3186855,-71.08432691,9.8044,7.8,13.08,2024-04-13
Boston,42.3188,-71.0846,4688346,84,42.3186855,-71.08432691,11.0542,6.42,16.66,2024-04-14
Boston,42.3188,-71.0846,4688346,84,42.3186855,-71.08432691,15.1733,6.93,23.68,2024-04-15
Boston,42.3188,-71.0846,4688346,84,42.3186855,-71.08432691,14.4798,6.56,20.7807,2024-04-16
Boston,42.3188,-71.0846,4688346,84,42.3186855,-71.08432691,9.6592,5.6975,13.6,2024-04-17
Boston,42.3188,-71.0846,4688346,84,42.3186855,-71.08432691,7.6315,6.47,9.78,2024-04-18
Boston,42.3188,-71.0846,4688346,84,42.3186855,-71.08432691,10.0639,5.56,15.62,2024-04-19
Boston,42.3188,-71.0846,4688346,84,42.3186855,-71.08432691,10.9504,7.44,16.54,2024-04-20
Boston,42.3188,-71.0846,4688346,84,42.3186855,-71.08432691,8.2064,2.9606,13.43,2024-04-21
Boston,42.3188,-71.0846,4688346,84,42.3186855,-71.08432691,8.1027,2.99,14.78,2024-04-22
Boston,42.3188,-71.0846,4688346,84,42.3186855,-71.08432691,9.8283,3.1,18.83,2024-04-23
Boston,42.3188,-71.0846,4688346,84,42.3186855,-71.08432691,10.0681,5.0,19.94,2024-04-24
Boston,42.3188,-71.0846,4688346,84,42.3186855,-71.08432691,6.8114,-0.89,13.61,2024-04-25
Boston,42.3188,-71.0846,4688346,84,42.3186855,-71.08432691,7.8313,1.05,12.78,2024-04-26
Boston,42.3188,-71.0846,4688346,84,42.3186855,-71.08432691,12.0723,2.87,19.6407,2024-04-27
Boston,42.3188,-71.0846,4688346,84,42.3186855,-71.08432691,15.655,13.45,21.6397,2024-04-29
Boston,42.3188,-71.0846,4688346,84,42.3186855,-71.08432691,15.6408,7.24,21.11,2024-04-28
Boston,42.3188,-71.0846,4688346,84,42.3186855,-71.08432691,11.6976,10.12,15.93,2024-04-30
Phoenix,33.5722,-112.0891,4219697,151,33.57233621,-112.0894795,13.3737,8.35,17.3245,2024-04-01
Phoenix,33.5722,-112.0891,4219697,151,33.57233621,-112.0894795,16.9698,8.7123,23.2562,2024-04-02
Phoenix,33.5722,-112.0891,4219697,151,33.57233621,-112.0894795,19.6762,10.9497,26.6779,2024-04-03
Phoenix,33.5722,-112.0891,4219697,151,33.57233621,-112.0894795,21.7933,11.4082,29.4091,2024-04-04
Phoenix,33.5722,-112.0891,4219697,151,33.57233621,-112.0894795,15.586,10.9603,19.1232,2024-04-05
Phoenix,33.5722,-112.0891,4219697,151,33.57233621,-112.0894795,13.1069,7.0676,18.3406,2024-04-06
Phoenix,33.5722,-112.0891,4219697,151,33.57233621,-112.0894795,15.6447,6.86,22.0244,2024-04-07
Phoenix,33.5722,-112.0891,4219697,151,33.57233621,-112.0894795,16.2534,9.9256,22.2141,2024-04-08
Phoenix,33.5722,-112.0891,4219697,151,33.57233621,-112.0894795,19.6848,10.0718,27.1203,2024-04-09
Phoenix,33.5722,-112.0891,4219697,151,33.57233621,-112.0894795,20.8159,10.6829,29.5358,2024-04-10
Phoenix,33.5722,-112.0891,4219697,151,33.57233621,-112.0894795,24.2348,13.9215,33.1682,2024-04-11
Phoenix,33.5722,-112.0891,4219697,151,33.57233621,-112.0894795,24.694,15.0377,33.307,2024-04-12
Phoenix,33.5722,-112.0891,4219697,151,33.57233621,-112.0894795,22.9785,13.8732,30.415,2024-04-13
Phoenix,33.5722,-112.0891,4219697,151,33.57233621,-112.0894795,19.8284,12.1812,26.2959,2024-04-14
Phoenix,33.5722,-112.0891,4219697,151,33.57233621,-112.0894795,18.1743,11.0908,23.5325,2024-04-15
Phoenix,33.5722,-112.0891,4219697,151,33.57233621,-112.0894795,21.7679,11.4806,30.0744,2024-04-16
Phoenix,33.5722,-112.0891,4219697,151,33.57233621,-112.0894795,24.0652,13.2459,32.7144,2024-04-17
Phoenix,33.5722,-112.0891,4219697,151,33.57233621,-112.0894795,25.4177,13.8623,33.4253,2024-04-19
Phoenix,33.5722,-112.0891,4219697,151,33.57233621,-112.0894795,26.9576,17.7553,34.1638,2024-04-20
Phoenix,33.5722,-112.0891,4219697,151,33.57233621,-112.0894795,24.9557,14.2494,32.9335,2024-04-18
Phoenix,33.5722,-112.0891,4219697,151,33.57233621,-112.0894795,27.7043,16.5556,35.5951,2024-04-21
Phoenix,33.5722,-112.0891,4219697,151,33.57233621,-112.0894795,28.9336,17.9112,36.3809,2024-04-22
Phoenix,33.5722,-112.0891,4219697,151,33.57233621,-112.0894795,27.9323,18.7771,35.0229,2024-04-23
Phoenix,33.5722,-112.0891,4219697,151,33.57233621,-112.0894795,25.7037,15.7227,32.5679,2024-04-24
Phoenix,33.5722,-112.0891,4219697,151,33.57233621,-112.0894795,22.412,17.397,27.3873,2024-04-25
Phoenix,33.5722,-112.0891,4219697,151,33.57233621,-112.0894795,20.7036,15.4534,26.1462,2024-04-26
Phoenix,33.5722,-112.0891,4219697,151,33.57233621,-112.0894795,20.5234,14.0316,25.1303,2024-04-27
Phoenix,33.5722,-112.0891,4219697,151,33.57233621,-112.0894795,22.9878,13.2711,30.5217,2024-04-28
Phoenix,33.5722,-112.0891,4219697,151,33.57233621,-112.0894795,25.3965,14.41,32.9164,2024-04-29
Phoenix,33.5722,-112.0891,4219697,151,33.57233621,-112.0894795,26.6586,16.0794,34.4726,2024-04-30
Seattle,47.6211,-122.3244,3789215,93,47.62125105,-122.324254,10.4592,3.9799,15.3012,2024-04-01
Seattle,47.6211,-122.3244,3789215,93,47.62125105,-122.324254,11.9105,6.374,18.2371,2024-04-02
Seattle,47.6211,-122.3244,3789215,93,47.62125105,-122.324254,7.4354,4.6264,10.6134,2024-04-03
Seattle,47.6211,-122.3244,3789215,93,47.62125105,-122.324254,6.3755,2.9982,8.4893,2024-04-04
Seattle,47.6211,-122.3244,3789215,93,47.62125105,-122.324254,7.7004,3.8387,10.9946,2024-04-05
Seattle,47.6211,-122.3244,3789215,93,47.62125105,-122.324254,7.4317,5.1187,9.1411,2024-04-06
Seattle,47.6211,-122.3244,3789215,93,47.62125105,-122.324254,8.3097,4.6116,12.0646,2024-04-07
Seattle,47.6211,-122.3244,3789215,93,47.62125105,-122.324254,8.1783,4.1017,10.5301,2024-04-08
Seattle,47.6211,-122.3244,3789215,93,47.62125105,-122.324254,9.8319,6.6658,13.1552,2024-04-09
Seattle,47.6211,-122.3244,3789215,93,47.62125105,-122.324254,8.9566,3.3018,14.571,2024-04-10
Seattle,47.6211,-122.3244,3789215,93,47.62125105,-122.324254,9.0557,3.9876,13.1139,2024-04-11
Seattle,47.6211,-122.3244,3789215,93,47.62125105,-122.324254,9.6326,6.2117,13.657,2024-04-12
Seattle,47.6211,-122.3244,3789215,93,47.62125105,-122.324254,10.3529,4.2218,15.4911,2024-04-13
Seattle,47.6211,-122.3244,3789215,93,47.62125105,-122.324254,8.783,7.0035,11.147,2024-04-15
Seattle,47.6211,-122.3244,3789215,93,47.62125105,-122.324254,11.6245,4.0794,18.4557,2024-04-14
Seattle,47.6211,-122.3244,3789215,93,47.62125105,-122.324254,7.6909,4.1623,11.6781,2024-04-16
Seattle,47.6211,-122.3244,3789215,93,47.62125105,-122.324254,8.3726,1.3764,14.231,2024-04-17
Seattle,47.6211,-122.3244,3789215,93,47.62125105,-122.324254,9.7833,2.2418,15.9611,2024-04-18
Seattle,47.6211,-122.3244,3789215,93,47.62125105,-122.324254,11.0012,4.9711,21.121,2024-04-20
Seattle,47.6211,-122.3244,3789215,93,47.62125105,-122.324254,11.9172,3.2948,19.1014,2024-04-19
Seattle,47.6211,-122.3244,3789215,93,47.62125105,-122.324254,9.9086,5.2493,13.7346,2024-04-21
Seattle,47.6211,-122.3244,3789215,93,47.62125105,-122.324254,10.6492,4.4381,16.0733,2024-04-22
Seattle,47.6211,-122.3244,3789215,93,47.62125105,-122.324254,12.8165,5.3394,20.2403,2024-04-23
Seattle,47.6211,-122.3244,3789215,93,47.62125105,-122.324254,9.7358,6.2017,13.8121,2024-04-24
Seattle,47.6211,-122.3244,3789215,93,47.62125105,-122.324254,10.5602,7.8723,12.1776,2024-04-25
Seattle,47.6211,-122.3244,3789215,93,47.62125105,-122.324254,10.198,8.987,11.5683,2024-04-27
Seattle,47.6211,-122.3244,3789215,93,47.62125105,-122.324254,12.602,8.927,16.8529,2024-04-26
Seattle,47.6211,-122.3244,3789215,93,47.62125105,-122.324254,9.2569,6.6522,12.074,2024-04-28
Seattle,47.6211,-122.3244,3789215,93,47.62125105,-122.324254,7.9659,4.9217,11.9147,2024-04-29
Seattle,47.6211,-122.3244,3789215,93,47.62125105,-122.324254,8.7314,5.3322,13.3086,2024-04-30
San Francisco,37.7562,-122.443,3592294,90,37.75607083,-122.4426865,12.8105,6.92,20.55,2024-04-01
San Francisco,37.7562,-122.443,3592294,90,37.75607083,-122.4426865,12.4492,8.43,18.31,2024-04-02
San Francisco,37.7562,-122.443,3592294,90,37.75607083,-122.4426865,10.7769,7.84,14.23,2024-04-03
San Francisco,37.7562,-122.443,3592294,90,37.75607083,-122.4426865,7.5123,5.23,11.17,2024-04-04
San Francisco,37.7562,-122.443,3592294,90,37.75607083,-122.4426865,8.4765,4.59,12.58,2024-04-05
San Francisco,37.7562,-122.443,3592294,90,37.75607083,-122.4426865,9.6428,4.84,14.69,2024-04-06
San Francisco,37.7562,-122.443,3592294,90,37.75607083,-122.4426865,10.6758,5.76,15.46,2024-04-07
San Francisco,37.7562,-122.443,3592294,90,37.75607083,-122.4426865,12.4548,6.9798,19.0799,2024-04-08
San Francisco,37.7562,-122.443,3592294,90,37.75607083,-122.4426865,14.413,7.36,22.42,2024-04-10
San Francisco,37.7562,-122.443,3592294,90,37.75607083,-122.4426865,13.1372,8.23,19.86,2024-04-09
San Francisco,37.7562,-122.443,3592294,90,37.75607083,-122.4426865,13.4084,9.14,20.43,2024-04-11
San Francisco,37.7562,-122.443,3592294,90,37.75607083,-122.4426865,11.4335,8.38,14.36,2024-04-12
San Francisco,37.7562,-122.443,3592294,90,37.75607083,-122.4426865,9.4299,7.75,11.17,2024-04-13
San Francisco,37.7562,-122.443,3592294,90,37.75607083,-122.4426865,10.1446,6.7303,14.33,2024-04-14
San Francisco,37.7562,-122.443,3592294,90,37.75607083,-122.4426865,11.5999,7.24,15.91,2024-04-15
San Francisco,37.7562,-122.443,3592294,90,37.75607083,-122.4426865,14.9088,9.24,22.6061,2024-04-17
San Francisco,37.7562,-122.443,3592294,90,37.75607083,-122.4426865,13.2032,7.8,18.58,2024-04-16
San Francisco,37.7562,-122.443,3592294,90,37.75607083,-122.4426865,12.8084,8.82,20.7,2024-04-18
San Francisco,37.7562,-122.443,3592294,90,37.75607083,-122.4426865,11.9295,9.01,16.03,2024-04-19
San Francisco,37.7562,-122.443,3592294,90,37.75607083,-122.4426865,12.9661,8.11,17.53,2024-04-20
San Francisco,37.7562,-122.443,3592294,90,37.75607083,-122.4426865,15.0225,10.22,20.57,2024-04-21
San Francisco,37.7562,-122.443,3592294,90,37.75607083,-122.4426865,13.1461,10.3598,18.69,2024-04-22
San Francisco,37.7562,-122.443,3592294,90,37.75607083,-122.4426865,13.1973,10.09,16.98,2024-04-23
San Francisco,37.7562,-122.443,3592294,90,37.75607083,-122.4426865,13.0846,10.59,17.08,2024-04-24
San Francisco,37.7562,-122.443,3592294,90,37.75607083,-122.4426865,12.8434,10.29,16.4302,2024-04-25
San Francisco,37.7562,-122.443,3592294,90,37.75607083,-122.4426865,13.1241,10.21,16.85,2024-04-26
San Francisco,37.7562,-122.443,3592294,90,37.75607083,-122.4426865,12.6753,8.47,17.85,2024-04-27
San Francisco,37.7562,-122.443,3592294,90,37.75607083,-122.4426865,13.3721,10.05,17.92,2024-04-28
San Francisco,37.7562,-122.443,3592294,90,37.75607083,-122.4426865,13.1233,9.13,18.52,2024-04-29
Detroit,42.3834,-83.1024,3506126,97,42.38328621,-83.10237227,6.5513,2.9536,12.8512,2024-04-01
San Francisco,37.7562,-122.443,3592294,90,37.75607083,-122.4426865,12.6998,7.92,18.22,2024-04-30
Detroit,42.3834,-83.1024,3506126,97,42.38328621,-83.10237227,7.4666,5.2132,9.0071,2024-04-02
Detroit,42.3834,-83.1024,3506126,97,42.38328621,-83.10237227,6.0394,3.6136,9.2089,2024-04-03
Detroit,42.3834,-83.1024,3506126,97,42.38328621,-83.10237227,5.2493,2.0391,8.4247,2024-04-05
Detroit,42.3834,-83.1024,3506126,97,42.38328621,-83.10237227,5.8068,2.718,9.8185,2024-04-04
Detroit,42.3834,-83.1024,3506126,97,42.38328621,-83.10237227,8.5016,4.0436,14.9137,2024-04-06
Detroit,42.3834,-83.1024,3506126,97,42.38328621,-83.10237227,8.5349,0.6671,15.0555,2024-04-07
Detroit,42.3834,-83.1024,3506126,97,42.38328621,-83.10237227,14.035,7.4756,21.2631,2024-04-08
Detroit,42.3834,-83.1024,3506126,97,42.38328621,-83.10237227,17.8652,7.8791,25.5411,2024-04-09
Detroit,42.3834,-83.1024,3506126,97,42.38328621,-83.10237227,13.8983,7.7573,18.7986,2024-04-10
Detroit,42.3834,-83.1024,3506126,97,42.38328621,-83.10237227,11.5209,9.06,16.9582,2024-04-11
Detroit,42.3834,-83.1024,3506126,97,42.38328621,-83.10237227,8.8581,7.8093,10.9087,2024-04-12
Detroit,42.3834,-83.1024,3506126,97,42.38328621,-83.10237227,12.0232,5.1026,17.3546,2024-04-13
Detroit,42.3834,-83.1024,3506126,97,42.38328621,-83.10237227,18.731,8.9427,27.0419,2024-04-14
Detroit,42.3834,-83.1024,3506126,97,42.38328621,-83.10237227,13.8139,7.9646,21.5205,2024-04-15
Detroit,42.3834,-83.1024,3506126,97,42.38328621,-83.10237227,14.0053,6.0293,19.9692,2024-04-16
Detroit,42.3834,-83.1024,3506126,97,42.38328621,-83.10237227,15.5425,11.8919,23.9893,2024-04-17
Detroit,42.3834,-83.1024,3506126,97,42.38328621,-83.10237227,15.101,10.612,20.9953,2024-04-18
Detroit,42.3834,-83.1024,3506126,97,42.38328621,-83.10237227,11.0489,8.1398,15.8108,2024-04-19
Detroit,42.3834,-83.1024,3506126,97,42.38328621,-83.10237227,5.8959,3.7326,8.4982,2024-04-20
Detroit,42.3834,-83.1024,3506126,97,42.38328621,-83.10237227,7.9262,2.6007,12.6901,2024-04-21
Detroit,42.3834,-83.1024,3506126,97,42.38328621,-83.10237227,11.9962,2.2871,18.4181,2024-04-22
Detroit,42.3834,-83.1024,3506126,97,42.38328621,-83.10237227,11.5617,9.8019,15.2809,2024-04-23
Detroit,42.3834,-83.1024,3506126,97,42.38328621,-83.10237227,6.2372,-0.7964,12.561,2024-04-25
Detroit,42.3834,-83.1024,3506126,97,42.38328621,-83.10237227,5.4209,1.5862,10.0482,2024-04-24
Detroit,42.3834,-83.1024,3506126,97,42.38328621,-83.10237227,11.4663,2.6509,18.3774,2024-04-26
Detroit,42.3834,-83.1024,3506126,97,42.38328621,-83.10237227,21.5317,11.1391,28.2565,2024-04-27
Detroit,42.3834,-83.1024,3506126,97,42.38328621,-83.10237227,20.4504,15.7739,27.2326,2024-04-28
Detroit,42.3834,-83.1024,3506126,97,42.38328621,-83.10237227,19.0511,13.3575,28.8709,2024-04-29
Detroit,42.3834,-83.1024,3506126,97,42.38328621,-83.10237227,17.7129,13.8071,23.1369,2024-04-30
San Diego,32.8312,-117.1225,3220118,144,32.8308461,-117.1222874,13.9536,8.7493,19.7366,2024-04-01
San Diego,32.8312,-117.1225,3220118,144,32.8308461,-117.1222874,15.4874,8.7234,22.6036,2024-04-02
San Diego,32.8312,-117.1225,3220118,144,32.8308461,-117.1222874,16.1263,9.8929,24.5881,2024-04-03
San Diego,32.8312,-117.1225,3220118,144,32.8308461,-117.1222874,11.1985,8.6861,14.5008,2024-04-05
San Diego,32.8312,-117.1225,3220118,144,32.8308461,-117.1222874,14.2258,11.1678,18.4645,2024-04-04
San Diego,32.8312,-117.1225,3220118,144,32.8308461,-117.1222874,12.0411,6.5479,17.8048,2024-04-06
San Diego,32.8312,-117.1225,3220118,144,32.8308461,-117.1222874,12.9125,7.383,18.5809,2024-04-07
San Diego,32.8312,-117.1225,3220118,144,32.8308461,-117.1222874,13.2172,7.251,18.5504,2024-04-08
San Diego,32.8312,-117.1225,3220118,144,32.8308461,-117.1222874,16.6074,8.771,24.5178,2024-04-09
San Diego,32.8312,-117.1225,3220118,144,32.8308461,-117.1222874,17.0114,9.4018,25.3844,2024-04-10
San Diego,32.8312,-117.1225,3220118,144,32.8308461,-117.1222874,16.1269,11.2692,25.3129,2024-04-11
San Diego,32.8312,-117.1225,3220118,144,32.8308461,-117.1222874,14.6712,10.532,17.4529,2024-04-12
San Diego,32.8312,-117.1225,3220118,144,32.8308461,-117.1222874,15.4137,11.5627,20.1829,2024-04-13
San Diego,32.8312,-117.1225,3220118,144,32.8308461,-117.1222874,14.6747,10.1016,20.0586,2024-04-15
San Diego,32.8312,-117.1225,3220118,144,32.8308461,-117.1222874,13.7204,7.8892,18.3995,2024-04-14
San Diego,32.8312,-117.1225,3220118,144,32.8308461,-117.1222874,16.1852,9.1319,24.1817,2024-04-16
San Diego,32.8312,-117.1225,3220118,144,32.8308461,-117.1222874,16.4863,10.0407,24.2356,2024-04-17
San Diego,32.8312,-117.1225,3220118,144,32.8308461,-117.1222874,16.2034,9.7791,23.8398,2024-04-18
San Diego,32.8312,-117.1225,3220118,144,32.8308461,-117.1222874,16.3791,13.5059,21.126,2024-04-19
San Diego,32.8312,-117.1225,3220118,144,32.8308461,-117.1222874,16.3401,13.4086,22.449,2024-04-20
San Diego,32.8312,-117.1225,3220118,144,32.8308461,-117.1222874,16.7993,13.4417,22.1019,2024-04-21
San Diego,32.8312,-117.1225,3220118,144,32.8308461,-117.1222874,15.8608,14.262,18.2176,2024-04-22
San Diego,32.8312,-117.1225,3220118,144,32.8308461,-117.1222874,15.7753,12.9767,18.719,2024-04-23
San Diego,32.8312,-117.1225,3220118,144,32.8308461,-117.1222874,15.903,13.1196,20.0927,2024-04-24
San Diego,32.8312,-117.1225,3220118,144,32.8308461,-117.1222874,15.6175,13.1148,19.1647,2024-04-25
San Diego,32.8312,-117.1225,3220118,144,32.8308461,-117.1222874,15.7818,12.6734,18.5451,2024-04-26
San Diego,32.8312,-117.1225,3220118,144,32.8308461,-117.1222874,16.3855,12.5927,20.6002,2024-04-27
San Diego,32.8312,-117.1225,3220118,144,32.8308461,-117.1222874,16.5222,9.3692,23.0889,2024-04-28
San Diego,32.8312,-117.1225,3220118,144,32.8308461,-117.1222874,16.9947,10.6502,23.4361,2024-04-29
San Diego,32.8312,-117.1225,3220118,144,32.8308461,-117.1222874,17.1602,12.0999,23.1881,2024-04-30
Minneapolis,44.9635,-93.2678,2977172,105,44.96379268,-93.26743139,5.1459,0.5707,7.7998,2024-04-01
Minneapolis,44.9635,-93.2678,2977172,105,44.96379268,-93.26743139,3.291,1.6989,5.3307,2024-04-02
Minneapolis,44.9635,-93.2678,2977172,105,44.96379268,-93.26743139,5.8451,1.4768,10.5409,2024-04-03
Minneapolis,44.9635,-93.2678,2977172,105,44.96379268,-93.26743139,6.4084,0.4454,11.457,2024-04-04
Minneapolis,44.9635,-93.2678,2977172,105,44.96379268,-93.26743139,8.2396,-0.4836,14.6816,2024-04-05
Minneapolis,44.9635,-93.2678,2977172,105,44.96379268,-93.26743139,9.5628,1.8233,15.2749,2024-04-06
Minneapolis,44.9635,-93.2678,2977172,105,44.96379268,-93.26743139,5.9456,5.0794,8.1721,2024-04-07
Minneapolis,44.9635,-93.2678,2977172,105,44.96379268,-93.26743139,10.9336,4.9527,16.3214,2024-04-09
Minneapolis,44.9635,-93.2678,2977172,105,44.96379268,-93.26743139,7.8163,5.8569,9.4323,2024-04-08
Minneapolis,44.9635,-93.2678,2977172,105,44.96379268,-93.26743139,13.2596,5.7694,21.1317,2024-04-10
Minneapolis,44.9635,-93.2678,2977172,105,44.96379268,-93.26743139,11.0049,6.4424,16.402,2024-04-11
Minneapolis,44.9635,-93.2678,2977172,105,44.96379268,-93.26743139,10.9412,5.8451,15.942,2024-04-12
Minneapolis,44.9635,-93.2678,2977172,105,44.96379268,-93.26743139,19.8334,3.4766,30.4336,2024-04-13
Minneapolis,44.9635,-93.2678,2977172,105,44.96379268,-93.26743139,15.8159,8.0152,21.4884,2024-04-14
Minneapolis,44.9635,-93.2678,2977172,105,44.96379268,-93.26743139,14.7233,7.9595,19.3454,2024-04-15
Minneapolis,44.9635,-93.2678,2977172,105,44.96379268,-93.26743139,10.6759,8.4894,13.8033,2024-04-16
Minneapolis,44.9635,-93.2678,2977172,105,44.96379268,-93.26743139,9.2654,7.2107,12.1522,2024-04-17
Minneapolis,44.9635,-93.2678,2977172,105,44.96379268,-93.26743139,7.3807,4.8357,11.5652,2024-04-18
Minneapolis,44.9635,-93.2678,2977172,105,44.96379268,-93.26743139,2.2502,0.7571,3.9631,2024-04-19
Minneapolis,44.9635,-93.2678,2977172,105,44.96379268,-93.26743139,4.4312,-0.4364,9.0955,2024-04-20
Minneapolis,44.9635,-93.2678,2977172,105,44.96379268,-93.26743139,9.3509,0.3327,16.0248,2024-04-21
Minneapolis,44.9635,-93.2678,2977172,105,44.96379268,-93.26743139,13.6729,3.8906,21.068,2024-04-22
Minneapolis,44.9635,-93.2678,2977172,105,44.96379268,-93.26743139,9.9053,6.4767,16.1795,2024-04-23
Minneapolis,44.9635,-93.2678,2977172,105,44.96379268,-93.26743139,9.936,1.3177,15.5533,2024-04-24
Minneapolis,44.9635,-93.2678,2977172,105,44.96379268,-93.26743139,14.1956,5.8911,20.7533,2024-04-25
Minneapolis,44.9635,-93.2678,2977172,105,44.96379268,-93.26743139,10.4709,8.4327,12.6989,2024-04-26
Minneapolis,44.9635,-93.2678,2977172,105,44.96379268,-93.26743139,12.5506,10.0633,14.3921,2024-04-27
Minneapolis,44.9635,-93.2678,2977172,105,44.96379268,-93.26743139,8.4329,7.5432,11.1315,2024-04-28
Minneapolis,44.9635,-93.2678,2977172,105,44.96379268,-93.26743139,8.1927,6.5111,10.5939,2024-04-29
Minneapolis,44.9635,-93.2678,2977172,105,44.96379268,-93.26743139,13.803,5.6101,21.5965,2024-04-30
Tampa,27.9942,-82.4451,2908063,57,27.99383721,-82.44530138,23.0542,17.6358,29.5178,2024-04-01
Tampa,27.9942,-82.4451,2908063,57,27.99383721,-82.44530138,22.1685,18.7891,28.6906,2024-04-03
Tampa,27.9942,-82.4451,2908063,57,27.99383721,-82.44530138,24.8001,18.8969,30.9303,2024-04-02
Tampa,27.9942,-82.4451,2908063,57,27.99383721,-82.44530138,20.1932,16.2337,25.4901,2024-04-04
Tampa,27.9942,-82.4451,2908063,57,27.99383721,-82.44530138,20.2025,13.5053,26.8497,2024-04-05
Tampa,27.9942,-82.4451,2908063,57,27.99383721,-82.44530138,19.8429,12.375,27.5871,2024-04-07
Tampa,27.9942,-82.4451,2908063,57,27.99383721,-82.44530138,18.8836,14.8967,26.0549,2024-04-06
Tampa,27.9942,-82.4451,2908063,57,27.99383721,-82.44530138,21.84,13.281,28.3641,2024-04-08
Tampa,27.9942,-82.4451,2908063,57,27.99383721,-82.44530138,24.1398,17.3994,29.4349,2024-04-09
Tampa,27.9942,-82.4451,2908063,57,27.99383721,-82.44530138,25.6291,19.8061,31.3007,2024-04-10
Tampa,27.9942,-82.4451,2908063,57,27.99383721,-82.44530138,23.8232,21.5938,28.8865,2024-04-11
Tampa,27.9942,-82.4451,2908063,57,27.99383721,-82.44530138,21.2508,15.2201,27.1084,2024-04-12
Tampa,27.9942,-82.4451,2908063,57,27.99383721,-82.44530138,20.5019,14.2454,27.8152,2024-04-13
Tampa,27.9942,-82.4451,2908063,57,27.99383721,-82.44530138,21.5129,12.0822,29.5081,2024-04-14
Tampa,27.9942,-82.4451,2908063,57,27.99383721,-82.44530138,23.6706,15.372,30.9713,2024-04-15
Tampa,27.9942,-82.4451,2908063,57,27.99383721,-82.44530138,24.7674,16.3511,31.1726,2024-04-16
Tampa,27.9942,-82.4451,2908063,57,27.99383721,-82.44530138,24.72,18.6252,31.9986,2024-04-17
Tampa,27.9942,-82.4451,2908063,57,27.99383721,-82.44530138,25.0647,19.923,31.9987,2024-04-18
Tampa,27.9942,-82.4451,2908063,57,27.99383721,-82.44530138,25.5837,20.1677,32.0584,2024-04-19
Tampa,27.9942,-82.4451,2908063,57,27.99383721,-82.44530138,25.44,20.1027,31.6901,2024-04-20
Tampa,27.9942,-82.4451,2908063,57,27.99383721,-82.44530138,25.5294,20.7256,30.4598,2024-04-21
Tampa,27.9942,-82.4451,2908063,57,27.99383721,-82.44530138,22.4409,19.5966,27.2311,2024-04-22
Tampa,27.9942,-82.4451,2908063,57,27.99383721,-82.44530138,21.406,13.9779,27.68,2024-04-23
Tampa,27.9942,-82.4451,2908063,57,27.99383721,-82.44530138,22.4337,14.971,29.4578,2024-04-24
Tampa,27.9942,-82.4451,2908063,57,27.99383721,-82.44530138,23.6444,16.5124,30.4848,2024-04-25
Tampa,27.9942,-82.4451,2908063,57,27.99383721,-82.44530138,25.2307,17.3997,31.5253,2024-04-26
Tampa,27.9942,-82.4451,2908063,57,27.99383721,-82.44530138,24.3876,18.8903,31.5326,2024-04-27
Tampa,27.9942,-82.4451,2908063,57,27.99383721,-82.44530138,24.5131,19.2028,30.9307,2024-04-28
Tampa,27.9942,-82.4451,2908063,57,27.99383721,-82.44530138,25.7109,17.6754,31.2893,2024-04-29
Tampa,27.9942,-82.4451,2908063,57,27.99383721,-82.44530138,25.6605,21.6579,32.123,2024-04-30
Denver,39.7621,-104.8759,2876625,104,39.76179215,-104.8755005,4.5446,2.4812,8.9561,2024-04-01
Denver,39.7621,-104.8759,2876625,104,39.76179215,-104.8755005,6.8322,-0.1987,12.8915,2024-04-02
Denver,39.7621,-104.8759,2876625,104,39.76179215,-104.8755005,10.915,2.3989,18.8472,2024-04-03
Denver,39.7621,-104.8759,2876625,104,39.76179215,-104.8755005,12.7159,1.6096,21.7499,2024-04-04
Denver,39.7621,-104.8759,2876625,104,39.76179215,-104.8755005,14.0532,6.2721,22.2199,2024-04-05
Denver,39.7621,-104.8759,2876625,104,39.76179215,-104.8755005,6.0495,2.4024,10.242,2024-04-06
Denver,39.7621,-104.8759,2876625,104,39.76179215,-104.8755005,5.9767,0.4958,11.6305,2024-04-07
Denver,39.7621,-104.8759,2876625,104,39.76179215,-104.8755005,6.269,-0.4219,12.0861,2024-04-08
Denver,39.7621,-104.8759,2876625,104,39.76179215,-104.8755005,7.7597,-0.7204,14.2616,2024-04-09
Denver,39.7621,-104.8759,2876625,104,39.76179215,-104.8755005,7.9208,2.8286,13.5269,2024-04-10
Denver,39.7621,-104.8759,2876625,104,39.76179215,-104.8755005,8.6388,1.6208,14.9699,2024-04-11
Denver,39.7621,-104.8759,2876625,104,39.76179215,-104.8755005,13.5782,3.3659,22.7208,2024-04-12
Denver,39.7621,-104.8759,2876625,104,39.76179215,-104.8755005,15.3187,7.2358,22.7434,2024-04-13
Denver,39.7621,-104.8759,2876625,104,39.76179215,-104.8755005,16.3817,4.8572,25.5837,2024-04-14
Denver,39.7621,-104.8759,2876625,104,39.76179215,-104.8755005,12.0234,4.3281,21.4325,2024-04-15
Denver,39.7621,-104.8759,2876625,104,39.76179215,-104.8755005,11.5704,6.0824,18.0521,2024-04-16
Denver,39.7621,-104.8759,2876625,104,39.76179215,-104.8755005,11.5419,4.57,21.1306,2024-04-17
Denver,39.7621,-104.8759,2876625,104,39.76179215,-104.8755005,1.3634,0.2111,3.2894,2024-04-18
Denver,39.7621,-104.8759,2876625,104,39.76179215,-104.8755005,1.7004,0.2004,4.4619,2024-04-19
Denver,39.7621,-104.8759,2876625,104,39.76179215,-104.8755005,0.6607,-0.5427,2.1576,2024-04-20
Denver,39.7621,-104.8759,2876625,104,39.76179215,-104.8755005,8.9599,0.5086,17.7976,2024-04-21
Denver,39.7621,-104.8759,2876625,104,39.76179215,-104.8755005,15.635,5.6052,22.9486,2024-04-22
Denver,39.7621,-104.8759,2876625,104,39.76179215,-104.8755005,11.1434,3.7727,16.6896,2024-04-23
Denver,39.7621,-104.8759,2876625,104,39.76179215,-104.8755005,14.9695,3.6378,23.9986,2024-04-24
Denver,39.7621,-104.8759,2876625,104,39.76179215,-104.8755005,13.1205,6.5407,21.8301,2024-04-25
Denver,39.7621,-104.8759,2876625,104,39.76179215,-104.8755005,11.3201,7.42,19.1471,2024-04-26
Denver,39.7621,-104.8759,2876625,104,39.76179215,-104.8755005,4.4449,2.3818,7.1495,2024-04-27
Denver,39.7621,-104.8759,2876625,104,39.76179215,-104.8755005,9.2701,3.2513,15.9513,2024-04-28
Denver,39.7621,-104.8759,2876625,104,39.76179215,-104.8755005,12.1666,3.4286,18.7434,2024-04-29
Denver,39.7621,-104.8759,2876625,104,39.76179215,-104.8755005,13.8418,6.1499,20.6107,2024-04-30
Brooklyn,40.6501,-73.9496,2559903,130,40.65043259,-73.95001654,9.6968,7.8733,12.5975,2024-04-01
Brooklyn,40.6501,-73.9496,2559903,130,40.65043259,-73.95001654,7.5531,6.5789,9.6785,2024-04-02
Brooklyn,40.6501,-73.9496,2559903,130,40.65043259,-73.95001654,5.9281,4.9629,7.0486,2024-04-03
Brooklyn,40.6501,-73.9496,2559903,130,40.65043259,-73.95001654,6.0068,3.5748,9.412,2024-04-04
Brooklyn,40.6501,-73.9496,2559903,130,40.65043259,-73.95001654,6.6078,3.7326,9.9278,2024-04-05
Brooklyn,40.6501,-73.9496,2559903,130,40.65043259,-73.95001654,8.1082,4.3249,12.4966,2024-04-06
Brooklyn,40.6501,-73.9496,2559903,130,40.65043259,-73.95001654,8.6936,3.9159,15.4323,2024-04-07
Brooklyn,40.6501,-73.9496,2559903,130,40.65043259,-73.95001654,11.312,3.8364,18.9816,2024-04-08
Brooklyn,40.6501,-73.9496,2559903,130,40.65043259,-73.95001654,15.6173,8.2633,24.3389,2024-04-09
Brooklyn,40.6501,-73.9496,2559903,130,40.65043259,-73.95001654,12.512,8.7101,18.9195,2024-04-10
Brooklyn,40.6501,-73.9496,2559903,130,40.65043259,-73.95001654,14.0247,9.5268,17.26,2024-04-11
Brooklyn,40.6501,-73.9496,2559903,130,40.65043259,-73.95001654,11.4455,9.3675,13.2846,2024-04-13
Brooklyn,40.6501,-73.9496,2559903,130,40.65043259,-73.95001654,15.334,13.9972,18.0749,2024-04-12
Brooklyn,40.6501,-73.9496,2559903,130,40.65043259,-73.95001654,15.4072,7.6327,22.9332,2024-04-14
Brooklyn,40.6501,-73.9496,2559903,130,40.65043259,-73.95001654,19.7461,13.4664,28.5811,2024-04-15
Brooklyn,40.6501,-73.9496,2559903,130,40.65043259,-73.95001654,16.0091,9.7663,22.8739,2024-04-16
Brooklyn,40.6501,-73.9496,2559903,130,40.65043259,-73.95001654,11.4422,9.5126,16.0652,2024-04-17
Brooklyn,40.6501,-73.9496,2559903,130,40.65043259,-73.95001654,8.4265,7.3311,10.0597,2024-04-18
Brooklyn,40.6501,-73.9496,2559903,130,40.65043259,-73.95001654,9.473,6.0398,13.7846,2024-04-19
Brooklyn,40.6501,-73.9496,2559903,130,40.65043259,-73.95001654,13.2933,9.1141,21.0585,2024-04-20
Brooklyn,40.6501,-73.9496,2559903,130,40.65043259,-73.95001654,8.6379,4.4667,12.5485,2024-04-21
Brooklyn,40.6501,-73.9496,2559903,130,40.65043259,-73.95001654,9.5731,3.8345,17.2045,2024-04-22
Brooklyn,40.6501,-73.9496,2559903,130,40.65043259,-73.95001654,9.8043,5.083,16.4675,2024-04-23
Brooklyn,40.6501,-73.9496,2559903,130,40.65043259,-73.95001654,14.4155,8.0967,21.6937,2024-04-24
Brooklyn,40.6501,-73.9496,2559903,130,40.65043259,-73.95001654,7.8435,5.5927,13.1305,2024-04-25
Brooklyn,40.6501,-73.9496,2559903,130,40.65043259,-73.95001654,9.2637,3.6704,15.5237,2024-04-26
Brooklyn,40.6501,-73.9496,2559903,130,40.65043259,-73.95001654,10.5285,4.9334,16.0953,2024-04-27
Brooklyn,40.6501,-73.9496,2559903,130,40.65043259,-73.95001654,16.6084,10.3,24.008,2024-04-28
Brooklyn,40.6501,-73.9496,2559903,130,40.65043259,-73.95001654,20.2404,16.791,30.257,2024-04-29
Brooklyn,40.6501,-73.9496,2559903,130,40.65043259,-73.95001654,14.4064,11.503,19.3089,2024-04-30
Queens,40.7498,-73.7976,2230722,76,40.7498672,-73.79716595,9.7704,7.9608,11.8318,2024-04-01
Queens,40.7498,-73.7976,2230722,76,40.7498672,-73.79716595,7.672,6.555,10.3958,2024-04-02
Queens,40.7498,-73.7976,2230722,76,40.7498672,-73.79716595,5.9078,5.1239,7.0009,2024-04-03
Queens,40.7498,-73.7976,2230722,76,40.7498672,-73.79716595,5.8593,3.7644,8.9446,2024-04-04
Queens,40.7498,-73.7976,2230722,76,40.7498672,-73.79716595,6.6112,3.6351,9.5719,2024-04-05
Queens,40.7498,-73.7976,2230722,76,40.7498672,-73.79716595,7.9629,4.5423,12.4615,2024-04-06
Queens,40.7498,-73.7976,2230722,76,40.7498672,-73.79716595,9.0661,4.3882,14.519,2024-04-07
Queens,40.7498,-73.7976,2230722,76,40.7498672,-73.79716595,11.638,3.7482,18.8397,2024-04-08
Queens,40.7498,-73.7976,2230722,76,40.7498672,-73.79716595,15.5427,8.6066,24.9334,2024-04-09
Queens,40.7498,-73.7976,2230722,76,40.7498672,-73.79716595,12.8778,9.283,19.0637,2024-04-10
Queens,40.7498,-73.7976,2230722,76,40.7498672,-73.79716595,14.8357,9.3987,18.4619,2024-04-11
Queens,40.7498,-73.7976,2230722,76,40.7498672,-73.79716595,15.224,13.587,17.3454,2024-04-12
Queens,40.7498,-73.7976,2230722,76,40.7498672,-73.79716595,10.9585,9.4087,12.985,2024-04-13
Queens,40.7498,-73.7976,2230722,76,40.7498672,-73.79716595,14.0175,6.8343,20.0409,2024-04-14
Queens,40.7498,-73.7976,2230722,76,40.7498672,-73.79716595,18.3898,13.544,27.9099,2024-04-15
Queens,40.7498,-73.7976,2230722,76,40.7498672,-73.79716595,11.4858,9.3379,16.5095,2024-04-17
Queens,40.7498,-73.7976,2230722,76,40.7498672,-73.79716595,15.6929,9.544,22.6309,2024-04-16
Queens,40.7498,-73.7976,2230722,76,40.7498672,-73.79716595,8.3548,7.5498,9.8049,2024-04-18
Queens,40.7498,-73.7976,2230722,76,40.7498672,-73.79716595,9.9892,6.9898,14.5165,2024-04-19
Queens,40.7498,-73.7976,2230722,76,40.7498672,-73.79716595,13.0339,9.1039,19.7417,2024-04-20
Queens,40.7498,-73.7976,2230722,76,40.7498672,-73.79716595,8.7885,4.3763,12.4701,2024-04-21
Queens,40.7498,-73.7976,2230722,76,40.7498672,-73.79716595,10.3129,4.9652,17.2316,2024-04-23
Queens,40.7498,-73.7976,2230722,76,40.7498672,-73.79716595,9.8599,3.6993,16.8812,2024-04-22
Queens,40.7498,-73.7976,2230722,76,40.7498672,-73.79716595,14.7769,8.524,21.4562,2024-04-24
Queens,40.7498,-73.7976,2230722,76,40.7498672,-73.79716595,8.2992,5.1946,14.0569,2024-04-25
Queens,40.7498,-73.7976,2230722,76,40.7498672,-73.79716595,10.8138,4.7568,16.0336,2024-04-27
Queens,40.7498,-73.7976,2230722,76,40.7498672,-73.79716595,9.4436,4.0892,16.0669,2024-04-26
Queens,40.7498,-73.7976,2230722,76,40.7498672,-73.79716595,16.8322,10.5391,24.6593,2024-04-28
Queens,40.7498,-73.7976,2230722,76,40.7498672,-73.79716595,21.4367,16.9559,31.2922,2024-04-29
Riverside,33.9381,-117.3948,2107852,103,33.93827689,-117.3949844,14.5237,6.43,22.21,2024-04-01
Queens,40.7498,-73.7976,2230722,76,40.7498672,-73.79716595,14.1649,10.988,19.226,2024-04-30
Riverside,33.9381,-117.3948,2107852,103,33.93827689,-117.3949844,17.5655,8.39,26.4,2024-04-02
Riverside,33.9381,-117.3948,2107852,103,33.93827689,-117.3949844,17.7055,9.34,26.98,2024-04-03
Riverside,33.9381,-117.3948,2107852,103,33.93827689,-117.3949844,13.4237,9.79,18.602,2024-04-04
Riverside,33.9381,-117.3948,2107852,103,33.93827689,-117.3949844,9.9781,6.71,14.49,2024-04-05
Riverside,33.9381,-117.3948,2107852,103,33.93827689,-117.3949844,11.9916,4.25,18.72,2024-04-06
Riverside,33.9381,-117.3948,2107852,103,33.93827689,-117.3949844,12.9541,4.87,20.6,2024-04-07
Riverside,33.9381,-117.3948,2107852,103,33.93827689,-117.3949844,18.1564,8.56,26.79,2024-04-09
Riverside,33.9381,-117.3948,2107852,103,33.93827689,-117.3949844,15.2483,6.01,22.87,2024-04-08
Riverside,33.9381,-117.3948,2107852,103,33.93827689,-117.3949844,20.4119,9.21,30.97,2024-04-10
Riverside,33.9381,-117.3948,2107852,103,33.93827689,-117.3949844,21.5223,10.64,33.37,2024-04-11
Riverside,33.9381,-117.3948,2107852,103,33.93827689,-117.3949844,14.1801,9.48,19.93,2024-04-13
Riverside,33.9381,-117.3948,2107852,103,33.93827689,-117.3949844,15.2392,10.55,19.89,2024-04-12
Riverside,33.9381,-117.3948,2107852,103,33.93827689,-117.3949844,11.5727,6.07,16.6509,2024-04-14
Riverside,33.9381,-117.3948,2107852,103,33.93827689,-117.3949844,15.7259,8.83,21.5,2024-04-15
Riverside,33.9381,-117.3948,2107852,103,33.93827689,-117.3949844,19.3932,9.03,30.44,2024-04-16
Riverside,33.9381,-117.3948,2107852,103,33.93827689,-117.3949844,19.6719,9.73,30.64,2024-04-17
Riverside,33.9381,-117.3948,2107852,103,33.93827689,-117.3949844,18.2049,11.57,26.32,2024-04-18
Riverside,33.9381,-117.3948,2107852,103,33.93827689,-117.3949844,16.9515,11.41,22.6198,2024-04-19
Riverside,33.9381,-117.3948,2107852,103,33.93827689,-117.3949844,20.1107,11.1198,32.0,2024-04-21
Riverside,33.9381,-117.3948,2107852,103,33.93827689,-117.3949844,17.9786,11.14,25.04,2024-04-20
Riverside,33.9381,-117.3948,2107852,103,33.93827689,-117.3949844,17.784,13.47,26.63,2024-04-22
Riverside,33.9381,-117.3948,2107852,103,33.93827689,-117.3949844,17.0484,12.9599,22.29,2024-04-23
Riverside,33.9381,-117.3948,2107852,103,33.93827689,-117.3949844,16.1135,11.24,22.18,2024-04-24
Riverside,33.9381,-117.3948,2107852,103,33.93827689,-117.3949844,15.5124,12.21,20.71,2024-04-25
Riverside,33.9381,-117.3948,2107852,103,33.93827689,-117.3949844,15.1521,11.05,18.6799,2024-04-26
Riverside,33.9381,-117.3948,2107852,103,33.93827689,-117.3949844,17.1475,10.79,24.46,2024-04-27
Riverside,33.9381,-117.3948,2107852,103,33.93827689,-117.3949844,18.4267,8.61,27.13,2024-04-28
Riverside,33.9381,-117.3948,2107852,103,33.93827689,-117.3949844,20.1595,11.38,29.49,2024-04-29
Riverside,33.9381,-117.3948,2107852,103,33.93827689,-117.3949844,19.5918,11.96,29.34,2024-04-30
Baltimore,39.3051,-76.6144,2106068,100,39.30494518,-76.61405492,11.6066,10.2295,13.2224,2024-04-01
Baltimore,39.3051,-76.6144,2106068,100,39.30494518,-76.61405492,9.6379,8.8356,11.1903,2024-04-02
Baltimore,39.3051,-76.6144,2106068,100,39.30494518,-76.61405492,7.4868,4.9876,12.5579,2024-04-04
Baltimore,39.3051,-76.6144,2106068,100,39.30494518,-76.61405492,8.7364,7.7695,10.7195,2024-04-03
Baltimore,39.3051,-76.6144,2106068,100,39.30494518,-76.61405492,6.9332,4.8653,11.9667,2024-04-05
Baltimore,39.3051,-76.6144,2106068,100,39.30494518,-76.61405492,9.4646,3.9307,13.4453,2024-04-06
Baltimore,39.3051,-76.6144,2106068,100,39.30494518,-76.61405492,12.194,5.5214,18.7607,2024-04-07
Baltimore,39.3051,-76.6144,2106068,100,39.30494518,-76.61405492,14.0248,4.8876,21.1049,2024-04-08
Baltimore,39.3051,-76.6144,2106068,100,39.30494518,-76.61405492,17.9576,8.6197,25.9684,2024-04-09
Baltimore,39.3051,-76.6144,2106068,100,39.30494518,-76.61405492,20.3548,14.6749,26.0452,2024-04-10
Baltimore,39.3051,-76.6144,2106068,100,39.30494518,-76.61405492,19.4828,16.8337,23.84,2024-04-11
Baltimore,39.3051,-76.6144,2106068,100,39.30494518,-76.61405492,16.6862,13.3616,20.4888,2024-04-12
Baltimore,39.3051,-76.6144,2106068,100,39.30494518,-76.61405492,15.158,11.1639,18.9435,2024-04-13
Baltimore,39.3051,-76.6144,2106068,100,39.30494518,-76.61405492,21.0422,6.8924,28.1198,2024-04-14
Baltimore,39.3051,-76.6144,2106068,100,39.30494518,-76.61405492,24.2583,17.4436,31.594,2024-04-15
Baltimore,39.3051,-76.6144,2106068,100,39.30494518,-76.61405492,19.1851,11.3043,25.6491,2024-04-16
Baltimore,39.3051,-76.6144,2106068,100,39.30494518,-76.61405492,17.3568,14.0802,20.9822,2024-04-17
Baltimore,39.3051,-76.6144,2106068,100,39.30494518,-76.61405492,16.0578,13.1768,21.8747,2024-04-18
Baltimore,39.3051,-76.6144,2106068,100,39.30494518,-76.61405492,12.4877,10.1979,13.8843,2024-04-19
Baltimore,39.3051,-76.6144,2106068,100,39.30494518,-76.61405492,16.6711,12.8225,22.758,2024-04-20
Baltimore,39.3051,-76.6144,2106068,100,39.30494518,-76.61405492,10.1497,6.6214,14.0273,2024-04-21
Baltimore,39.3051,-76.6144,2106068,100,39.30494518,-76.61405492,12.1502,4.31,18.8685,2024-04-22
Baltimore,39.3051,-76.6144,2106068,100,39.30494518,-76.61405492,14.8346,5.7576,22.8408,2024-04-23
Baltimore,39.3051,-76.6144,2106068,100,39.30494518,-76.61405492,17.7593,13.2725,23.4221,2024-04-24
Baltimore,39.3051,-76.6144,2106068,100,39.30494518,-76.61405492,12.6273,9.7532,16.5525,2024-04-25
Baltimore,39.3051,-76.6144,2106068,100,39.30494518,-76.61405492,13.1738,6.4643,19.0478,2024-04-26
Baltimore,39.3051,-76.6144,2106068,100,39.30494518,-76.61405492,13.3731,10.4554,14.5359,2024-04-27
Baltimore,39.3051,-76.6144,2106068,100,39.30494518,-76.61405492,22.1958,12.7395,30.3098,2024-04-28
Baltimore,39.3051,-76.6144,2106068,100,39.30494518,-76.61405492,26.1971,17.096,34.579,2024-04-29
Baltimore,39.3051,-76.6144,2106068,100,39.30494518,-76.61405492,25.3514,18.9524,33.2236,2024-04-30
Las Vegas,36.2333,-115.2654,2104198,127,36.23317383,-115.2653608,12.9337,6.4438,17.8659,2024-04-01
Las Vegas,36.2333,-115.2654,2104198,127,36.23317383,-115.2653608,15.6169,9.2824,21.6428,2024-04-02
Las Vegas,36.2333,-115.2654,2104198,127,36.23317383,-115.2653608,17.5048,7.9411,24.6269,2024-04-03
Las Vegas,36.2333,-115.2654,2104198,127,36.23317383,-115.2653608,17.1449,11.3714,24.2459,2024-04-04
Las Vegas,36.2333,-115.2654,2104198,127,36.23317383,-115.2653608,9.1146,4.801,13.0801,2024-04-05
Las Vegas,36.2333,-115.2654,2104198,127,36.23317383,-115.2653608,9.9279,3.8556,15.2787,2024-04-06
Las Vegas,36.2333,-115.2654,2104198,127,36.23317383,-115.2653608,11.5509,4.2686,17.6765,2024-04-07
Las Vegas,36.2333,-115.2654,2104198,127,36.23317383,-115.2653608,12.7356,8.5811,17.7428,2024-04-08
Las Vegas,36.2333,-115.2654,2104198,127,36.23317383,-115.2653608,15.1515,8.0078,21.5049,2024-04-09
Las Vegas,36.2333,-115.2654,2104198,127,36.23317383,-115.2653608,18.4154,8.5413,25.7825,2024-04-10
Las Vegas,36.2333,-115.2654,2104198,127,36.23317383,-115.2653608,20.5447,10.4723,28.6962,2024-04-11
Las Vegas,36.2333,-115.2654,2104198,127,36.23317383,-115.2653608,21.1146,11.0834,30.3612,2024-04-12
Las Vegas,36.2333,-115.2654,2104198,127,36.23317383,-115.2653608,19.004,11.7336,24.8694,2024-04-13
Las Vegas,36.2333,-115.2654,2104198,127,36.23317383,-115.2653608,14.0895,10.2369,19.7431,2024-04-14
Las Vegas,36.2333,-115.2654,2104198,127,36.23317383,-115.2653608,15.787,8.2915,21.8218,2024-04-15
Las Vegas,36.2333,-115.2654,2104198,127,36.23317383,-115.2653608,19.5151,10.5252,26.3162,2024-04-16
Las Vegas,36.2333,-115.2654,2104198,127,36.23317383,-115.2653608,22.6017,11.9157,31.7411,2024-04-17
Las Vegas,36.2333,-115.2654,2104198,127,36.23317383,-115.2653608,21.7064,14.2493,28.6139,2024-04-18
Las Vegas,36.2333,-115.2654,2104198,127,36.23317383,-115.2653608,22.4501,12.2837,30.4501,2024-04-19
Las Vegas,36.2333,-115.2654,2104198,127,36.23317383,-115.2653608,24.4284,14.2325,32.4556,2024-04-20
Las Vegas,36.2333,-115.2654,2104198,127,36.23317383,-115.2653608,25.4345,14.4464,33.7628,2024-04-21
Las Vegas,36.2333,-115.2654,2104198,127,36.23317383,-115.2653608,25.9047,16.1747,34.2704,2024-04-22
Las Vegas,36.2333,-115.2654,2104198,127,36.23317383,-115.2653608,24.4611,15.3117,32.6325,2024-04-23
Las Vegas,36.2333,-115.2654,2104198,127,36.23317383,-115.2653608,21.7171,13.8352,28.2611,2024-04-24
Las Vegas,36.2333,-115.2654,2104198,127,36.23317383,-115.2653608,20.6356,13.6438,25.7542,2024-04-25
Las Vegas,36.2333,-115.2654,2104198,127,36.23317383,-115.2653608,14.2882,11.6249,17.1667,2024-04-26
Las Vegas,36.2333,-115.2654,2104198,127,36.23317383,-115.2653608,17.4534,9.8725,23.0152,2024-04-27
Las Vegas,36.2333,-115.2654,2104198,127,36.23317383,-115.2653608,20.3002,11.3857,26.7163,2024-04-28
Las Vegas,36.2333,-115.2654,2104198,127,36.23317383,-115.2653608,23.7884,13.7332,31.6622,2024-04-30
Las Vegas,36.2333,-115.2654,2104198,127,36.23317383,-115.2653608,22.0663,11.9888,29.5836,2024-04-29
Portland,45.5372,-122.65,2074775,133,45.53726381,-122.6498929,15.0173,7.26,24.12,2024-04-02
Portland,45.5372,-122.65,2074775,133,45.53726381,-122.6498929,13.1365,5.12,19.77,2024-04-01
Portland,45.5372,-122.65,2074775,133,45.53726381,-122.6498929,8.7381,6.0,11.81,2024-04-03
Portland,45.5372,-122.65,2074775,133,45.53726381,-122.6498929,6.9218,4.22,9.62,2024-04-04
Portland,45.5372,-122.65,2074775,133,45.53726381,-122.6498929,7.4141,3.13,11.73,2024-04-05
Portland,45.5372,-122.65,2074775,133,45.53726381,-122.6498929,8.0646,4.77,10.94,2024-04-06
Portland,45.5372,-122.65,2074775,133,45.53726381,-122.6498929,9.6513,5.48,13.82,2024-04-07
Portland,45.5372,-122.65,2074775,133,45.53726381,-122.6498929,12.1423,7.7402,17.49,2024-04-09
Portland,45.5372,-122.65,2074775,133,45.53726381,-122.6498929,10.6321,5.9,13.76,2024-04-08
Portland,45.5372,-122.65,2074775,133,45.53726381,-122.6498929,11.5194,4.18,18.27,2024-04-10
Portland,45.5372,-122.65,2074775,133,45.53726381,-122.6498929,11.2604,6.02,17.71,2024-04-11
Portland,45.5372,-122.65,2074775,133,45.53726381,-122.6498929,13.5677,7.86,19.08,2024-04-12
Portland,45.5372,-122.65,2074775,133,45.53726381,-122.6498929,13.6349,7.74,19.01,2024-04-13
Portland,45.5372,-122.65,2074775,133,45.53726381,-122.6498929,13.1059,8.42,20.51,2024-04-14
Portland,45.5372,-122.65,2074775,133,45.53726381,-122.6498929,10.0388,6.71,13.84,2024-04-15
Portland,45.5372,-122.65,2074775,133,45.53726381,-122.6498929,9.1477,5.57,13.53,2024-04-16
Portland,45.5372,-122.65,2074775,133,45.53726381,-122.6498929,10.3322,2.56,17.04,2024-04-17
Portland,45.5372,-122.65,2074775,133,45.53726381,-122.6498929,14.1383,7.1,20.83,2024-04-19
Portland,45.5372,-122.65,2074775,133,45.53726381,-122.6498929,12.1377,3.08,19.98,2024-04-18
Portland,45.5372,-122.65,2074775,133,45.53726381,-122.6498929,12.5446,6.73,22.23,2024-04-20
Portland,45.5372,-122.65,2074775,133,45.53726381,-122.6498929,11.1505,4.26,16.57,2024-04-21
Portland,45.5372,-122.65,2074775,133,45.53726381,-122.6498929,12.7457,4.62,20.06,2024-04-22
Portland,45.5372,-122.65,2074775,133,45.53726381,-122.6498929,15.731,7.57,23.99,2024-04-23
Portland,45.5372,-122.65,2074775,133,45.53726381,-122.6498929,13.1381,7.61,17.89,2024-04-24
Portland,45.5372,-122.65,2074775,133,45.53726381,-122.6498929,11.8952,10.94,12.78,2024-04-25
Portland,45.5372,-122.65,2074775,133,45.53726381,-122.6498929,12.3458,9.22,15.76,2024-04-26
Portland,45.5372,-122.65,2074775,133,45.53726381,-122.6498929,11.0473,8.57,12.41,2024-04-27
Portland,45.5372,-122.65,2074775,133,45.53726381,-122.6498929,10.846,8.09,14.37,2024-04-28
Portland,45.5372,-122.65,2074775,133,45.53726381,-122.6498929,9.4265,6.57,12.59,2024-04-29
Portland,45.5372,-122.65,2074775,133,45.53726381,-122.6498929,8.6979,5.32,11.7127,2024-04-30
San Antonio,29.4658,-98.5253,2049293,135,29.46560845,-98.52522242,25.657,20.4266,31.6585,2024-04-01
San Antonio,29.4658,-98.5253,2049293,135,29.46560845,-98.52522242,20.0024,14.0621,27.1496,2024-04-02
San Antonio,29.4658,-98.5253,2049293,135,29.46560845,-98.52522242,19.5161,8.9947,27.2412,2024-04-03
San Antonio,29.4658,-98.5253,2049293,135,29.46560845,-98.52522242,21.9807,9.8746,31.6089,2024-04-04
San Antonio,29.4658,-98.5253,2049293,135,29.46560845,-98.52522242,23.046,12.3452,31.4581,2024-04-05
San Antonio,29.4658,-98.5253,2049293,135,29.46560845,-98.52522242,23.0453,17.0875,28.4089,2024-04-06
San Antonio,29.4658,-98.5253,2049293,135,29.46560845,-98.52522242,23.1905,18.4111,28.4543,2024-04-07
San Antonio,29.4658,-98.5253,2049293,135,29.46560845,-98.52522242,23.9793,19.1618,26.8583,2024-04-08
San Antonio,29.4658,-98.5253,2049293,135,29.46560845,-98.52522242,26.0091,18.5097,32.4796,2024-04-09
San Antonio,29.4658,-98.5253,2049293,135,29.46560845,-98.52522242,19.6856,14.1419,24.5174,2024-04-10
San Antonio,29.4658,-98.5253,2049293,135,29.46560845,-98.52522242,22.1736,12.9801,30.5549,2024-04-11
San Antonio,29.4658,-98.5253,2049293,135,29.46560845,-98.52522242,22.719,11.6072,29.9812,2024-04-12
San Antonio,29.4658,-98.5253,2049293,135,29.46560845,-98.52522242,23.9081,17.0338,30.7912,2024-04-13
San Antonio,29.4658,-98.5253,2049293,135,29.46560845,-98.52522242,25.2585,19.3264,31.8859,2024-04-14
San Antonio,29.4658,-98.5253,2049293,135,29.46560845,-98.52522242,25.684,21.191,33.1146,2024-04-15
San Antonio,29.4658,-98.5253,2049293,135,29.46560845,-98.52522242,24.9075,22.2604,27.9192,2024-04-16
San Antonio,29.4658,-98.5253,2049293,135,29.46560845,-98.52522242,26.3827,23.3717,30.4887,2024-04-17
San Antonio,29.4658,-98.5253,2049293,135,29.46560845,-98.52522242,27.7071,22.8661,32.8945,2024-04-18
San Antonio,29.4658,-98.5253,2049293,135,29.46560845,-98.52522242,24.2442,21.4046,27.9677,2024-04-19
San Antonio,29.4658,-98.5253,2049293,135,29.46560845,-98.52522242,19.779,15.5615,25.8886,2024-04-20
San Antonio,29.4658,-98.5253,2049293,135,29.46560845,-98.52522242,17.5051,12.7404,23.3066,2024-04-21
San Antonio,29.4658,-98.5253,2049293,135,29.46560845,-98.52522242,18.9542,11.6988,25.0915,2024-04-22
San Antonio,29.4658,-98.5253,2049293,135,29.46560845,-98.52522242,21.7032,15.1443,25.3708,2024-04-23
San Antonio,29.4658,-98.5253,2049293,135,29.46560845,-98.52522242,25.6363,21.9267,31.0728,2024-04-24
San Antonio,29.4658,-98.5253,2049293,135,29.46560845,-98.52522242,26.0214,22.2923,30.751,2024-04-25
San Antonio,29.4658,-98.5253,2049293,135,29.46560845,-98.52522242,27.4141,23.81,31.6309,2024-04-26
San Antonio,29.4658,-98.5253,2049293,135,29.46560845,-98.52522242,27.0745,24.1602,30.7332,2024-04-27
San Antonio,29.4658,-98.5253,2049293,135,29.46560845,-98.52522242,25.418,20.3383,30.8498,2024-04-28
San Antonio,29.4658,-98.5253,2049293,135,29.46560845,-98.52522242,27.7288,21.8894,34.092,2024-04-29
San Antonio,29.4658,-98.5253,2049293,135,29.46560845,-98.52522242,28.2939,23.1587,33.4692,2024-04-30
St. Louis,38.6358,-90.2451,2024074,80,38.63558085,-90.24492287,22.1902,18.8991,28.1082,2024-04-01
St. Louis,38.6358,-90.2451,2024074,80,38.63558085,-90.24492287,11.1831,7.0336,18.5636,2024-04-02
St. Louis,38.6358,-90.2451,2024074,80,38.63558085,-90.24492287,6.0753,5.0554,6.9942,2024-04-03
St. Louis,38.6358,-90.2451,2024074,80,38.63558085,-90.24492287,6.4561,3.703,9.3348,2024-04-04
St. Louis,38.6358,-90.2451,2024074,80,38.63558085,-90.24492287,8.2749,2.6482,13.2763,2024-04-05
St. Louis,38.6358,-90.2451,2024074,80,38.63558085,-90.24492287,10.9845,2.2797,16.6512,2024-04-06
St. Louis,38.6358,-90.2451,2024074,80,38.63558085,-90.24492287,15.6948,9.757,22.4206,2024-04-07
St. Louis,38.6358,-90.2451,2024074,80,38.63558085,-90.24492287,18.0378,7.3894,25.6497,2024-04-08
St. Louis,38.6358,-90.2451,2024074,80,38.63558085,-90.24492287,16.9042,12.3105,22.6557,2024-04-09
St. Louis,38.6358,-90.2451,2024074,80,38.63558085,-90.24492287,13.1406,11.8242,15.9222,2024-04-10
St. Louis,38.6358,-90.2451,2024074,80,38.63558085,-90.24492287,13.742,10.7594,19.5054,2024-04-11
St. Louis,38.6358,-90.2451,2024074,80,38.63558085,-90.24492287,14.2469,8.0736,20.203,2024-04-12
St. Louis,38.6358,-90.2451,2024074,80,38.63558085,-90.24492287,19.4688,6.4482,27.9291,2024-04-13
St. Louis,38.6358,-90.2451,2024074,80,38.63558085,-90.24492287,25.1771,16.6211,31.6566,2024-04-15
St. Louis,38.6358,-90.2451,2024074,80,38.63558085,-90.24492287,24.3867,16.9909,32.2203,2024-04-14
St. Louis,38.6358,-90.2451,2024074,80,38.63558085,-90.24492287,21.7263,17.574,27.9821,2024-04-17
St. Louis,38.6358,-90.2451,2024074,80,38.63558085,-90.24492287,22.8565,19.3246,30.9781,2024-04-16
St. Louis,38.6358,-90.2451,2024074,80,38.63558085,-90.24492287,17.4053,12.3642,28.8196,2024-04-18
St. Louis,38.6358,-90.2451,2024074,80,38.63558085,-90.24492287,12.0374,7.7042,16.7682,2024-04-19
St. Louis,38.6358,-90.2451,2024074,80,38.63558085,-90.24492287,9.7789,5.6224,15.6434,2024-04-20
St. Louis,38.6358,-90.2451,2024074,80,38.63558085,-90.24492287,9.9669,3.8242,15.8124,2024-04-21
St. Louis,38.6358,-90.2451,2024074,80,38.63558085,-90.24492287,14.0976,11.6615,20.9705,2024-04-23
St. Louis,38.6358,-90.2451,2024074,80,38.63558085,-90.24492287,14.6872,3.5718,21.6918,2024-04-22
St. Louis,38.6358,-90.2451,2024074,80,38.63558085,-90.24492287,13.6994,7.7254,20.5854,2024-04-24
St. Louis,38.6358,-90.2451,2024074,80,38.63558085,-90.24492287,12.7791,6.2285,18.3478,2024-04-25
St. Louis,38.6358,-90.2451,2024074,80,38.63558085,-90.24492287,16.193,11.1522,20.8476,2024-04-26
St. Louis,38.6358,-90.2451,2024074,80,38.63558085,-90.24492287,21.585,16.6539,25.4648,2024-04-27
St. Louis,38.6358,-90.2451,2024074,80,38.63558085,-90.24492287,21.8753,19.8048,25.7778,2024-04-28
St. Louis,38.6358,-90.2451,2024074,80,38.63558085,-90.24492287,19.3281,15.5278,23.4988,2024-04-29
St. Louis,38.6358,-90.2451,2024074,80,38.63558085,-90.24492287,21.3259,12.46,28.5161,2024-04-30
Sacramento,38.5667,-121.4683,1898019,91,38.56641384,-121.4678462,15.7985,6.443,23.6554,2024-04-01
Sacramento,38.5667,-121.4683,1898019,91,38.56641384,-121.4678462,17.5662,7.3827,25.558,2024-04-02
Sacramento,38.5667,-121.4683,1898019,91,38.56641384,-121.4678462,14.6245,9.9206,21.904,2024-04-03
Sacramento,38.5667,-121.4683,1898019,91,38.56641384,-121.4678462,7.4913,5.8156,12.0525,2024-04-04
Sacramento,38.5667,-121.4683,1898019,91,38.56641384,-121.4678462,12.1421,4.0489,18.4535,2024-04-07
Sacramento,38.5667,-121.4683,1898019,91,38.56641384,-121.4678462,8.8081,5.1029,13.3182,2024-04-05
Sacramento,38.5667,-121.4683,1898019,91,38.56641384,-121.4678462,10.7908,4.0457,16.6689,2024-04-06
Sacramento,38.5667,-121.4683,1898019,91,38.56641384,-121.4678462,15.226,5.8226,23.5165,2024-04-08
Sacramento,38.5667,-121.4683,1898019,91,38.56641384,-121.4678462,17.4092,6.8689,25.6888,2024-04-09
Sacramento,38.5667,-121.4683,1898019,91,38.56641384,-121.4678462,19.5511,9.7182,27.9121,2024-04-10
Sacramento,38.5667,-121.4683,1898019,91,38.56641384,-121.4678462,15.2755,11.3972,21.388,2024-04-12
Sacramento,38.5667,-121.4683,1898019,91,38.56641384,-121.4678462,21.0638,11.3896,30.5082,2024-04-11
Sacramento,38.5667,-121.4683,1898019,91,38.56641384,-121.4678462,9.7534,8.1219,13.4819,2024-04-13
Sacramento,38.5667,-121.4683,1898019,91,38.56641384,-121.4678462,12.0083,6.1787,15.8424,2024-04-14
Sacramento,38.5667,-121.4683,1898019,91,38.56641384,-121.4678462,15.4664,8.9799,21.134,2024-04-15
Sacramento,38.5667,-121.4683,1898019,91,38.56641384,-121.4678462,17.732,8.6472,24.7981,2024-04-16
Sacramento,38.5667,-121.4683,1898019,91,38.56641384,-121.4678462,19.5436,11.2583,26.5914,2024-04-17
Sacramento,38.5667,-121.4683,1898019,91,38.56641384,-121.4678462,20.2804,11.4259,28.6784,2024-04-18
Sacramento,38.5667,-121.4683,1898019,91,38.56641384,-121.4678462,19.3709,11.6189,28.1938,2024-04-19
Sacramento,38.5667,-121.4683,1898019,91,38.56641384,-121.4678462,19.6855,10.8951,30.3477,2024-04-20
Sacramento,38.5667,-121.4683,1898019,91,38.56641384,-121.4678462,21.8088,9.8974,32.2844,2024-04-21
Sacramento,38.5667,-121.4683,1898019,91,38.56641384,-121.4678462,15.9294,11.6592,20.5315,2024-04-23
Sacramento,38.5667,-121.4683,1898019,91,38.56641384,-121.4678462,20.9371,11.888,32.7048,2024-04-22
Sacramento,38.5667,-121.4683,1898019,91,38.56641384,-121.4678462,16.4721,11.5827,21.6357,2024-04-24
Sacramento,38.5667,-121.4683,1898019,91,38.56641384,-121.4678462,16.1466,10.003,22.1457,2024-04-25
Sacramento,38.5667,-121.4683,1898019,91,38.56641384,-121.4678462,15.7659,9.9763,22.812,2024-04-26
Sacramento,38.5667,-121.4683,1898019,91,38.56641384,-121.4678462,16.58,7.6773,24.3012,2024-04-27
Sacramento,38.5667,-121.4683,1898019,91,38.56641384,-121.4678462,17.9779,8.5256,25.3574,2024-04-29
Sacramento,38.5667,-121.4683,1898019,91,38.56641384,-121.4678462,18.2245,8.9574,26.2896,2024-04-28
Sacramento,38.5667,-121.4683,1898019,91,38.56641384,-121.4678462,17.763,8.0199,25.0111,2024-04-30
Orlando,28.4772,-81.3369,1822394,161,28.47751946,-81.33673729,25.2809,19.0218,31.1139,2024-04-02
Orlando,28.4772,-81.3369,1822394,161,28.47751946,-81.33673729,23.931,17.1794,30.2555,2024-04-01
Orlando,28.4772,-81.3369,1822394,161,28.47751946,-81.33673729,21.4916,17.8789,29.8472,2024-04-03
Orlando,28.4772,-81.3369,1822394,161,28.47751946,-81.33673729,19.5483,16.1715,25.7445,2024-04-04
Orlando,28.4772,-81.3369,1822394,161,28.47751946,-81.33673729,20.1851,12.5824,26.3739,2024-04-05
Orlando,28.4772,-81.3369,1822394,161,28.47751946,-81.33673729,19.1792,14.8132,25.5329,2024-04-06
Orlando,28.4772,-81.3369,1822394,161,28.47751946,-81.33673729,19.4169,12.7936,26.1278,2024-04-07
Orlando,28.4772,-81.3369,1822394,161,28.47751946,-81.33673729,20.8092,14.3637,26.7845,2024-04-08
Orlando,28.4772,-81.3369,1822394,161,28.47751946,-81.33673729,22.259,17.1156,28.6501,2024-04-09
Orlando,28.4772,-81.3369,1822394,161,28.47751946,-81.33673729,24.9846,20.0246,30.9675,2024-04-10
Orlando,28.4772,-81.3369,1822394,161,28.47751946,-81.33673729,23.37,21.1918,29.0381,2024-04-11
Orlando,28.4772,-81.3369,1822394,161,28.47751946,-81.33673729,21.5547,16.3729,27.7254,2024-04-12
Orlando,28.4772,-81.3369,1822394,161,28.47751946,-81.33673729,20.1779,14.1558,26.4592,2024-04-13
Orlando,28.4772,-81.3369,1822394,161,28.47751946,-81.33673729,21.3549,12.6371,28.7043,2024-04-14
Orlando,28.4772,-81.3369,1822394,161,28.47751946,-81.33673729,22.8762,16.1879,29.9922,2024-04-15
Orlando,28.4772,-81.3369,1822394,161,28.47751946,-81.33673729,23.0687,16.247,30.1215,2024-04-16
Orlando,28.4772,-81.3369,1822394,161,28.47751946,-81.33673729,23.8067,18.4417,30.2675,2024-04-17
Orlando,28.4772,-81.3369,1822394,161,28.47751946,-81.33673729,26.5636,20.1645,32.68,2024-04-19
Orlando,28.4772,-81.3369,1822394,161,28.47751946,-81.33673729,25.2109,19.8707,31.9815,2024-04-18
Orlando,28.4772,-81.3369,1822394,161,28.47751946,-81.33673729,26.4018,19.665,33.0323,2024-04-20
Orlando,28.4772,-81.3369,1822394,161,28.47751946,-81.33673729,25.9262,20.807,31.9763,2024-04-21
Orlando,28.4772,-81.3369,1822394,161,28.47751946,-81.33673729,20.2928,17.8696,25.1375,2024-04-22
Orlando,28.4772,-81.3369,1822394,161,28.47751946,-81.33673729,19.9101,14.2334,25.8661,2024-04-23
Orlando,28.4772,-81.3369,1822394,161,28.47751946,-81.33673729,23.0961,16.0472,30.7448,2024-04-25
Orlando,28.4772,-81.3369,1822394,161,28.47751946,-81.33673729,21.7334,14.4225,28.6569,2024-04-24
Orlando,28.4772,-81.3369,1822394,161,28.47751946,-81.33673729,23.6679,17.6195,29.8779,2024-04-26
Orlando,28.4772,-81.3369,1822394,161,28.47751946,-81.33673729,22.9692,20.306,29.5034,2024-04-27
Orlando,28.4772,-81.3369,1822394,161,28.47751946,-81.33673729,22.8659,19.0488,28.3281,2024-04-28
Orlando,28.4772,-81.3369,1822394,161,28.47751946,-81.33673729,24.0079,17.5047,30.4949,2024-04-29
Orlando,28.4772,-81.3369,1822394,161,28.47751946,-81.33673729,24.398,20.4601,30.4059,2024-04-30
San Jose,37.3019,-121.8486,1798103,135,37.30158528,-121.8487984,14.9181,6.9397,22.3991,2024-04-01
San Jose,37.3019,-121.8486,1798103,135,37.30158528,-121.8487984,16.2867,7.8905,24.8902,2024-04-02
San Jose,37.3019,-121.8486,1798103,135,37.30158528,-121.8487984,13.5536,9.4617,19.7381,2024-04-03
San Jose,37.3019,-121.8486,1798103,135,37.30158528,-121.8487984,9.0494,6.7298,12.5104,2024-04-04
San Jose,37.3019,-121.8486,1798103,135,37.30158528,-121.8487984,9.7268,5.6999,14.5495,2024-04-05
San Jose,37.3019,-121.8486,1798103,135,37.30158528,-121.8487984,10.7961,4.4096,16.8894,2024-04-06
San Jose,37.3019,-121.8486,1798103,135,37.30158528,-121.8487984,11.7435,5.2894,17.5094,2024-04-07
San Jose,37.3019,-121.8486,1798103,135,37.30158528,-121.8487984,14.0136,6.1395,21.2394,2024-04-08
San Jose,37.3019,-121.8486,1798103,135,37.30158528,-121.8487984,16.753,7.3491,25.2187,2024-04-09
San Jose,37.3019,-121.8486,1798103,135,37.30158528,-121.8487984,18.5559,9.132,27.597,2024-04-10
San Jose,37.3019,-121.8486,1798103,135,37.30158528,-121.8487984,18.6808,11.3904,29.0667,2024-04-11
San Jose,37.3019,-121.8486,1798103,135,37.30158528,-121.8487984,14.422,10.2106,20.4718,2024-04-12
San Jose,37.3019,-121.8486,1798103,135,37.30158528,-121.8487984,10.5457,8.2089,12.8198,2024-04-13
San Jose,37.3019,-121.8486,1798103,135,37.30158528,-121.8487984,12.4718,7.8889,17.16,2024-04-14
San Jose,37.3019,-121.8486,1798103,135,37.30158528,-121.8487984,15.0362,10.5303,20.8494,2024-04-15
San Jose,37.3019,-121.8486,1798103,135,37.30158528,-121.8487984,17.2201,8.4589,24.7687,2024-04-16
San Jose,37.3019,-121.8486,1798103,135,37.30158528,-121.8487984,19.3856,11.3992,27.9168,2024-04-17
San Jose,37.3019,-121.8486,1798103,135,37.30158528,-121.8487984,18.5362,11.9889,26.8168,2024-04-18
San Jose,37.3019,-121.8486,1798103,135,37.30158528,-121.8487984,16.2655,9.0294,23.6977,2024-04-19
San Jose,37.3019,-121.8486,1798103,135,37.30158528,-121.8487984,16.4903,10.7192,23.9293,2024-04-20
San Jose,37.3019,-121.8486,1798103,135,37.30158528,-121.8487984,19.2315,8.8297,28.9573,2024-04-21
San Jose,37.3019,-121.8486,1798103,135,37.30158528,-121.8487984,18.6389,12.1988,28.9991,2024-04-22
San Jose,37.3019,-121.8486,1798103,135,37.30158528,-121.8487984,15.2353,10.6395,19.2792,2024-04-23
San Jose,37.3019,-121.8486,1798103,135,37.30158528,-121.8487984,15.8049,12.4549,19.9279,2024-04-24
San Jose,37.3019,-121.8486,1798103,135,37.30158528,-121.8487984,15.3021,11.8688,18.608,2024-04-25
San Jose,37.3019,-121.8486,1798103,135,37.30158528,-121.8487984,14.9559,12.1189,19.0181,2024-04-26
San Jose,37.3019,-121.8486,1798103,135,37.30158528,-121.8487984,14.6811,8.989,22.2892,2024-04-27
San Jose,37.3019,-121.8486,1798103,135,37.30158528,-121.8487984,15.4406,8.941,22.4406,2024-04-28
San Jose,37.3019,-121.8486,1798103,135,37.30158528,-121.8487984,15.0933,9.2931,22.3804,2024-04-29
San Jose,37.3019,-121.8486,1798103,135,37.30158528,-121.8487984,14.8102,7.9587,21.6995,2024-04-30
Cleveland,41.4767,-81.6804,1710093,127,41.47634085,-81.68023826,7.6653,4.7103,10.5812,2024-04-01
Cleveland,41.4767,-81.6804,1710093,127,41.47634085,-81.68023826,7.7568,5.3502,15.7899,2024-04-03
Cleveland,41.4767,-81.6804,1710093,127,41.47634085,-81.68023826,13.3384,6.7205,16.8806,2024-04-02
Cleveland,41.4767,-81.6804,1710093,127,41.47634085,-81.68023826,5.5415,3.5807,7.4603,2024-04-04
Cleveland,41.4767,-81.6804,1710093,127,41.47634085,-81.68023826,4.41,2.9502,5.9002,2024-04-05
Cleveland,41.4767,-81.6804,1710093,127,41.47634085,-81.68023826,6.7983,3.6297,11.59,2024-04-06
Cleveland,41.4767,-81.6804,1710093,127,41.47634085,-81.68023826,9.1399,0.6299,15.6913,2024-04-07
Cleveland,41.4767,-81.6804,1710093,127,41.47634085,-81.68023826,17.8597,10.28,26.4401,2024-04-09
Cleveland,41.4767,-81.6804,1710093,127,41.47634085,-81.68023826,15.1167,9.0004,22.1397,2024-04-08
Cleveland,41.4767,-81.6804,1710093,127,41.47634085,-81.68023826,13.8256,10.6404,15.9604,2024-04-10
Cleveland,41.4767,-81.6804,1710093,127,41.47634085,-81.68023826,16.7309,12.7905,20.6003,2024-04-11
Cleveland,41.4767,-81.6804,1710093,127,41.47634085,-81.68023826,8.9202,7.7902,16.5603,2024-04-12
Cleveland,41.4767,-81.6804,1710093,127,41.47634085,-81.68023826,10.3858,5.6902,14.9096,2024-04-13
Cleveland,41.4767,-81.6804,1710093,127,41.47634085,-81.68023826,17.9207,8.2003,27.9601,2024-04-14
Cleveland,41.4767,-81.6804,1710093,127,41.47634085,-81.68023826,14.3544,8.9707,19.3616,2024-04-15
Cleveland,41.4767,-81.6804,1710093,127,41.47634085,-81.68023826,17.1145,7.2504,24.2819,2024-04-16
Cleveland,41.4767,-81.6804,1710093,127,41.47634085,-81.68023826,18.6864,15.6803,27.1197,2024-04-17
Cleveland,41.4767,-81.6804,1710093,127,41.47634085,-81.68023826,15.1622,12.4805,17.9609,2024-04-18
Cleveland,41.4767,-81.6804,1710093,127,41.47634085,-81.68023826,12.3645,9.7703,15.1901,2024-04-19
Cleveland,41.4767,-81.6804,1710093,127,41.47634085,-81.68023826,7.4967,6.59,9.1403,2024-04-20
Cleveland,41.4767,-81.6804,1710093,127,41.47634085,-81.68023826,6.3762,4.3105,9.7298,2024-04-21
Cleveland,41.4767,-81.6804,1710093,127,41.47634085,-81.68023826,10.4172,1.6798,16.8706,2024-04-22
Cleveland,41.4767,-81.6804,1710093,127,41.47634085,-81.68023826,11.4925,7.4695,20.2503,2024-04-23
Cleveland,41.4767,-81.6804,1710093,127,41.47634085,-81.68023826,5.9835,4.1002,9.96,2024-04-24
Cleveland,41.4767,-81.6804,1710093,127,41.47634085,-81.68023826,6.3183,1.38,11.1905,2024-04-25
Cleveland,41.4767,-81.6804,1710093,127,41.47634085,-81.68023826,15.2608,2.2401,22.9308,2024-04-26
Cleveland,41.4767,-81.6804,1710093,127,41.47634085,-81.68023826,22.9112,16.5104,28.6205,2024-04-27
Cleveland,41.4767,-81.6804,1710093,127,41.47634085,-81.68023826,22.7547,17.9204,30.3696,2024-04-29
Cleveland,41.4767,-81.6804,1710093,127,41.47634085,-81.68023826,23.0663,20.3603,27.4199,2024-04-28
Cleveland,41.4767,-81.6804,1710093,127,41.47634085,-81.68023826,17.7118,14.9198,22.6499,2024-04-30
Pittsburgh,40.4396,-79.9762,1703266,122,40.43964445,-79.97661259,13.5804,9.0521,17.6225,2024-04-01
Pittsburgh,40.4396,-79.9762,1703266,122,40.43964445,-79.97661259,15.1175,11.671,17.6359,2024-04-02
Pittsburgh,40.4396,-79.9762,1703266,122,40.43964445,-79.97661259,8.3304,4.6111,16.4831,2024-04-03
Pittsburgh,40.4396,-79.9762,1703266,122,40.43964445,-79.97661259,5.0725,3.0791,6.9372,2024-04-04
Pittsburgh,40.4396,-79.9762,1703266,122,40.43964445,-79.97661259,3.7473,1.8361,5.6561,2024-04-05
Pittsburgh,40.4396,-79.9762,1703266,122,40.43964445,-79.97661259,6.8314,2.854,11.7111,2024-04-06
Pittsburgh,40.4396,-79.9762,1703266,122,40.43964445,-79.97661259,16.1306,8.0241,23.8442,2024-04-08
Pittsburgh,40.4396,-79.9762,1703266,122,40.43964445,-79.97661259,10.2745,0.889,16.6581,2024-04-07
Pittsburgh,40.4396,-79.9762,1703266,122,40.43964445,-79.97661259,16.8677,14.6761,19.4891,2024-04-10
Pittsburgh,40.4396,-79.9762,1703266,122,40.43964445,-79.97661259,17.7878,9.6091,25.5082,2024-04-09
Pittsburgh,40.4396,-79.9762,1703266,122,40.43964445,-79.97661259,16.7935,14.7849,21.4921,2024-04-11
Pittsburgh,40.4396,-79.9762,1703266,122,40.43964445,-79.97661259,10.3747,8.7281,15.2491,2024-04-12
Pittsburgh,40.4396,-79.9762,1703266,122,40.43964445,-79.97661259,11.053,6.9641,15.3341,2024-04-13
Pittsburgh,40.4396,-79.9762,1703266,122,40.43964445,-79.97661259,18.3219,13.617,24.1281,2024-04-15
Pittsburgh,40.4396,-79.9762,1703266,122,40.43964445,-79.97661259,20.1877,6.7011,28.5241,2024-04-14
Pittsburgh,40.4396,-79.9762,1703266,122,40.43964445,-79.97661259,18.8999,7.1741,26.5651,2024-04-16
Pittsburgh,40.4396,-79.9762,1703266,122,40.43964445,-79.97661259,19.3287,14.8611,28.0301,2024-04-17
Pittsburgh,40.4396,-79.9762,1703266,122,40.43964445,-79.97661259,17.4769,14.256,22.9861,2024-04-18
Pittsburgh,40.4396,-79.9762,1703266,122,40.43964445,-79.97661259,15.1786,11.666,19.8592,2024-04-19
Pittsburgh,40.4396,-79.9762,1703266,122,40.43964445,-79.97661259,9.8032,5.709,15.9661,2024-04-20
Pittsburgh,40.4396,-79.9762,1703266,122,40.43964445,-79.97661259,5.6935,3.4761,9.901,2024-04-21
Pittsburgh,40.4396,-79.9762,1703266,122,40.43964445,-79.97661259,10.3101,0.517,17.1937,2024-04-22
Pittsburgh,40.4396,-79.9762,1703266,122,40.43964445,-79.97661259,14.111,5.2042,21.1231,2024-04-23
Pittsburgh,40.4396,-79.9762,1703266,122,40.43964445,-79.97661259,9.4001,5.4061,14.4992,2024-04-25
Pittsburgh,40.4396,-79.9762,1703266,122,40.43964445,-79.97661259,9.6107,6.2021,16.0791,2024-04-24
Pittsburgh,40.4396,-79.9762,1703266,122,40.43964445,-79.97661259,15.1827,3.777,22.1861,2024-04-26
Pittsburgh,40.4396,-79.9762,1703266,122,40.43964445,-79.97661259,20.0267,11.6881,26.6283,2024-04-27
Pittsburgh,40.4396,-79.9762,1703266,122,40.43964445,-79.97661259,23.3435,16.7551,29.2842,2024-04-28
Pittsburgh,40.4396,-79.9762,1703266,122,40.43964445,-79.97661259,24.0806,16.1281,30.1602,2024-04-29
Pittsburgh,40.4396,-79.9762,1703266,122,40.43964445,-79.97661259,19.9216,15.8999,22.7119,2024-04-30
Austin,30.3004,-97.7522,1687311,161,30.30058802,-97.75203831,24.4761,20.81,28.7,2024-04-01
Austin,30.3004,-97.7522,1687311,161,30.30058802,-97.75203831,18.6702,14.8389,25.09,2024-04-02
Austin,30.3004,-97.7522,1687311,161,30.30058802,-97.75203831,18.9954,8.42,27.5392,2024-04-03
Austin,30.3004,-97.7522,1687311,161,30.30058802,-97.75203831,21.8492,9.65,32.03,2024-04-04
Austin,30.3004,-97.7522,1687311,161,30.30058802,-97.75203831,22.8008,12.1401,31.32,2024-04-05
Austin,30.3004,-97.7522,1687311,161,30.30058802,-97.75203831,21.8485,16.22,26.16,2024-04-06
Austin,30.3004,-97.7522,1687311,161,30.30058802,-97.75203831,22.6575,17.12,28.15,2024-04-07
Austin,30.3004,-97.7522,1687311,161,30.30058802,-97.75203831,23.2836,16.89,27.7,2024-04-08
Austin,30.3004,-97.7522,1687311,161,30.30058802,-97.75203831,22.8674,18.7439,28.72,2024-04-09
Austin,30.3004,-97.7522,1687311,161,30.30058802,-97.75203831,18.0188,15.19,21.4411,2024-04-10
Austin,30.3004,-97.7522,1687311,161,30.30058802,-97.75203831,20.5241,11.8606,28.9,2024-04-11
Austin,30.3004,-97.7522,1687311,161,30.30058802,-97.75203831,21.3715,11.93,28.67,2024-04-12
Austin,30.3004,-97.7522,1687311,161,30.30058802,-97.75203831,22.9134,16.65,28.87,2024-04-13
Austin,30.3004,-97.7522,1687311,161,30.30058802,-97.75203831,23.85,19.1,29.72,2024-04-14
Austin,30.3004,-97.7522,1687311,161,30.30058802,-97.75203831,24.3047,21.1599,29.66,2024-04-15
Austin,30.3004,-97.7522,1687311,161,30.30058802,-97.75203831,24.581,22.01,27.37,2024-04-16
Austin,30.3004,-97.7522,1687311,161,30.30058802,-97.75203831,25.2775,23.45,29.19,2024-04-17
Austin,30.3004,-97.7522,1687311,161,30.30058802,-97.75203831,26.9288,22.39,32.43,2024-04-18
Austin,30.3004,-97.7522,1687311,161,30.30058802,-97.75203831,22.3101,18.971,25.13,2024-04-19
Austin,30.3004,-97.7522,1687311,161,30.30058802,-97.75203831,17.3867,14.38,23.38,2024-04-20
Austin,30.3004,-97.7522,1687311,161,30.30058802,-97.75203831,16.0376,11.1189,20.69,2024-04-21
Austin,30.3004,-97.7522,1687311,161,30.30058802,-97.75203831,18.0169,9.62,24.33,2024-04-22
Austin,30.3004,-97.7522,1687311,161,30.30058802,-97.75203831,24.6027,21.12,29.64,2024-04-24
Austin,30.3004,-97.7522,1687311,161,30.30058802,-97.75203831,20.3764,13.31,24.15,2024-04-23
Austin,30.3004,-97.7522,1687311,161,30.30058802,-97.75203831,24.6864,21.56,28.94,2024-04-25
Austin,30.3004,-97.7522,1687311,161,30.30058802,-97.75203831,25.7796,23.4391,28.91,2024-04-26
Austin,30.3004,-97.7522,1687311,161,30.30058802,-97.75203831,26.2568,24.16,29.5805,2024-04-27
Austin,30.3004,-97.7522,1687311,161,30.30058802,-97.75203831,24.4095,20.87,27.07,2024-04-28
Austin,30.3004,-97.7522,1687311,161,30.30058802,-97.75203831,26.0742,22.0,31.61,2024-04-29
Austin,30.3004,-97.7522,1687311,161,30.30058802,-97.75203831,25.5057,20.97,30.12,2024-04-30
Cincinnati,39.1413,-84.5061,1662691,127,39.14156524,-84.5061367,18.7281,13.1802,24.8698,2024-04-01
Cincinnati,39.1413,-84.5061,1662691,127,39.14156524,-84.5061367,17.0805,13.6692,22.7596,2024-04-02
Cincinnati,39.1413,-84.5061,1662691,127,39.14156524,-84.5061367,5.5993,3.7997,10.9392,2024-04-03
Cincinnati,39.1413,-84.5061,1662691,127,39.14156524,-84.5061367,7.7661,0.4912,14.1096,2024-04-06
Cincinnati,39.1413,-84.5061,1662691,127,39.14156524,-84.5061367,4.4319,2.5596,6.6595,2024-04-04
Cincinnati,39.1413,-84.5061,1662691,127,39.14156524,-84.5061367,5.5065,3.0496,8.6299,2024-04-05
Cincinnati,39.1413,-84.5061,1662691,127,39.14156524,-84.5061367,13.0923,1.1791,18.7791,2024-04-07
Cincinnati,39.1413,-84.5061,1662691,127,39.14156524,-84.5061367,16.271,13.6592,20.1297,2024-04-09
Cincinnati,39.1413,-84.5061,1662691,127,39.14156524,-84.5061367,18.9484,9.2388,25.0496,2024-04-08
Cincinnati,39.1413,-84.5061,1662691,127,39.14156524,-84.5061367,15.8322,13.4193,16.9495,2024-04-10
Cincinnati,39.1413,-84.5061,1662691,127,39.14156524,-84.5061367,13.819,10.1694,19.5697,2024-04-11
Cincinnati,39.1413,-84.5061,1662691,127,39.14156524,-84.5061367,9.8665,8.809,13.2591,2024-04-12
Cincinnati,39.1413,-84.5061,1662691,127,39.14156524,-84.5061367,21.1838,10.5198,28.5292,2024-04-14
Cincinnati,39.1413,-84.5061,1662691,127,39.14156524,-84.5061367,13.6254,5.8188,20.7101,2024-04-13
Cincinnati,39.1413,-84.5061,1662691,127,39.14156524,-84.5061367,22.5772,14.4149,29.9196,2024-04-15
Cincinnati,39.1413,-84.5061,1662691,127,39.14156524,-84.5061367,23.2846,13.6087,30.1096,2024-04-16
Cincinnati,39.1413,-84.5061,1662691,127,39.14156524,-84.5061367,19.6803,9.359,26.8497,2024-04-18
Cincinnati,39.1413,-84.5061,1662691,127,39.14156524,-84.5061367,21.6763,17.0094,27.0293,2024-04-17
Cincinnati,39.1413,-84.5061,1662691,127,39.14156524,-84.5061367,14.3179,11.0989,19.5095,2024-04-19
Cincinnati,39.1413,-84.5061,1662691,127,39.14156524,-84.5061367,9.8033,6.1386,14.2892,2024-04-20
Cincinnati,39.1413,-84.5061,1662691,127,39.14156524,-84.5061367,7.0808,3.5095,10.9596,2024-04-21
Cincinnati,39.1413,-84.5061,1662691,127,39.14156524,-84.5061367,11.0204,1.1197,18.039,2024-04-22
Cincinnati,39.1413,-84.5061,1662691,127,39.14156524,-84.5061367,13.8936,7.1093,20.3898,2024-04-23
Cincinnati,39.1413,-84.5061,1662691,127,39.14156524,-84.5061367,10.7225,6.2095,17.3101,2024-04-24
Cincinnati,39.1413,-84.5061,1662691,127,39.14156524,-84.5061367,10.9697,4.0386,17.2292,2024-04-25
Cincinnati,39.1413,-84.5061,1662691,127,39.14156524,-84.5061367,16.6104,4.9786,24.6597,2024-04-26
Cincinnati,39.1413,-84.5061,1662691,127,39.14156524,-84.5061367,22.0906,16.879,26.4296,2024-04-27
Cincinnati,39.1413,-84.5061,1662691,127,39.14156524,-84.5061367,23.248,16.959,28.939,2024-04-28
Cincinnati,39.1413,-84.5061,1662691,127,39.14156524,-84.5061367,22.3938,16.6398,27.9887,2024-04-29
Cincinnati,39.1413,-84.5061,1662691,127,39.14156524,-84.5061367,19.3794,15.6091,25.5191,2024-04-30
Kansas City,39.1239,-94.5541,1636715,97,39.12369061,-94.5538046,16.9727,12.3671,24.9286,2024-04-01
Kansas City,39.1239,-94.5541,1636715,97,39.12369061,-94.5538046,8.3348,5.7868,11.9265,2024-04-02
Kansas City,39.1239,-94.5541,1636715,97,39.12369061,-94.5538046,8.5621,4.0038,13.401,2024-04-03
Kansas City,39.1239,-94.5541,1636715,97,39.12369061,-94.5538046,9.4027,2.1681,15.9935,2024-04-04
Kansas City,39.1239,-94.5541,1636715,97,39.12369061,-94.5538046,11.207,2.3368,17.8835,2024-04-05
Kansas City,39.1239,-94.5541,1636715,97,39.12369061,-94.5538046,15.2663,5.697,21.7808,2024-04-06
Kansas City,39.1239,-94.5541,1636715,97,39.12369061,-94.5538046,16.6104,11.8646,21.9097,2024-04-07
Kansas City,39.1239,-94.5541,1636715,97,39.12369061,-94.5538046,15.0074,6.7432,21.9769,2024-04-08
Kansas City,39.1239,-94.5541,1636715,97,39.12369061,-94.5538046,14.2218,7.2357,21.0218,2024-04-09
Kansas City,39.1239,-94.5541,1636715,97,39.12369061,-94.5538046,13.2066,7.8647,18.0239,2024-04-11
Kansas City,39.1239,-94.5541,1636715,97,39.12369061,-94.5538046,14.7301,7.6346,20.2339,2024-04-10
Kansas City,39.1239,-94.5541,1636715,97,39.12369061,-94.5538046,14.1748,4.628,21.1738,2024-04-12
Kansas City,39.1239,-94.5541,1636715,97,39.12369061,-94.5538046,21.906,8.4596,31.2692,2024-04-13
Kansas City,39.1239,-94.5541,1636715,97,39.12369061,-94.5538046,24.0637,16.6752,29.7158,2024-04-15
Kansas City,39.1239,-94.5541,1636715,97,39.12369061,-94.5538046,24.4078,16.0483,31.4313,2024-04-14
Kansas City,39.1239,-94.5541,1636715,97,39.12369061,-94.5538046,23.1105,19.7839,27.7298,2024-04-16
Kansas City,39.1239,-94.5541,1636715,97,39.12369061,-94.5538046,20.1928,13.4702,26.0633,2024-04-17
Kansas City,39.1239,-94.5541,1636715,97,39.12369061,-94.5538046,12.0155,8.5225,17.8461,2024-04-18
Kansas City,39.1239,-94.5541,1636715,97,39.12369061,-94.5538046,11.4551,4.8614,16.753,2024-04-19
Kansas City,39.1239,-94.5541,1636715,97,39.12369061,-94.5538046,8.9322,4.8286,13.2064,2024-04-20
Kansas City,39.1239,-94.5541,1636715,97,39.12369061,-94.5538046,10.5744,3.8236,16.3482,2024-04-21
Kansas City,39.1239,-94.5541,1636715,97,39.12369061,-94.5538046,14.687,3.7821,22.0123,2024-04-22
Kansas City,39.1239,-94.5541,1636715,97,39.12369061,-94.5538046,17.3972,7.4243,23.9572,2024-04-24
Kansas City,39.1239,-94.5541,1636715,97,39.12369061,-94.5538046,17.2843,12.7631,24.7842,2024-04-23
Kansas City,39.1239,-94.5541,1636715,97,39.12369061,-94.5538046,19.4405,12.5783,25.0623,2024-04-26
Kansas City,39.1239,-94.5541,1636715,97,39.12369061,-94.5538046,14.3194,12.7648,16.5566,2024-04-25
Kansas City,39.1239,-94.5541,1636715,97,39.12369061,-94.5538046,20.6827,17.6621,28.2226,2024-04-27
Kansas City,39.1239,-94.5541,1636715,97,39.12369061,-94.5538046,18.9895,16.0542,22.1854,2024-04-28
Kansas City,39.1239,-94.5541,1636715,97,39.12369061,-94.5538046,18.8227,10.1791,23.851,2024-04-29
Kansas City,39.1239,-94.5541,1636715,97,39.12369061,-94.5538046,21.7798,13.5915,30.1989,2024-04-30
Manhattan,40.7834,-73.9662,1628706,112,40.78351785,-73.96617763,10.2444,8.309,12.4996,2024-04-01
Manhattan,40.7834,-73.9662,1628706,112,40.78351785,-73.96617763,7.6862,7.0099,9.1998,2024-04-02
Manhattan,40.7834,-73.9662,1628706,112,40.78351785,-73.96617763,5.7348,5.1593,6.8396,2024-04-03
Manhattan,40.7834,-73.9662,1628706,112,40.78351785,-73.96617763,8.5107,5.0389,12.5493,2024-04-06
Manhattan,40.7834,-73.9662,1628706,112,40.78351785,-73.96617763,5.9588,3.4495,9.4088,2024-04-04
Manhattan,40.7834,-73.9662,1628706,112,40.78351785,-73.96617763,6.8316,3.4696,10.0786,2024-04-05
Manhattan,40.7834,-73.9662,1628706,112,40.78351785,-73.96617763,9.9591,4.4395,15.3784,2024-04-07
Manhattan,40.7834,-73.9662,1628706,112,40.78351785,-73.96617763,12.6303,3.8594,19.0486,2024-04-08
Manhattan,40.7834,-73.9662,1628706,112,40.78351785,-73.96617763,16.7769,9.4481,26.3371,2024-04-09
Manhattan,40.7834,-73.9662,1628706,112,40.78351785,-73.96617763,12.3627,9.5496,17.4696,2024-04-10
Manhattan,40.7834,-73.9662,1628706,112,40.78351785,-73.96617763,14.2407,9.1495,16.9303,2024-04-11
Manhattan,40.7834,-73.9662,1628706,112,40.78351785,-73.96617763,15.0573,13.7405,17.69,2024-04-12
Manhattan,40.7834,-73.9662,1628706,112,40.78351785,-73.96617763,10.6728,9.0903,12.4106,2024-04-13
Manhattan,40.7834,-73.9662,1628706,112,40.78351785,-73.96617763,16.0371,6.8495,24.1083,2024-04-14
Manhattan,40.7834,-73.9662,1628706,112,40.78351785,-73.96617763,20.6105,14.209,28.2182,2024-04-15
Manhattan,40.7834,-73.9662,1628706,112,40.78351785,-73.96617763,17.1112,10.2691,22.888,2024-04-16
Manhattan,40.7834,-73.9662,1628706,112,40.78351785,-73.96617763,11.6816,9.8178,16.8688,2024-04-17
Manhattan,40.7834,-73.9662,1628706,112,40.78351785,-73.96617763,8.3735,7.4895,9.7698,2024-04-18
Manhattan,40.7834,-73.9662,1628706,112,40.78351785,-73.96617763,10.0122,6.7593,14.3499,2024-04-19
Manhattan,40.7834,-73.9662,1628706,112,40.78351785,-73.96617763,13.3109,9.2797,21.5987,2024-04-20
Manhattan,40.7834,-73.9662,1628706,112,40.78351785,-73.96617763,8.7471,4.299,12.479,2024-04-21
Manhattan,40.7834,-73.9662,1628706,112,40.78351785,-73.96617763,10.2174,3.669,17.6279,2024-04-22
Manhattan,40.7834,-73.9662,1628706,112,40.78351785,-73.96617763,11.072,5.0681,17.7377,2024-04-23
Manhattan,40.7834,-73.9662,1628706,112,40.78351785,-73.96617763,14.6973,9.3496,21.959,2024-04-24
Manhattan,40.7834,-73.9662,1628706,112,40.78351785,-73.96617763,8.1278,4.8397,14.129,2024-04-25
Manhattan,40.7834,-73.9662,1628706,112,40.78351785,-73.96617763,9.8717,4.3789,16.9784,2024-04-26
Manhattan,40.7834,-73.9662,1628706,112,40.78351785,-73.96617763,11.3921,4.429,17.3284,2024-04-27
Manhattan,40.7834,-73.9662,1628706,112,40.78351785,-73.96617763,18.1204,10.9298,26.378,2024-04-28
Indianapolis,39.7771,-86.1458,1588961,64,39.77684638,-86.14575457,15.6128,8.9375,19.9124,2024-04-01
Manhattan,40.7834,-73.9662,1628706,112,40.78351785,-73.96617763,21.7055,17.4284,31.607,2024-04-29
Manhattan,40.7834,-73.9662,1628706,112,40.78351785,-73.96617763,13.2291,11.0391,17.5599,2024-04-30
Indianapolis,39.7771,-86.1458,1588961,64,39.77684638,-86.14575457,12.3723,6.1263,19.6375,2024-04-02
Indianapolis,39.7771,-86.1458,1588961,64,39.77684638,-86.14575457,4.0408,2.7288,6.6938,2024-04-03
Indianapolis,39.7771,-86.1458,1588961,64,39.77684638,-86.14575457,4.1032,2.3338,5.74,2024-04-04
Indianapolis,39.7771,-86.1458,1588961,64,39.77684638,-86.14575457,5.5939,4.0775,8.0975,2024-04-05
Indianapolis,39.7771,-86.1458,1588961,64,39.77684638,-86.14575457,8.5397,-0.1475,15.241,2024-04-06
Indianapolis,39.7771,-86.1458,1588961,64,39.77684638,-86.14575457,12.5891,3.9088,18.5525,2024-04-07
Indianapolis,39.7771,-86.1458,1588961,64,39.77684638,-86.14575457,17.8338,7.8212,24.8463,2024-04-08
Indianapolis,39.7771,-86.1458,1588961,64,39.77684638,-86.14575457,17.7534,12.9462,23.3388,2024-04-09
Indianapolis,39.7771,-86.1458,1588961,64,39.77684638,-86.14575457,15.0151,12.0508,16.8775,2024-04-10
Indianapolis,39.7771,-86.1458,1588961,64,39.77684638,-86.14575457,12.5586,10.2387,17.2124,2024-04-11
Indianapolis,39.7771,-86.1458,1588961,64,39.77684638,-86.14575457,11.4301,8.96,15.9825,2024-04-12
Indianapolis,39.7771,-86.1458,1588961,64,39.77684638,-86.14575457,14.4133,6.385,20.9572,2024-04-13
Indianapolis,39.7771,-86.1458,1588961,64,39.77684638,-86.14575457,21.5938,12.9,28.1425,2024-04-14
Indianapolis,39.7771,-86.1458,1588961,64,39.77684638,-86.14575457,22.0215,16.5613,28.4224,2024-04-15
Indianapolis,39.7771,-86.1458,1588961,64,39.77684638,-86.14575457,22.7602,14.1913,28.4587,2024-04-16
Indianapolis,39.7771,-86.1458,1588961,64,39.77684638,-86.14575457,19.5638,16.0126,25.3375,2024-04-17
Indianapolis,39.7771,-86.1458,1588961,64,39.77684638,-86.14575457,19.1026,8.935,25.4025,2024-04-18
Indianapolis,39.7771,-86.1458,1588961,64,39.77684638,-86.14575457,8.0158,5.135,11.9075,2024-04-20
Indianapolis,39.7771,-86.1458,1588961,64,39.77684638,-86.14575457,12.4651,9.9212,18.1075,2024-04-19
Indianapolis,39.7771,-86.1458,1588961,64,39.77684638,-86.14575457,7.9806,2.8637,12.8987,2024-04-21
Indianapolis,39.7771,-86.1458,1588961,64,39.77684638,-86.14575457,12.2899,2.4088,18.985,2024-04-22
Indianapolis,39.7771,-86.1458,1588961,64,39.77684638,-86.14575457,12.7608,8.52,19.89,2024-04-23
Indianapolis,39.7771,-86.1458,1588961,64,39.77684638,-86.14575457,9.1001,6.6775,13.1475,2024-04-24
Indianapolis,39.7771,-86.1458,1588961,64,39.77684638,-86.14575457,11.2546,5.0638,16.7138,2024-04-25
Indianapolis,39.7771,-86.1458,1588961,64,39.77684638,-86.14575457,16.1079,6.1938,22.1121,2024-04-26
Indianapolis,39.7771,-86.1458,1588961,64,39.77684638,-86.14575457,23.7612,19.1975,28.4,2024-04-28
Indianapolis,39.7771,-86.1458,1588961,64,39.77684638,-86.14575457,22.3305,16.9138,27.8138,2024-04-27
Indianapolis,39.7771,-86.1458,1588961,64,39.77684638,-86.14575457,19.0161,16.9475,24.1287,2024-04-29
Indianapolis,39.7771,-86.1458,1588961,64,39.77684638,-86.14575457,19.9311,15.0275,25.5975,2024-04-30
Columbus,39.9862,-82.985,1562009,97,39.98588168,-82.98518474,14.0377,10.1331,17.5597,2024-04-01
Columbus,39.9862,-82.985,1562009,97,39.98588168,-82.98518474,16.5393,12.2898,19.6202,2024-04-02
Columbus,39.9862,-82.985,1562009,97,39.98588168,-82.98518474,6.6606,4.3557,15.9159,2024-04-03
Columbus,39.9862,-82.985,1562009,97,39.98588168,-82.98518474,5.0119,2.4409,8.4798,2024-04-04
Columbus,39.9862,-82.985,1562009,97,39.98588168,-82.98518474,4.9868,3.5746,7.1353,2024-04-05
Columbus,39.9862,-82.985,1562009,97,39.98588168,-82.98518474,7.2634,1.6754,12.1761,2024-04-06
Columbus,39.9862,-82.985,1562009,97,39.98588168,-82.98518474,10.8715,0.7327,17.0604,2024-04-07
Columbus,39.9862,-82.985,1562009,97,39.98588168,-82.98518474,17.5602,9.1675,24.4128,2024-04-08
Columbus,39.9862,-82.985,1562009,97,39.98588168,-82.98518474,16.0287,13.9733,18.1077,2024-04-10
Columbus,39.9862,-82.985,1562009,97,39.98588168,-82.98518474,16.0365,12.2065,19.1038,2024-04-11
Columbus,39.9862,-82.985,1562009,97,39.98588168,-82.98518474,10.5597,8.8335,13.8369,2024-04-12
Columbus,39.9862,-82.985,1562009,97,39.98588168,-82.98518474,16.921,13.6078,21.681,2024-04-09
Columbus,39.9862,-82.985,1562009,97,39.98588168,-82.98518474,12.2285,6.3536,18.3977,2024-04-13
Columbus,39.9862,-82.985,1562009,97,39.98588168,-82.98518474,19.5477,7.842,28.1528,2024-04-14
Columbus,39.9862,-82.985,1562009,97,39.98588168,-82.98518474,22.3889,9.9293,29.8835,2024-04-16
Columbus,39.9862,-82.985,1562009,97,39.98588168,-82.98518474,20.0792,14.0578,26.5759,2024-04-15
Columbus,39.9862,-82.985,1562009,97,39.98588168,-82.98518474,19.8513,16.2079,26.5301,2024-04-17
Columbus,39.9862,-82.985,1562009,97,39.98588168,-82.98518474,18.1789,12.3085,24.0052,2024-04-18
Columbus,39.9862,-82.985,1562009,97,39.98588168,-82.98518474,13.7254,10.0229,17.8388,2024-04-19
Columbus,39.9862,-82.985,1562009,97,39.98588168,-82.98518474,9.3515,6.7311,13.2228,2024-04-20
Columbus,39.9862,-82.985,1562009,97,39.98588168,-82.98518474,7.1428,3.8728,10.3832,2024-04-21
Columbus,39.9862,-82.985,1562009,97,39.98588168,-82.98518474,10.3797,0.9343,17.1442,2024-04-22
Columbus,39.9862,-82.985,1562009,97,39.98588168,-82.98518474,12.8509,7.0205,20.2117,2024-04-23
Columbus,39.9862,-82.985,1562009,97,39.98588168,-82.98518474,9.353,6.6257,13.6061,2024-04-24
Columbus,39.9862,-82.985,1562009,97,39.98588168,-82.98518474,9.774,0.9489,16.0929,2024-04-25
Columbus,39.9862,-82.985,1562009,97,39.98588168,-82.98518474,17.3513,4.2902,24.7814,2024-04-26
Columbus,39.9862,-82.985,1562009,97,39.98588168,-82.98518474,22.4819,17.7161,27.462,2024-04-27
Columbus,39.9862,-82.985,1562009,97,39.98588168,-82.98518474,23.9006,17.3523,29.502,2024-04-28
Columbus,39.9862,-82.985,1562009,97,39.98588168,-82.98518474,23.3111,15.6444,29.1093,2024-04-29
Columbus,39.9862,-82.985,1562009,97,39.98588168,-82.98518474,19.0893,15.9496,24.5279,2024-04-30
Charlotte,35.208,-80.8304,1512923,72,35.20796486,-80.83017216,22.4309,16.8221,28.5791,2024-04-01
Charlotte,35.208,-80.8304,1512923,72,35.20796486,-80.83017216,23.7886,19.3093,29.5042,2024-04-02
Charlotte,35.208,-80.8304,1512923,72,35.20796486,-80.83017216,18.2628,12.9287,25.0821,2024-04-03
Charlotte,35.208,-80.8304,1512923,72,35.20796486,-80.83017216,10.7192,6.3868,15.0018,2024-04-04
Charlotte,35.208,-80.8304,1512923,72,35.20796486,-80.83017216,11.8828,3.7979,18.2648,2024-04-06
Charlotte,35.208,-80.8304,1512923,72,35.20796486,-80.83017216,10.6711,5.9511,17.5409,2024-04-05
Charlotte,35.208,-80.8304,1512923,72,35.20796486,-80.83017216,13.8716,4.0232,21.1631,2024-04-07
Charlotte,35.208,-80.8304,1512923,72,35.20796486,-80.83017216,18.6433,9.7464,25.41,2024-04-08
Charlotte,35.208,-80.8304,1512923,72,35.20796486,-80.83017216,15.9743,14.6521,18.3109,2024-04-09
Charlotte,35.208,-80.8304,1512923,72,35.20796486,-80.83017216,19.8575,14.5478,25.4828,2024-04-10
Charlotte,35.208,-80.8304,1512923,72,35.20796486,-80.83017216,20.4274,18.4237,24.5901,2024-04-11
Charlotte,35.208,-80.8304,1512923,72,35.20796486,-80.83017216,16.3549,7.8679,24.0031,2024-04-13
Charlotte,35.208,-80.8304,1512923,72,35.20796486,-80.83017216,15.4031,12.1413,22.1527,2024-04-12
Charlotte,35.208,-80.8304,1512923,72,35.20796486,-80.83017216,20.6102,7.0711,29.768,2024-04-14
Charlotte,35.208,-80.8304,1512923,72,35.20796486,-80.83017216,23.9506,12.7832,31.6169,2024-04-15
Charlotte,35.208,-80.8304,1512923,72,35.20796486,-80.83017216,23.9833,16.2472,31.5974,2024-04-16
Charlotte,35.208,-80.8304,1512923,72,35.20796486,-80.83017216,22.3144,17.3621,27.7932,2024-04-17
Charlotte,35.208,-80.8304,1512923,72,35.20796486,-80.83017216,24.2013,14.02,32.4058,2024-04-18
Charlotte,35.208,-80.8304,1512923,72,35.20796486,-80.83017216,23.0248,16.8436,30.4471,2024-04-19
Charlotte,35.208,-80.8304,1512923,72,35.20796486,-80.83017216,12.096,9.2948,17.6599,2024-04-21
Charlotte,35.208,-80.8304,1512923,72,35.20796486,-80.83017216,21.2575,18.006,28.635,2024-04-20
Charlotte,35.208,-80.8304,1512923,72,35.20796486,-80.83017216,11.8412,6.9774,17.7021,2024-04-22
Charlotte,35.208,-80.8304,1512923,72,35.20796486,-80.83017216,18.3639,10.8742,24.2548,2024-04-24
Charlotte,35.208,-80.8304,1512923,72,35.20796486,-80.83017216,18.5757,10.2553,26.1585,2024-04-25
Charlotte,35.208,-80.8304,1512923,72,35.20796486,-80.83017216,15.8663,5.8643,23.3743,2024-04-23
Charlotte,35.208,-80.8304,1512923,72,35.20796486,-80.83017216,20.7527,15.72,25.9732,2024-04-27
Charlotte,35.208,-80.8304,1512923,72,35.20796486,-80.83017216,20.607,14.9537,25.0234,2024-04-28
Charlotte,35.208,-80.8304,1512923,72,35.20796486,-80.83017216,20.8787,16.2968,27.0222,2024-04-30
Charlotte,35.208,-80.8304,1512923,72,35.20796486,-80.83017216,21.4606,15.2605,27.5209,2024-04-29
Virginia Beach,36.7335,-76.0435,1478868,152,36.73373619,-76.04318351,15.0151,10.7415,28.1015,2024-04-01
Virginia Beach,36.7335,-76.0435,1478868,152,36.73373619,-76.04318351,14.7652,10.5984,23.0032,2024-04-02
Virginia Beach,36.7335,-76.0435,1478868,152,36.73373619,-76.04318351,18.6443,10.7379,24.6683,2024-04-03
Virginia Beach,36.7335,-76.0435,1478868,152,36.73373619,-76.04318351,10.8254,7.6955,15.3832,2024-04-04
Virginia Beach,36.7335,-76.0435,1478868,152,36.73373619,-76.04318351,11.5441,5.2573,16.9112,2024-04-05
Virginia Beach,36.7335,-76.0435,1478868,152,36.73373619,-76.04318351,10.3525,4.6421,14.6423,2024-04-06
Virginia Beach,36.7335,-76.0435,1478868,152,36.73373619,-76.04318351,10.099,6.4762,16.7569,2024-04-07
Virginia Beach,36.7335,-76.0435,1478868,152,36.73373619,-76.04318351,15.6077,4.4878,22.0775,2024-04-08
Virginia Beach,36.7335,-76.0435,1478868,152,36.73373619,-76.04318351,20.2857,14.1515,25.9732,2024-04-09
Virginia Beach,36.7335,-76.0435,1478868,152,36.73373619,-76.04318351,20.4997,17.2131,25.0882,2024-04-10
Virginia Beach,36.7335,-76.0435,1478868,152,36.73373619,-76.04318351,20.7382,16.1286,24.6091,2024-04-11
Virginia Beach,36.7335,-76.0435,1478868,152,36.73373619,-76.04318351,19.3716,16.6548,22.8764,2024-04-12
Virginia Beach,36.7335,-76.0435,1478868,152,36.73373619,-76.04318351,16.7308,11.2879,22.1263,2024-04-13
Virginia Beach,36.7335,-76.0435,1478868,152,36.73373619,-76.04318351,23.2893,16.2432,32.0354,2024-04-15
Virginia Beach,36.7335,-76.0435,1478868,152,36.73373619,-76.04318351,16.2875,13.0832,20.0152,2024-04-16
Virginia Beach,36.7335,-76.0435,1478868,152,36.73373619,-76.04318351,18.9638,7.259,25.4575,2024-04-14
Virginia Beach,36.7335,-76.0435,1478868,152,36.73373619,-76.04318351,21.9333,12.0776,29.1211,2024-04-17
Virginia Beach,36.7335,-76.0435,1478868,152,36.73373619,-76.04318351,18.4834,12.8124,26.836,2024-04-18
Virginia Beach,36.7335,-76.0435,1478868,152,36.73373619,-76.04318351,16.3497,12.3104,21.8662,2024-04-20
Virginia Beach,36.7335,-76.0435,1478868,152,36.73373619,-76.04318351,12.61,10.9855,16.4813,2024-04-19
Virginia Beach,36.7335,-76.0435,1478868,152,36.73373619,-76.04318351,10.7205,9.2817,14.6748,2024-04-21
Virginia Beach,36.7335,-76.0435,1478868,152,36.73373619,-76.04318351,9.3082,6.4273,14.4276,2024-04-22
Virginia Beach,36.7335,-76.0435,1478868,152,36.73373619,-76.04318351,15.1342,11.8414,20.4175,2024-04-24
Virginia Beach,36.7335,-76.0435,1478868,152,36.73373619,-76.04318351,12.0324,3.3101,19.2119,2024-04-23
Virginia Beach,36.7335,-76.0435,1478868,152,36.73373619,-76.04318351,11.6673,9.6415,16.2709,2024-04-25
Virginia Beach,36.7335,-76.0435,1478868,152,36.73373619,-76.04318351,11.7053,8.5783,16.4324,2024-04-26
Virginia Beach,36.7335,-76.0435,1478868,152,36.73373619,-76.04318351,15.4885,9.8163,20.2387,2024-04-27
Virginia Beach,36.7335,-76.0435,1478868,152,36.73373619,-76.04318351,22.1025,13.2203,28.4411,2024-04-28
Virginia Beach,36.7335,-76.0435,1478868,152,36.73373619,-76.04318351,23.9678,17.9447,30.2702,2024-04-29
Bronx,40.8501,-73.8662,1418207,127,40.85015691,-73.86634826,9.3702,7.2903,12.1102,2024-04-01
Bronx,40.8501,-73.8662,1418207,127,40.85015691,-73.86634826,7.3186,5.9203,8.6102,2024-04-02
Virginia Beach,36.7335,-76.0435,1478868,152,36.73373619,-76.04318351,23.823,18.5378,30.1869,2024-04-30
Bronx,40.8501,-73.8662,1418207,127,40.85015691,-73.86634826,5.7131,5.2401,6.6702,2024-04-03
Bronx,40.8501,-73.8662,1418207,127,40.85015691,-73.86634826,5.4114,3.42,8.9702,2024-04-04
Bronx,40.8501,-73.8662,1418207,127,40.85015691,-73.86634826,6.1374,3.1301,9.71,2024-04-05
Bronx,40.8501,-73.8662,1418207,127,40.85015691,-73.86634826,7.2543,4.2901,11.9803,2024-04-06
Bronx,40.8501,-73.8662,1418207,127,40.85015691,-73.86634826,9.3565,3.9401,14.8699,2024-04-07
Bronx,40.8501,-73.8662,1418207,127,40.85015691,-73.86634826,16.1624,8.67,25.7401,2024-04-09
Bronx,40.8501,-73.8662,1418207,127,40.85015691,-73.86634826,12.1232,3.3601,18.9298,2024-04-08
Bronx,40.8501,-73.8662,1418207,127,40.85015691,-73.86634826,11.7805,9.12,16.4098,2024-04-10
Bronx,40.8501,-73.8662,1418207,127,40.85015691,-73.86634826,14.0919,8.8501,16.8501,2024-04-11
Bronx,40.8501,-73.8662,1418207,127,40.85015691,-73.86634826,9.8224,8.7,12.26,2024-04-13
Bronx,40.8501,-73.8662,1418207,127,40.85015691,-73.86634826,14.8301,12.8304,17.25,2024-04-12
Bronx,40.8501,-73.8662,1418207,127,40.85015691,-73.86634826,14.5164,6.23,22.3803,2024-04-14
Bronx,40.8501,-73.8662,1418207,127,40.85015691,-73.86634826,18.9958,13.1898,27.6299,2024-04-15
Bronx,40.8501,-73.8662,1418207,127,40.85015691,-73.86634826,16.2339,9.2903,22.4798,2024-04-16
Bronx,40.8501,-73.8662,1418207,127,40.85015691,-73.86634826,11.1969,9.32,16.4402,2024-04-17
Bronx,40.8501,-73.8662,1418207,127,40.85015691,-73.86634826,8.219,7.34,9.1902,2024-04-18
Bronx,40.8501,-73.8662,1418207,127,40.85015691,-73.86634826,12.8344,8.9501,21.0401,2024-04-20
Bronx,40.8501,-73.8662,1418207,127,40.85015691,-73.86634826,9.801,6.83,13.86,2024-04-19
Bronx,40.8501,-73.8662,1418207,127,40.85015691,-73.86634826,8.2874,3.9601,12.2903,2024-04-21
Bronx,40.8501,-73.8662,1418207,127,40.85015691,-73.86634826,9.9427,3.2901,17.5498,2024-04-22
Bronx,40.8501,-73.8662,1418207,127,40.85015691,-73.86634826,10.7939,5.1299,18.0801,2024-04-23
Bronx,40.8501,-73.8662,1418207,127,40.85015691,-73.86634826,14.7757,8.7999,21.9199,2024-04-24
Bronx,40.8501,-73.8662,1418207,127,40.85015691,-73.86634826,8.3938,4.85,14.64,2024-04-25
Bronx,40.8501,-73.8662,1418207,127,40.85015691,-73.86634826,9.6345,4.1102,16.9398,2024-04-26
Bronx,40.8501,-73.8662,1418207,127,40.85015691,-73.86634826,17.6701,10.4796,26.3801,2024-04-28
Bronx,40.8501,-73.8662,1418207,127,40.85015691,-73.86634826,10.9191,4.25,16.8697,2024-04-27
Bronx,40.8501,-73.8662,1418207,127,40.85015691,-73.86634826,21.7926,16.9798,31.4501,2024-04-29
Bronx,40.8501,-73.8662,1418207,127,40.85015691,-73.86634826,12.9905,11.01,17.5698,2024-04-30
Milwaukee,43.0642,-87.9673,1365787,132,43.06455087,-87.96732438,3.8696,1.85,6.7376,2024-04-01
Milwaukee,43.0642,-87.9673,1365787,132,43.06455087,-87.96732438,2.9185,1.8124,4.5397,2024-04-02
Milwaukee,43.0642,-87.9673,1365787,132,43.06455087,-87.96732438,2.3311,1.0494,4.0878,2024-04-03
Milwaukee,43.0642,-87.9673,1365787,132,43.06455087,-87.96732438,4.5473,1.8195,9.4011,2024-04-05
Milwaukee,43.0642,-87.9673,1365787,132,43.06455087,-87.96732438,3.6313,2.0127,5.2649,2024-04-04
Milwaukee,43.0642,-87.9673,1365787,132,43.06455087,-87.96732438,4.5884,-0.3267,10.957,2024-04-06
Milwaukee,43.0642,-87.9673,1365787,132,43.06455087,-87.96732438,5.6551,1.4708,8.0151,2024-04-07
Milwaukee,43.0642,-87.9673,1365787,132,43.06455087,-87.96732438,12.44,5.0857,19.6695,2024-04-08
Milwaukee,43.0642,-87.9673,1365787,132,43.06455087,-87.96732438,10.8569,6.4062,16.4381,2024-04-09
Milwaukee,43.0642,-87.9673,1365787,132,43.06455087,-87.96732438,10.2085,7.223,13.966,2024-04-11
Milwaukee,43.0642,-87.9673,1365787,132,43.06455087,-87.96732438,12.1965,5.5186,20.7915,2024-04-10
Milwaukee,43.0642,-87.9673,1365787,132,43.06455087,-87.96732438,11.1442,7.6714,16.4105,2024-04-12
Milwaukee,43.0642,-87.9673,1365787,132,43.06455087,-87.96732438,13.8715,4.147,20.3216,2024-04-13
Milwaukee,43.0642,-87.9673,1365787,132,43.06455087,-87.96732438,16.5677,11.3831,25.1867,2024-04-14
Milwaukee,43.0642,-87.9673,1365787,132,43.06455087,-87.96732438,13.0026,5.6137,22.153,2024-04-15
Milwaukee,43.0642,-87.9673,1365787,132,43.06455087,-87.96732438,12.0439,6.5454,16.9157,2024-04-16
Milwaukee,43.0642,-87.9673,1365787,132,43.06455087,-87.96732438,12.5522,10.2205,17.37,2024-04-17
Milwaukee,43.0642,-87.9673,1365787,132,43.06455087,-87.96732438,9.216,6.0086,13.0097,2024-04-18
Milwaukee,43.0642,-87.9673,1365787,132,43.06455087,-87.96732438,3.8049,0.5343,7.1241,2024-04-20
Milwaukee,43.0642,-87.9673,1365787,132,43.06455087,-87.96732438,7.5005,2.6827,12.6316,2024-04-19
Milwaukee,43.0642,-87.9673,1365787,132,43.06455087,-87.96732438,8.1704,0.0305,14.0681,2024-04-21
Milwaukee,43.0642,-87.9673,1365787,132,43.06455087,-87.96732438,13.0351,3.4695,19.1062,2024-04-22
Milwaukee,43.0642,-87.9673,1365787,132,43.06455087,-87.96732438,13.075,5.2884,21.026,2024-04-23
Milwaukee,43.0642,-87.9673,1365787,132,43.06455087,-87.96732438,3.8157,1.7852,6.9513,2024-04-24
Milwaukee,43.0642,-87.9673,1365787,132,43.06455087,-87.96732438,5.8343,-2.1205,11.6775,2024-04-25
Milwaukee,43.0642,-87.9673,1365787,132,43.06455087,-87.96732438,20.4513,10.0338,27.7735,2024-04-27
Milwaukee,43.0642,-87.9673,1365787,132,43.06455087,-87.96732438,8.9523,4.0119,12.4162,2024-04-26
Milwaukee,43.0642,-87.9673,1365787,132,43.06455087,-87.96732438,9.1309,6.2857,17.5041,2024-04-28
Milwaukee,43.0642,-87.9673,1365787,132,43.06455087,-87.96732438,14.4569,8.3219,21.1119,2024-04-29
Milwaukee,43.0642,-87.9673,1365787,132,43.06455087,-87.96732438,13.5303,7.6837,21.3362,2024-04-30
Providence,41.823,-71.4187,1203230,124,41.82278393,-71.41900147,6.8779,3.84,11.638,2024-04-02
Providence,41.823,-71.4187,1203230,124,41.82278393,-71.41900147,7.9091,3.4803,13.6888,2024-04-01
Providence,41.823,-71.4187,1203230,124,41.82278393,-71.41900147,4.5361,3.5896,6.3795,2024-04-03
Providence,41.823,-71.4187,1203230,124,41.82278393,-71.41900147,3.44,2.3503,4.7896,2024-04-04
Providence,41.823,-71.4187,1203230,124,41.82278393,-71.41900147,5.1078,1.8503,8.1998,2024-04-05
Providence,41.823,-71.4187,1203230,124,41.82278393,-71.41900147,5.3149,3.1496,8.4004,2024-04-06
Providence,41.823,-71.4187,1203230,124,41.82278393,-71.41900147,6.2167,2.8798,10.7796,2024-04-07
Providence,41.823,-71.4187,1203230,124,41.82278393,-71.41900147,11.3299,1.5893,19.9392,2024-04-08
Providence,41.823,-71.4187,1203230,124,41.82278393,-71.41900147,12.213,5.0686,22.6715,2024-04-09
Providence,41.823,-71.4187,1203230,124,41.82278393,-71.41900147,12.2214,9.8991,14.1394,2024-04-11
Providence,41.823,-71.4187,1203230,124,41.82278393,-71.41900147,11.0498,4.6702,16.9209,2024-04-10
Providence,41.823,-71.4187,1203230,124,41.82278393,-71.41900147,12.8602,9.8106,15.6702,2024-04-12
Providence,41.823,-71.4187,1203230,124,41.82278393,-71.41900147,9.6484,7.87,13.0609,2024-04-13
Providence,41.823,-71.4187,1203230,124,41.82278393,-71.41900147,10.6674,6.1707,16.5394,2024-04-14
Providence,41.823,-71.4187,1203230,124,41.82278393,-71.41900147,15.3284,7.7196,21.2194,2024-04-16
Providence,41.823,-71.4187,1203230,124,41.82278393,-71.41900147,15.9354,7.6905,25.1091,2024-04-15
Providence,41.823,-71.4187,1203230,124,41.82278393,-71.41900147,10.0434,6.9604,17.3184,2024-04-17
Providence,41.823,-71.4187,1203230,124,41.82278393,-71.41900147,7.7752,6.8496,10.1188,2024-04-18
Providence,41.823,-71.4187,1203230,124,41.82278393,-71.41900147,9.4855,6.1806,16.6706,2024-04-19
Providence,41.823,-71.4187,1203230,124,41.82278393,-71.41900147,10.7371,7.8904,16.4104,2024-04-20
Providence,41.823,-71.4187,1203230,124,41.82278393,-71.41900147,7.7532,2.8402,13.1896,2024-04-21
Providence,41.823,-71.4187,1203230,124,41.82278393,-71.41900147,8.7062,2.2789,15.8196,2024-04-22
Providence,41.823,-71.4187,1203230,124,41.82278393,-71.41900147,8.2776,2.2297,15.6973,2024-04-23
Providence,41.823,-71.4187,1203230,124,41.82278393,-71.41900147,11.5088,4.8503,19.4389,2024-04-24
Providence,41.823,-71.4187,1203230,124,41.82278393,-71.41900147,6.1502,1.5492,14.1995,2024-04-25
Providence,41.823,-71.4187,1203230,124,41.82278393,-71.41900147,10.7522,2.7393,19.6022,2024-04-27
Providence,41.823,-71.4187,1203230,124,41.82278393,-71.41900147,7.7809,1.51,16.4487,2024-04-26
Providence,41.823,-71.4187,1203230,124,41.82278393,-71.41900147,12.5688,7.3703,17.8077,2024-04-28
Providence,41.823,-71.4187,1203230,124,41.82278393,-71.41900147,16.0893,12.2309,24.3414,2024-04-29
Providence,41.823,-71.4187,1203230,124,41.82278393,-71.41900147,13.0555,11.0802,18.5768,2024-04-30
Jacksonville,30.3322,-81.6749,1181496,108,30.33213055,-81.67463376,24.5547,18.7,30.36,2024-04-02
Jacksonville,30.3322,-81.6749,1181496,108,30.33213055,-81.67463376,23.0952,17.09,28.74,2024-04-01
Jacksonville,30.3322,-81.6749,1181496,108,30.33213055,-81.67463376,21.5436,18.2,25.02,2024-04-03
Jacksonville,30.3322,-81.6749,1181496,108,30.33213055,-81.67463376,18.7661,13.41,23.86,2024-04-04
Jacksonville,30.3322,-81.6749,1181496,108,30.33213055,-81.67463376,19.3858,12.3304,25.0873,2024-04-05
Jacksonville,30.3322,-81.6749,1181496,108,30.33213055,-81.67463376,17.5153,11.08,23.8273,2024-04-07
Jacksonville,30.3322,-81.6749,1181496,108,30.33213055,-81.67463376,15.9634,12.04,20.93,2024-04-06
Jacksonville,30.3322,-81.6749,1181496,108,30.33213055,-81.67463376,20.2688,14.03,26.33,2024-04-08
Jacksonville,30.3322,-81.6749,1181496,108,30.33213055,-81.67463376,22.2802,17.4883,27.7,2024-04-09
Jacksonville,30.3322,-81.6749,1181496,108,30.33213055,-81.67463376,23.8028,20.14,28.11,2024-04-10
Jacksonville,30.3322,-81.6749,1181496,108,30.33213055,-81.67463376,23.3631,20.74,28.8,2024-04-11
Jacksonville,30.3322,-81.6749,1181496,108,30.33213055,-81.67463376,21.8206,14.9998,27.95,2024-04-12
Jacksonville,30.3322,-81.6749,1181496,108,30.33213055,-81.67463376,20.4703,13.0785,27.03,2024-04-13
Jacksonville,30.3322,-81.6749,1181496,108,30.33213055,-81.67463376,24.606,18.0505,31.49,2024-04-15
Jacksonville,30.3322,-81.6749,1181496,108,30.33213055,-81.67463376,22.5069,13.39,30.1,2024-04-14
Jacksonville,30.3322,-81.6749,1181496,108,30.33213055,-81.67463376,23.615,17.49,31.2,2024-04-16
Jacksonville,30.3322,-81.6749,1181496,108,30.33213055,-81.67463376,24.1184,18.17,31.06,2024-04-17
Jacksonville,30.3322,-81.6749,1181496,108,30.33213055,-81.67463376,25.9004,21.77,31.73,2024-04-18
Jacksonville,30.3322,-81.6749,1181496,108,30.33213055,-81.67463376,26.882,20.81,32.81,2024-04-19
Jacksonville,30.3322,-81.6749,1181496,108,30.33213055,-81.67463376,23.0297,18.8915,30.58,2024-04-21
Jacksonville,30.3322,-81.6749,1181496,108,30.33213055,-81.67463376,26.591,21.65,33.29,2024-04-20
Jacksonville,30.3322,-81.6749,1181496,108,30.33213055,-81.67463376,19.244,12.68,24.92,2024-04-23
Jacksonville,30.3322,-81.6749,1181496,108,30.33213055,-81.67463376,18.2405,14.94,22.8,2024-04-22
Jacksonville,30.3322,-81.6749,1181496,108,30.33213055,-81.67463376,21.6505,14.4503,28.22,2024-04-24
Jacksonville,30.3322,-81.6749,1181496,108,30.33213055,-81.67463376,23.7978,17.26,29.95,2024-04-25
Jacksonville,30.3322,-81.6749,1181496,108,30.33213055,-81.67463376,24.162,20.18,29.56,2024-04-26
Jacksonville,30.3322,-81.6749,1181496,108,30.33213055,-81.67463376,24.0789,21.6415,27.96,2024-04-27
Jacksonville,30.3322,-81.6749,1181496,108,30.33213055,-81.67463376,23.4754,21.09,28.31,2024-04-28
Jacksonville,30.3322,-81.6749,1181496,108,30.33213055,-81.67463376,24.1314,18.91,30.36,2024-04-29
Jacksonville,30.3322,-81.6749,1181496,108,30.33213055,-81.67463376,24.9598,20.91,30.39,2024-04-30
Salt Lake City,40.7777,-111.9306,1098526,86,40.7779341,-111.9304123,5.9553,3.0424,8.8997,2024-04-01
Salt Lake City,40.7777,-111.9306,1098526,86,40.7779341,-111.9304123,8.5003,1.0382,14.6299,2024-04-02
Salt Lake City,40.7777,-111.9306,1098526,86,40.7779341,-111.9304123,12.5361,3.2279,20.7967,2024-04-03
Salt Lake City,40.7777,-111.9306,1098526,86,40.7779341,-111.9304123,14.9651,8.4661,21.4812,2024-04-04
Salt Lake City,40.7777,-111.9306,1098526,86,40.7779341,-111.9304123,7.6978,3.055,14.7894,2024-04-05
Salt Lake City,40.7777,-111.9306,1098526,86,40.7779341,-111.9304123,3.1817,0.8533,4.7708,2024-04-06
Salt Lake City,40.7777,-111.9306,1098526,86,40.7779341,-111.9304123,4.633,0.5433,8.4213,2024-04-07
Salt Lake City,40.7777,-111.9306,1098526,86,40.7779341,-111.9304123,5.394,0.1806,9.8654,2024-04-08
Salt Lake City,40.7777,-111.9306,1098526,86,40.7779341,-111.9304123,10.018,3.5494,15.8512,2024-04-10
Salt Lake City,40.7777,-111.9306,1098526,86,40.7779341,-111.9304123,7.7773,0.1296,12.8484,2024-04-09
Salt Lake City,40.7777,-111.9306,1098526,86,40.7779341,-111.9304123,12.9928,2.9438,20.8023,2024-04-11
Salt Lake City,40.7777,-111.9306,1098526,86,40.7779341,-111.9304123,16.7895,9.5533,23.6022,2024-04-13
Salt Lake City,40.7777,-111.9306,1098526,86,40.7779341,-111.9304123,18.1885,8.7621,25.3126,2024-04-12
Salt Lake City,40.7777,-111.9306,1098526,86,40.7779341,-111.9304123,14.382,7.7731,20.7163,2024-04-14
Salt Lake City,40.7777,-111.9306,1098526,86,40.7779341,-111.9304123,7.3757,5.6428,10.1349,2024-04-15
Salt Lake City,40.7777,-111.9306,1098526,86,40.7779341,-111.9304123,11.8437,5.384,16.9383,2024-04-16
Salt Lake City,40.7777,-111.9306,1098526,86,40.7779341,-111.9304123,10.1481,4.8006,14.8366,2024-04-17
Salt Lake City,40.7777,-111.9306,1098526,86,40.7779341,-111.9304123,7.3009,0.7578,12.3119,2024-04-18
Salt Lake City,40.7777,-111.9306,1098526,86,40.7779341,-111.9304123,13.0554,5.839,19.1381,2024-04-20
Salt Lake City,40.7777,-111.9306,1098526,86,40.7779341,-111.9304123,10.0738,2.6627,15.4817,2024-04-19
Salt Lake City,40.7777,-111.9306,1098526,86,40.7779341,-111.9304123,15.719,8.3838,21.0424,2024-04-22
Salt Lake City,40.7777,-111.9306,1098526,86,40.7779341,-111.9304123,16.5909,5.2254,24.628,2024-04-21
Salt Lake City,40.7777,-111.9306,1098526,86,40.7779341,-111.9304123,17.1813,10.1341,22.4467,2024-04-23
Salt Lake City,40.7777,-111.9306,1098526,86,40.7779341,-111.9304123,18.6892,11.7782,24.7581,2024-04-24
Salt Lake City,40.7777,-111.9306,1098526,86,40.7779341,-111.9304123,9.3882,8.2256,11.1029,2024-04-26
Salt Lake City,40.7777,-111.9306,1098526,86,40.7779341,-111.9304123,13.9864,11.0869,18.3712,2024-04-25
Salt Lake City,40.7777,-111.9306,1098526,86,40.7779341,-111.9304123,9.0354,7.3631,11.0581,2024-04-27
Salt Lake City,40.7777,-111.9306,1098526,86,40.7779341,-111.9304123,11.2785,5.3056,16.0208,2024-04-28
Salt Lake City,40.7777,-111.9306,1098526,86,40.7779341,-111.9304123,13.5225,6.4211,19.5511,2024-04-29
Salt Lake City,40.7777,-111.9306,1098526,86,40.7779341,-111.9304123,10.3771,3.3416,15.538,2024-04-30
Nashville,36.1715,-86.7843,1081903,91,36.17134219,-86.78389527,23.3473,21.3161,27.4251,2024-04-01
Nashville,36.1715,-86.7843,1081903,91,36.17134219,-86.78389527,10.5337,7.2755,14.4823,2024-04-03
Nashville,36.1715,-86.7843,1081903,91,36.17134219,-86.78389527,20.5935,15.737,25.1172,2024-04-02
Nashville,36.1715,-86.7843,1081903,91,36.17134219,-86.78389527,9.2988,7.2904,13.7758,2024-04-04
Nashville,36.1715,-86.7843,1081903,91,36.17134219,-86.78389527,8.4473,3.3436,11.4617,2024-04-05
Nashville,36.1715,-86.7843,1081903,91,36.17134219,-86.78389527,11.2935,3.1049,18.0562,2024-04-06
Nashville,36.1715,-86.7843,1081903,91,36.17134219,-86.78389527,18.3326,5.0935,26.1879,2024-04-07
Nashville,36.1715,-86.7843,1081903,91,36.17134219,-86.78389527,20.609,16.0496,24.4058,2024-04-08
Nashville,36.1715,-86.7843,1081903,91,36.17134219,-86.78389527,17.1327,16.1762,19.1477,2024-04-09
Nashville,36.1715,-86.7843,1081903,91,36.17134219,-86.78389527,19.0666,16.43,22.5132,2024-04-10
Nashville,36.1715,-86.7843,1081903,91,36.17134219,-86.78389527,14.8409,8.5879,19.9972,2024-04-12
Nashville,36.1715,-86.7843,1081903,91,36.17134219,-86.78389527,15.7048,13.4683,21.2779,2024-04-11
Nashville,36.1715,-86.7843,1081903,91,36.17134219,-86.78389527,23.5292,14.2144,31.4165,2024-04-14
Nashville,36.1715,-86.7843,1081903,91,36.17134219,-86.78389527,18.5979,6.0541,26.6279,2024-04-13
Nashville,36.1715,-86.7843,1081903,91,36.17134219,-86.78389527,24.8567,17.1387,31.4866,2024-04-15
Nashville,36.1715,-86.7843,1081903,91,36.17134219,-86.78389527,25.3951,19.8336,31.6908,2024-04-16
Nashville,36.1715,-86.7843,1081903,91,36.17134219,-86.78389527,24.405,20.2436,29.0228,2024-04-17
Nashville,36.1715,-86.7843,1081903,91,36.17134219,-86.78389527,25.087,19.9404,31.5786,2024-04-18
Nashville,36.1715,-86.7843,1081903,91,36.17134219,-86.78389527,17.7036,15.7949,23.5774,2024-04-19
Nashville,36.1715,-86.7843,1081903,91,36.17134219,-86.78389527,14.6002,9.9679,20.2255,2024-04-20
Nashville,36.1715,-86.7843,1081903,91,36.17134219,-86.78389527,11.4616,8.2657,16.0523,2024-04-21
Nashville,36.1715,-86.7843,1081903,91,36.17134219,-86.78389527,12.8626,3.4428,19.9817,2024-04-22
Nashville,36.1715,-86.7843,1081903,91,36.17134219,-86.78389527,19.0934,14.9885,25.0992,2024-04-24
Nashville,36.1715,-86.7843,1081903,91,36.17134219,-86.78389527,17.9943,6.0292,25.1098,2024-04-23
Nashville,36.1715,-86.7843,1081903,91,36.17134219,-86.78389527,17.5443,8.5755,23.6102,2024-04-25
Nashville,36.1715,-86.7843,1081903,91,36.17134219,-86.78389527,23.1629,13.2711,30.6236,2024-04-26
Nashville,36.1715,-86.7843,1081903,91,36.17134219,-86.78389527,24.6109,21.3149,29.7083,2024-04-27
Nashville,36.1715,-86.7843,1081903,91,36.17134219,-86.78389527,23.3925,18.4728,28.2708,2024-04-28
Nashville,36.1715,-86.7843,1081903,91,36.17134219,-86.78389527,23.0782,18.5143,28.2568,2024-04-29
Richmond,37.5295,-77.4756,1075798,81,37.53011258,-77.4759319,14.3256,8.2932,21.1594,2024-04-01
Nashville,36.1715,-86.7843,1081903,91,36.17134219,-86.78389527,21.2559,17.6272,26.9398,2024-04-30
Richmond,37.5295,-77.4756,1075798,81,37.53011258,-77.4759319,14.8544,11.1663,21.1374,2024-04-02
Richmond,37.5295,-77.4756,1075798,81,37.53011258,-77.4759319,12.5539,9.5237,17.7332,2024-04-03
Richmond,37.5295,-77.4756,1075798,81,37.53011258,-77.4759319,9.6704,4.3568,15.6494,2024-04-05
Richmond,37.5295,-77.4756,1075798,81,37.53011258,-77.4759319,9.0358,3.7211,13.6784,2024-04-04
Richmond,37.5295,-77.4756,1075798,81,37.53011258,-77.4759319,9.1614,2.5606,14.7019,2024-04-06
Richmond,37.5295,-77.4756,1075798,81,37.53011258,-77.4759319,11.1662,4.02,19.0905,2024-04-07
Richmond,37.5295,-77.4756,1075798,81,37.53011258,-77.4759319,16.4164,3.4483,23.8301,2024-04-08
Richmond,37.5295,-77.4756,1075798,81,37.53011258,-77.4759319,19.8155,12.9448,26.0911,2024-04-09
Richmond,37.5295,-77.4756,1075798,81,37.53011258,-77.4759319,19.5789,15.6448,25.2138,2024-04-10
Richmond,37.5295,-77.4756,1075798,81,37.53011258,-77.4759319,17.0595,14.9499,20.8226,2024-04-12
Richmond,37.5295,-77.4756,1075798,81,37.53011258,-77.4759319,19.9254,16.2488,21.9403,2024-04-11
Richmond,37.5295,-77.4756,1075798,81,37.53011258,-77.4759319,15.7772,10.6589,21.92,2024-04-13
Richmond,37.5295,-77.4756,1075798,81,37.53011258,-77.4759319,19.8773,5.2381,27.9752,2024-04-14
Richmond,37.5295,-77.4756,1075798,81,37.53011258,-77.4759319,21.4015,14.8337,32.2252,2024-04-15
Richmond,37.5295,-77.4756,1075798,81,37.53011258,-77.4759319,18.7872,13.6381,25.3886,2024-04-16
Richmond,37.5295,-77.4756,1075798,81,37.53011258,-77.4759319,20.0544,11.0864,26.1724,2024-04-17
Richmond,37.5295,-77.4756,1075798,81,37.53011258,-77.4759319,21.7782,15.8431,29.2274,2024-04-18
Richmond,37.5295,-77.4756,1075798,81,37.53011258,-77.4759319,14.2951,12.3818,16.9836,2024-04-19
Richmond,37.5295,-77.4756,1075798,81,37.53011258,-77.4759319,16.1386,12.5451,23.9522,2024-04-20
Richmond,37.5295,-77.4756,1075798,81,37.53011258,-77.4759319,8.9275,6.3664,13.72,2024-04-21
Richmond,37.5295,-77.4756,1075798,81,37.53011258,-77.4759319,9.7664,4.427,16.8967,2024-04-22
Richmond,37.5295,-77.4756,1075798,81,37.53011258,-77.4759319,15.0733,3.2867,22.6939,2024-04-23
Richmond,37.5295,-77.4756,1075798,81,37.53011258,-77.4759319,12.734,9.217,18.1031,2024-04-25
Richmond,37.5295,-77.4756,1075798,81,37.53011258,-77.4759319,12.7438,6.5545,19.5729,2024-04-26
Richmond,37.5295,-77.4756,1075798,81,37.53011258,-77.4759319,17.8751,13.707,23.9932,2024-04-24
Richmond,37.5295,-77.4756,1075798,81,37.53011258,-77.4759319,14.5749,9.4902,18.7909,2024-04-27
Richmond,37.5295,-77.4756,1075798,81,37.53011258,-77.4759319,22.7766,14.875,29.7749,2024-04-28
Richmond,37.5295,-77.4756,1075798,81,37.53011258,-77.4759319,23.9102,15.4776,31.5645,2024-04-29
Richmond,37.5295,-77.4756,1075798,81,37.53011258,-77.4759319,22.7954,17.6224,28.8601,2024-04-30
Memphis,35.1046,-89.9773,1066967,147,35.10455876,-89.97766208,22.2801,19.8807,24.2788,2024-04-01
Memphis,35.1046,-89.9773,1066967,147,35.10455876,-89.97766208,19.3603,11.0274,26.6376,2024-04-02
Memphis,35.1046,-89.9773,1066967,147,35.10455876,-89.97766208,10.1183,7.1827,14.4351,2024-04-03
Memphis,35.1046,-89.9773,1066967,147,35.10455876,-89.97766208,12.448,6.3341,18.2549,2024-04-04
Memphis,35.1046,-89.9773,1066967,147,35.10455876,-89.97766208,12.1583,5.1873,17.9677,2024-04-05
Memphis,35.1046,-89.9773,1066967,147,35.10455876,-89.97766208,14.0518,6.4232,20.7461,2024-04-06
Memphis,35.1046,-89.9773,1066967,147,35.10455876,-89.97766208,19.9492,10.9815,28.0289,2024-04-07
Memphis,35.1046,-89.9773,1066967,147,35.10455876,-89.97766208,21.0615,17.0513,26.472,2024-04-08
Memphis,35.1046,-89.9773,1066967,147,35.10455876,-89.97766208,17.8265,16.63,19.6449,2024-04-09
Memphis,35.1046,-89.9773,1066967,147,35.10455876,-89.97766208,18.5351,16.5607,21.3188,2024-04-10
Memphis,35.1046,-89.9773,1066967,147,35.10455876,-89.97766208,16.0619,13.7473,21.3289,2024-04-11
Memphis,35.1046,-89.9773,1066967,147,35.10455876,-89.97766208,15.6162,9.5759,20.7188,2024-04-12
Memphis,35.1046,-89.9773,1066967,147,35.10455876,-89.97766208,20.0795,9.5451,28.5796,2024-04-13
Memphis,35.1046,-89.9773,1066967,147,35.10455876,-89.97766208,21.8915,15.7842,28.4143,2024-04-14
Memphis,35.1046,-89.9773,1066967,147,35.10455876,-89.97766208,23.1532,19.9941,27.969,2024-04-16
Memphis,35.1046,-89.9773,1066967,147,35.10455876,-89.97766208,22.2964,17.9242,27.285,2024-04-15
Memphis,35.1046,-89.9773,1066967,147,35.10455876,-89.97766208,24.2593,21.0347,28.6369,2024-04-17
Memphis,35.1046,-89.9773,1066967,147,35.10455876,-89.97766208,22.8594,20.8988,27.8377,2024-04-18
Memphis,35.1046,-89.9773,1066967,147,35.10455876,-89.97766208,16.6699,14.8705,21.4347,2024-04-19
Memphis,35.1046,-89.9773,1066967,147,35.10455876,-89.97766208,14.2929,10.7399,18.0035,2024-04-20
Memphis,35.1046,-89.9773,1066967,147,35.10455876,-89.97766208,12.3247,9.3334,16.3334,2024-04-21
Memphis,35.1046,-89.9773,1066967,147,35.10455876,-89.97766208,13.6876,4.93,20.7015,2024-04-22
Memphis,35.1046,-89.9773,1066967,147,35.10455876,-89.97766208,17.9363,7.6763,25.3222,2024-04-23
Memphis,35.1046,-89.9773,1066967,147,35.10455876,-89.97766208,20.3697,16.4808,26.6461,2024-04-24
Memphis,35.1046,-89.9773,1066967,147,35.10455876,-89.97766208,16.1549,12.6759,20.5716,2024-04-25
Memphis,35.1046,-89.9773,1066967,147,35.10455876,-89.97766208,23.158,14.5988,30.3949,2024-04-26
Memphis,35.1046,-89.9773,1066967,147,35.10455876,-89.97766208,24.4595,19.4547,29.1488,2024-04-27
Memphis,35.1046,-89.9773,1066967,147,35.10455876,-89.97766208,23.4066,18.4434,27.2653,2024-04-28
Memphis,35.1046,-89.9773,1066967,147,35.10455876,-89.97766208,21.87,20.4154,24.4528,2024-04-29
Memphis,35.1046,-89.9773,1066967,147,35.10455876,-89.97766208,23.4491,16.9995,28.9754,2024-04-30
Raleigh,35.8325,-78.6435,1038738,97,35.83229904,-78.6434138,21.7823,15.1563,28.9201,2024-04-01
Raleigh,35.8325,-78.6435,1038738,97,35.83229904,-78.6434138,19.4337,14.0972,25.0408,2024-04-03
Raleigh,35.8325,-78.6435,1038738,97,35.83229904,-78.6434138,24.0812,17.4683,30.9486,2024-04-02
Raleigh,35.8325,-78.6435,1038738,97,35.83229904,-78.6434138,10.4869,7.1869,14.6518,2024-04-04
Raleigh,35.8325,-78.6435,1038738,97,35.83229904,-78.6434138,10.8438,4.7514,17.5185,2024-04-05
Raleigh,35.8325,-78.6435,1038738,97,35.83229904,-78.6434138,10.9591,3.5632,17.3817,2024-04-06
Raleigh,35.8325,-78.6435,1038738,97,35.83229904,-78.6434138,11.9815,3.4218,20.3071,2024-04-07
Raleigh,35.8325,-78.6435,1038738,97,35.83229904,-78.6434138,17.339,5.1446,24.8454,2024-04-08
Raleigh,35.8325,-78.6435,1038738,97,35.83229904,-78.6434138,17.1418,13.9613,20.4501,2024-04-09
Raleigh,35.8325,-78.6435,1038738,97,35.83229904,-78.6434138,19.5916,14.5362,24.975,2024-04-10
Raleigh,35.8325,-78.6435,1038738,97,35.83229904,-78.6434138,21.0415,17.36,25.2502,2024-04-11
Raleigh,35.8325,-78.6435,1038738,97,35.83229904,-78.6434138,17.8542,14.6464,22.5431,2024-04-12
Raleigh,35.8325,-78.6435,1038738,97,35.83229904,-78.6434138,16.3477,9.8801,23.677,2024-04-13
Raleigh,35.8325,-78.6435,1038738,97,35.83229904,-78.6434138,20.2516,6.0162,29.33,2024-04-14
Raleigh,35.8325,-78.6435,1038738,97,35.83229904,-78.6434138,23.8439,13.6435,32.6924,2024-04-15
Raleigh,35.8325,-78.6435,1038738,97,35.83229904,-78.6434138,22.2786,15.553,28.4529,2024-04-16
Raleigh,35.8325,-78.6435,1038738,97,35.83229904,-78.6434138,21.8422,14.7315,27.9763,2024-04-17
Raleigh,35.8325,-78.6435,1038738,97,35.83229904,-78.6434138,22.825,16.9746,31.2247,2024-04-18
Raleigh,35.8325,-78.6435,1038738,97,35.83229904,-78.6434138,20.193,15.4393,27.1297,2024-04-19
Raleigh,35.8325,-78.6435,1038738,97,35.83229904,-78.6434138,21.0567,17.4317,26.8087,2024-04-20
Raleigh,35.8325,-78.6435,1038738,97,35.83229904,-78.6434138,12.0295,10.2193,19.6272,2024-04-21
Raleigh,35.8325,-78.6435,1038738,97,35.83229904,-78.6434138,10.68,7.3221,17.0579,2024-04-22
Raleigh,35.8325,-78.6435,1038738,97,35.83229904,-78.6434138,15.3798,3.7814,23.4308,2024-04-23
Raleigh,35.8325,-78.6435,1038738,97,35.83229904,-78.6434138,15.875,10.6551,22.4308,2024-04-24
Raleigh,35.8325,-78.6435,1038738,97,35.83229904,-78.6434138,17.3132,9.8308,24.7969,2024-04-25
Raleigh,35.8325,-78.6435,1038738,97,35.83229904,-78.6434138,17.1487,9.8162,23.7631,2024-04-26
Raleigh,35.8325,-78.6435,1038738,97,35.83229904,-78.6434138,19.6186,13.0685,26.0317,2024-04-27
Raleigh,35.8325,-78.6435,1038738,97,35.83229904,-78.6434138,21.4403,14.3522,27.871,2024-04-28
Raleigh,35.8325,-78.6435,1038738,97,35.83229904,-78.6434138,22.6703,15.3684,30.3587,2024-04-29
Raleigh,35.8325,-78.6435,1038738,97,35.83229904,-78.6434138,23.1201,16.7236,28.6516,2024-04-30
New Orleans,30.0687,-89.9288,1020886,158,30.068897,-89.92914376,23.3426,19.2507,28.6559,2024-04-01
New Orleans,30.0687,-89.9288,1020886,158,30.068897,-89.92914376,24.0829,21.7569,28.5334,2024-04-02
New Orleans,30.0687,-89.9288,1020886,158,30.068897,-89.92914376,17.9813,12.4948,21.9935,2024-04-03
New Orleans,30.0687,-89.9288,1020886,158,30.068897,-89.92914376,17.3538,10.5617,22.6524,2024-04-04
New Orleans,30.0687,-89.9288,1020886,158,30.068897,-89.92914376,20.0772,14.2331,25.7306,2024-04-05
New Orleans,30.0687,-89.9288,1020886,158,30.068897,-89.92914376,18.9231,13.0662,24.1808,2024-04-06
New Orleans,30.0687,-89.9288,1020886,158,30.068897,-89.92914376,21.8448,16.8725,27.2967,2024-04-07
New Orleans,30.0687,-89.9288,1020886,158,30.068897,-89.92914376,21.6116,18.2972,25.1727,2024-04-08
New Orleans,30.0687,-89.9288,1020886,158,30.068897,-89.92914376,23.1874,20.4193,27.6866,2024-04-09
New Orleans,30.0687,-89.9288,1020886,158,30.068897,-89.92914376,21.1197,20.3636,23.9768,2024-04-10
New Orleans,30.0687,-89.9288,1020886,158,30.068897,-89.92914376,18.3308,15.7102,21.6783,2024-04-11
New Orleans,30.0687,-89.9288,1020886,158,30.068897,-89.92914376,18.7746,13.0208,23.9809,2024-04-12
New Orleans,30.0687,-89.9288,1020886,158,30.068897,-89.92914376,19.813,12.3154,26.8502,2024-04-13
New Orleans,30.0687,-89.9288,1020886,158,30.068897,-89.92914376,20.4364,13.0967,27.3653,2024-04-14
New Orleans,30.0687,-89.9288,1020886,158,30.068897,-89.92914376,22.4064,15.6782,28.2061,2024-04-15
New Orleans,30.0687,-89.9288,1020886,158,30.068897,-89.92914376,23.6117,18.7967,28.4692,2024-04-16
New Orleans,30.0687,-89.9288,1020886,158,30.068897,-89.92914376,23.811,20.6268,28.1626,2024-04-17
New Orleans,30.0687,-89.9288,1020886,158,30.068897,-89.92914376,24.1956,21.1226,29.1644,2024-04-18
New Orleans,30.0687,-89.9288,1020886,158,30.068897,-89.92914376,24.7791,21.0131,29.9662,2024-04-19
New Orleans,30.0687,-89.9288,1020886,158,30.068897,-89.92914376,24.6726,21.2035,29.8447,2024-04-20
New Orleans,30.0687,-89.9288,1020886,158,30.068897,-89.92914376,18.2353,15.811,22.0853,2024-04-21
New Orleans,30.0687,-89.9288,1020886,158,30.068897,-89.92914376,16.1188,10.5835,20.9758,2024-04-22
New Orleans,30.0687,-89.9288,1020886,158,30.068897,-89.92914376,18.7181,10.3184,25.5119,2024-04-23
New Orleans,30.0687,-89.9288,1020886,158,30.068897,-89.92914376,21.5699,14.6123,27.4956,2024-04-24
New Orleans,30.0687,-89.9288,1020886,158,30.068897,-89.92914376,22.7325,17.2522,28.6323,2024-04-25
New Orleans,30.0687,-89.9288,1020886,158,30.068897,-89.92914376,23.9716,18.8077,29.8702,2024-04-26
New Orleans,30.0687,-89.9288,1020886,158,30.068897,-89.92914376,24.3395,21.2339,28.5801,2024-04-27
New Orleans,30.0687,-89.9288,1020886,158,30.068897,-89.92914376,24.2281,21.4408,28.0534,2024-04-28
New Orleans,30.0687,-89.9288,1020886,158,30.068897,-89.92914376,21.8442,19.7087,26.5222,2024-04-29
Louisville,38.1663,-85.6485,1005654,135,38.16608202,-85.64890133,22.2893,18.9075,25.8151,2024-04-01
New Orleans,30.0687,-89.9288,1020886,158,30.068897,-89.92914376,23.6247,17.9892,28.8494,2024-04-30
Louisville,38.1663,-85.6485,1005654,135,38.16608202,-85.64890133,18.0135,12.6511,24.7985,2024-04-02
Louisville,38.1663,-85.6485,1005654,135,38.16608202,-85.64890133,7.0154,5.3835,11.2019,2024-04-03
Louisville,38.1663,-85.6485,1005654,135,38.16608202,-85.64890133,5.3243,3.6723,7.7589,2024-04-04
Louisville,38.1663,-85.6485,1005654,135,38.16608202,-85.64890133,6.6188,3.7038,9.1881,2024-04-05
Louisville,38.1663,-85.6485,1005654,135,38.16608202,-85.64890133,9.5016,1.8531,15.4175,2024-04-06
Louisville,38.1663,-85.6485,1005654,135,38.16608202,-85.64890133,15.0467,4.866,20.6152,2024-04-07
Louisville,38.1663,-85.6485,1005654,135,38.16608202,-85.64890133,19.3427,12.623,24.9531,2024-04-08
Louisville,38.1663,-85.6485,1005654,135,38.16608202,-85.64890133,16.4258,15.3675,18.9466,2024-04-09
Louisville,38.1663,-85.6485,1005654,135,38.16608202,-85.64890133,17.1451,14.1081,19.6942,2024-04-10
Louisville,38.1663,-85.6485,1005654,135,38.16608202,-85.64890133,14.3084,11.5099,19.2998,2024-04-11
Louisville,38.1663,-85.6485,1005654,135,38.16608202,-85.64890133,12.172,9.4089,15.1306,2024-04-12
Louisville,38.1663,-85.6485,1005654,135,38.16608202,-85.64890133,15.8952,7.3992,22.5148,2024-04-13
Louisville,38.1663,-85.6485,1005654,135,38.16608202,-85.64890133,21.6172,13.3582,27.9819,2024-04-14
Louisville,38.1663,-85.6485,1005654,135,38.16608202,-85.64890133,24.1,16.0653,29.7017,2024-04-15
Louisville,38.1663,-85.6485,1005654,135,38.16608202,-85.64890133,24.4225,18.3814,29.4708,2024-04-16
Louisville,38.1663,-85.6485,1005654,135,38.16608202,-85.64890133,22.8526,17.7136,28.1702,2024-04-17
Louisville,38.1663,-85.6485,1005654,135,38.16608202,-85.64890133,22.6527,12.7528,28.6545,2024-04-18
Louisville,38.1663,-85.6485,1005654,135,38.16608202,-85.64890133,15.495,12.5479,22.3449,2024-04-19
Louisville,38.1663,-85.6485,1005654,135,38.16608202,-85.64890133,11.2981,7.4698,16.43,2024-04-20
Louisville,38.1663,-85.6485,1005654,135,38.16608202,-85.64890133,9.2003,5.1031,13.6231,2024-04-21
Louisville,38.1663,-85.6485,1005654,135,38.16608202,-85.64890133,11.8514,2.5587,18.0291,2024-04-22
Louisville,38.1663,-85.6485,1005654,135,38.16608202,-85.64890133,15.5872,8.3439,21.5382,2024-04-23
Louisville,38.1663,-85.6485,1005654,135,38.16608202,-85.64890133,14.889,10.8062,19.866,2024-04-24
Louisville,38.1663,-85.6485,1005654,135,38.16608202,-85.64890133,12.4119,4.2776,17.7273,2024-04-25
Louisville,38.1663,-85.6485,1005654,135,38.16608202,-85.64890133,17.0155,8.4572,22.8273,2024-04-26
Louisville,38.1663,-85.6485,1005654,135,38.16608202,-85.64890133,22.7841,18.2661,26.7444,2024-04-27
Louisville,38.1663,-85.6485,1005654,135,38.16608202,-85.64890133,23.1867,17.8837,27.8374,2024-04-28
Louisville,38.1663,-85.6485,1005654,135,38.16608202,-85.64890133,21.8666,18.251,27.0297,2024-04-29
Louisville,38.1663,-85.6485,1005654,135,38.16608202,-85.64890133,20.8827,17.1326,25.1438,2024-04-30
Oklahoma City,35.4676,-97.5136,972943,139,35.46758997,-97.51319659,19.6801,13.8227,26.1785,2024-04-01
Oklahoma City,35.4676,-97.5136,972943,139,35.46758997,-97.51319659,9.7233,6.2073,14.3328,2024-04-02
Oklahoma City,35.4676,-97.5136,972943,139,35.46758997,-97.51319659,11.276,4.8549,17.1099,2024-04-03
Oklahoma City,35.4676,-97.5136,972943,139,35.46758997,-97.51319659,19.784,8.9991,27.7251,2024-04-05
Oklahoma City,35.4676,-97.5136,972943,139,35.46758997,-97.51319659,14.4177,4.9284,22.6306,2024-04-04
Oklahoma City,35.4676,-97.5136,972943,139,35.46758997,-97.51319659,19.3287,15.7179,25.1975,2024-04-06
Oklahoma City,35.4676,-97.5136,972943,139,35.46758997,-97.51319659,15.3808,7.4097,22.5335,2024-04-07
Oklahoma City,35.4676,-97.5136,972943,139,35.46758997,-97.51319659,16.1815,10.0294,21.9561,2024-04-08
Oklahoma City,35.4676,-97.5136,972943,139,35.46758997,-97.51319659,17.3885,11.2636,22.2208,2024-04-09
Oklahoma City,35.4676,-97.5136,972943,139,35.46758997,-97.51319659,13.6648,8.0782,19.9192,2024-04-11
Oklahoma City,35.4676,-97.5136,972943,139,35.46758997,-97.51319659,13.749,10.6652,18.5114,2024-04-10
Oklahoma City,35.4676,-97.5136,972943,139,35.46758997,-97.51319659,18.3767,5.8763,26.8224,2024-04-12
Oklahoma City,35.4676,-97.5136,972943,139,35.46758997,-97.51319659,22.6685,16.261,28.6177,2024-04-13
Oklahoma City,35.4676,-97.5136,972943,139,35.46758997,-97.51319659,25.1601,17.9296,33.2009,2024-04-14
Oklahoma City,35.4676,-97.5136,972943,139,35.46758997,-97.51319659,21.7677,18.9993,23.968,2024-04-15
Oklahoma City,35.4676,-97.5136,972943,139,35.46758997,-97.51319659,23.147,18.7211,28.4418,2024-04-16
Oklahoma City,35.4676,-97.5136,972943,139,35.46758997,-97.51319659,23.6897,12.8715,31.5683,2024-04-17
Oklahoma City,35.4676,-97.5136,972943,139,35.46758997,-97.51319659,16.8433,12.5797,25.2119,2024-04-18
Oklahoma City,35.4676,-97.5136,972943,139,35.46758997,-97.51319659,13.7301,6.9243,18.9877,2024-04-19
Oklahoma City,35.4676,-97.5136,972943,139,35.46758997,-97.51319659,13.2864,9.9626,17.3256,2024-04-20
Oklahoma City,35.4676,-97.5136,972943,139,35.46758997,-97.51319659,12.1034,5.9418,18.0055,2024-04-21
Oklahoma City,35.4676,-97.5136,972943,139,35.46758997,-97.51319659,15.7038,5.1014,22.4233,2024-04-22
Oklahoma City,35.4676,-97.5136,972943,139,35.46758997,-97.51319659,21.0521,13.2508,26.924,2024-04-23
Oklahoma City,35.4676,-97.5136,972943,139,35.46758997,-97.51319659,20.5328,14.5115,26.6678,2024-04-24
Oklahoma City,35.4676,-97.5136,972943,139,35.46758997,-97.51319659,23.7816,19.7814,28.5387,2024-04-25
Oklahoma City,35.4676,-97.5136,972943,139,35.46758997,-97.51319659,23.7699,17.264,31.0369,2024-04-26
Oklahoma City,35.4676,-97.5136,972943,139,35.46758997,-97.51319659,19.5696,16.2365,24.7244,2024-04-28
Oklahoma City,35.4676,-97.5136,972943,139,35.46758997,-97.51319659,22.7188,18.486,27.2383,2024-04-27
Oklahoma City,35.4676,-97.5136,972943,139,35.46758997,-97.51319659,20.854,11.9414,27.7976,2024-04-29
Oklahoma City,35.4676,-97.5136,972943,139,35.46758997,-97.51319659,24.6073,17.4221,30.3406,2024-04-30
Bridgeport,41.1918,-73.1953,924449,142,41.19189002,-73.19524886,8.7233,6.1356,13.1821,2024-04-01
Bridgeport,41.1918,-73.1953,924449,142,41.19189002,-73.19524886,6.9758,4.7497,10.4817,2024-04-02
Bridgeport,41.1918,-73.1953,924449,142,41.19189002,-73.19524886,5.2253,4.562,6.2909,2024-04-03
Bridgeport,41.1918,-73.1953,924449,142,41.19189002,-73.19524886,4.8121,3.431,7.9642,2024-04-04
Bridgeport,41.1918,-73.1953,924449,142,41.19189002,-73.19524886,5.5631,1.9195,9.3235,2024-04-05
Bridgeport,41.1918,-73.1953,924449,142,41.19189002,-73.19524886,6.9091,3.9597,11.8374,2024-04-06
Bridgeport,41.1918,-73.1953,924449,142,41.19189002,-73.19524886,7.7515,4.0284,13.32,2024-04-07
Bridgeport,41.1918,-73.1953,924449,142,41.19189002,-73.19524886,11.2271,2.4655,18.5566,2024-04-08
Bridgeport,41.1918,-73.1953,924449,142,41.19189002,-73.19524886,14.8498,8.3011,22.5091,2024-04-09
Bridgeport,41.1918,-73.1953,924449,142,41.19189002,-73.19524886,11.7291,7.7492,16.8798,2024-04-10
Bridgeport,41.1918,-73.1953,924449,142,41.19189002,-73.19524886,12.9333,10.3613,15.2997,2024-04-11
Bridgeport,41.1918,-73.1953,924449,142,41.19189002,-73.19524886,14.009,11.5181,16.4013,2024-04-12
Bridgeport,41.1918,-73.1953,924449,142,41.19189002,-73.19524886,9.4959,7.8885,12.4155,2024-04-13
Bridgeport,41.1918,-73.1953,924449,142,41.19189002,-73.19524886,12.5989,6.1771,18.5526,2024-04-14
Bridgeport,41.1918,-73.1953,924449,142,41.19189002,-73.19524886,18.4503,10.5279,26.6128,2024-04-15
Bridgeport,41.1918,-73.1953,924449,142,41.19189002,-73.19524886,16.4632,8.4809,22.1738,2024-04-16
Bridgeport,41.1918,-73.1953,924449,142,41.19189002,-73.19524886,10.1616,7.7571,15.311,2024-04-17
Bridgeport,41.1918,-73.1953,924449,142,41.19189002,-73.19524886,7.8923,7.1003,8.8323,2024-04-18
Bridgeport,41.1918,-73.1953,924449,142,41.19189002,-73.19524886,9.9472,6.6897,13.9296,2024-04-19
Bridgeport,41.1918,-73.1953,924449,142,41.19189002,-73.19524886,11.3447,8.1185,18.1192,2024-04-20
Bridgeport,41.1918,-73.1953,924449,142,41.19189002,-73.19524886,8.0134,3.5886,12.3945,2024-04-21
Bridgeport,41.1918,-73.1953,924449,142,41.19189002,-73.19524886,9.4915,2.4694,16.0604,2024-04-22
Bridgeport,41.1918,-73.1953,924449,142,41.19189002,-73.19524886,10.0288,3.9751,17.7645,2024-04-23
Bridgeport,41.1918,-73.1953,924449,142,41.19189002,-73.19524886,8.2201,4.1811,13.092,2024-04-25
Bridgeport,41.1918,-73.1953,924449,142,41.19189002,-73.19524886,13.9129,7.8482,21.4994,2024-04-24
Bridgeport,41.1918,-73.1953,924449,142,41.19189002,-73.19524886,9.1494,2.8008,15.9826,2024-04-26
Bridgeport,41.1918,-73.1953,924449,142,41.19189002,-73.19524886,10.3018,4.8039,16.6514,2024-04-27
Bridgeport,41.1918,-73.1953,924449,142,41.19189002,-73.19524886,14.9298,9.4109,19.918,2024-04-28
Bridgeport,41.1918,-73.1953,924449,142,41.19189002,-73.19524886,18.5836,13.9149,28.9521,2024-04-29
Bridgeport,41.1918,-73.1953,924449,142,41.19189002,-73.19524886,12.2747,11.1514,15.2384,2024-04-30
Buffalo,42.9016,-78.8487,914341,132,42.90193481,-78.84890372,8.0637,2.9683,12.8072,2024-04-01
Buffalo,42.9016,-78.8487,914341,132,42.90193481,-78.84890372,7.7663,5.6982,8.963,2024-04-02
Buffalo,42.9016,-78.8487,914341,132,42.90193481,-78.84890372,5.7416,3.3582,10.1937,2024-04-03
Buffalo,42.9016,-78.8487,914341,132,42.90193481,-78.84890372,3.0267,1.6287,7.1883,2024-04-04
Buffalo,42.9016,-78.8487,914341,132,42.90193481,-78.84890372,3.0465,1.2369,5.3301,2024-04-05
Buffalo,42.9016,-78.8487,914341,132,42.90193481,-78.84890372,8.9108,1.9159,15.4093,2024-04-07
Buffalo,42.9016,-78.8487,914341,132,42.90193481,-78.84890372,7.2971,3.467,12.3867,2024-04-06
Buffalo,42.9016,-78.8487,914341,132,42.90193481,-78.84890372,11.852,4.6037,17.9976,2024-04-08
Buffalo,42.9016,-78.8487,914341,132,42.90193481,-78.84890372,16.2517,5.9033,25.9985,2024-04-09
Buffalo,42.9016,-78.8487,914341,132,42.90193481,-78.84890372,12.8462,10.7208,16.3909,2024-04-10
Buffalo,42.9016,-78.8487,914341,132,42.90193481,-78.84890372,15.7513,10.4621,21.0008,2024-04-11
Buffalo,42.9016,-78.8487,914341,132,42.90193481,-78.84890372,7.9733,5.3495,16.3091,2024-04-12
Buffalo,42.9016,-78.8487,914341,132,42.90193481,-78.84890372,6.6365,3.9962,10.7312,2024-04-13
Buffalo,42.9016,-78.8487,914341,132,42.90193481,-78.84890372,10.7656,5.5515,18.0053,2024-04-14
Buffalo,42.9016,-78.8487,914341,132,42.90193481,-78.84890372,11.1613,5.785,16.3289,2024-04-15
Buffalo,42.9016,-78.8487,914341,132,42.90193481,-78.84890372,12.3805,4.4891,19.8181,2024-04-16
Buffalo,42.9016,-78.8487,914341,132,42.90193481,-78.84890372,12.2227,8.4694,15.2725,2024-04-17
Buffalo,42.9016,-78.8487,914341,132,42.90193481,-78.84890372,8.927,7.0194,14.9769,2024-04-19
Buffalo,42.9016,-78.8487,914341,132,42.90193481,-78.84890372,9.2717,7.6835,13.5154,2024-04-18
Buffalo,42.9016,-78.8487,914341,132,42.90193481,-78.84890372,6.076,4.5112,8.7061,2024-04-20
Buffalo,42.9016,-78.8487,914341,132,42.90193481,-78.84890372,5.5376,3.6784,7.9556,2024-04-21
Buffalo,42.9016,-78.8487,914341,132,42.90193481,-78.84890372,7.0482,0.8978,11.7752,2024-04-22
Buffalo,42.9016,-78.8487,914341,132,42.90193481,-78.84890372,10.9107,5.9337,19.652,2024-04-23
Buffalo,42.9016,-78.8487,914341,132,42.90193481,-78.84890372,6.0882,3.1231,9.8701,2024-04-24
Buffalo,42.9016,-78.8487,914341,132,42.90193481,-78.84890372,5.4751,0.1527,11.6241,2024-04-25
Buffalo,42.9016,-78.8487,914341,132,42.90193481,-78.84890372,10.5485,-0.9118,19.71,2024-04-26
Buffalo,42.9016,-78.8487,914341,132,42.90193481,-78.84890372,14.8779,9.8445,18.0706,2024-04-27
Buffalo,42.9016,-78.8487,914341,132,42.90193481,-78.84890372,16.417,14.9754,21.6337,2024-04-28
Buffalo,42.9016,-78.8487,914341,132,42.90193481,-78.84890372,19.4903,14.835,26.8855,2024-04-29
Buffalo,42.9016,-78.8487,914341,132,42.90193481,-78.84890372,12.621,9.9897,17.7169,2024-04-30
Fort Worth,32.7811,-97.3473,909585,152,32.78141519,-97.34696295,23.7374,20.6463,28.5405,2024-04-01
Fort Worth,32.7811,-97.3473,909585,152,32.78141519,-97.34696295,15.2984,12.4865,19.9776,2024-04-02
Fort Worth,32.7811,-97.3473,909585,152,32.78141519,-97.34696295,15.9328,8.4934,22.2977,2024-04-03
Fort Worth,32.7811,-97.3473,909585,152,32.78141519,-97.34696295,20.2653,8.5796,28.8757,2024-04-04
Fort Worth,32.7811,-97.3473,909585,152,32.78141519,-97.34696295,22.7965,13.1479,31.2009,2024-04-05
Fort Worth,32.7811,-97.3473,909585,152,32.78141519,-97.34696295,21.7655,16.9935,24.8525,2024-04-06
Fort Worth,32.7811,-97.3473,909585,152,32.78141519,-97.34696295,19.9474,11.8653,25.8287,2024-04-07
Fort Worth,32.7811,-97.3473,909585,152,32.78141519,-97.34696295,21.733,11.5742,28.3567,2024-04-08
Fort Worth,32.7811,-97.3473,909585,152,32.78141519,-97.34696295,18.2571,16.1817,20.4556,2024-04-09
Fort Worth,32.7811,-97.3473,909585,152,32.78141519,-97.34696295,16.0824,13.4385,17.9483,2024-04-10
Fort Worth,32.7811,-97.3473,909585,152,32.78141519,-97.34696295,16.8329,9.2303,23.2284,2024-04-11
Fort Worth,32.7811,-97.3473,909585,152,32.78141519,-97.34696295,19.8102,8.9194,27.1477,2024-04-12
Fort Worth,32.7811,-97.3473,909585,152,32.78141519,-97.34696295,22.8783,15.5274,28.6864,2024-04-13
Fort Worth,32.7811,-97.3473,909585,152,32.78141519,-97.34696295,24.2528,18.4042,30.0354,2024-04-14
Fort Worth,32.7811,-97.3473,909585,152,32.78141519,-97.34696295,24.4041,20.956,27.7495,2024-04-15
Fort Worth,32.7811,-97.3473,909585,152,32.78141519,-97.34696295,25.6513,22.0563,30.513,2024-04-16
Fort Worth,32.7811,-97.3473,909585,152,32.78141519,-97.34696295,26.0364,22.1798,31.3454,2024-04-17
Fort Worth,32.7811,-97.3473,909585,152,32.78141519,-97.34696295,24.5298,19.4953,32.1032,2024-04-18
Fort Worth,32.7811,-97.3473,909585,152,32.78141519,-97.34696295,12.4611,9.8324,18.0767,2024-04-20
Fort Worth,32.7811,-97.3473,909585,152,32.78141519,-97.34696295,18.2146,14.8546,22.0878,2024-04-19
Fort Worth,32.7811,-97.3473,909585,152,32.78141519,-97.34696295,14.6589,10.3549,18.7659,2024-04-21
Fort Worth,32.7811,-97.3473,909585,152,32.78141519,-97.34696295,16.8227,8.4728,22.4009,2024-04-22
Fort Worth,32.7811,-97.3473,909585,152,32.78141519,-97.34696295,20.8311,13.8812,25.8736,2024-04-23
Fort Worth,32.7811,-97.3473,909585,152,32.78141519,-97.34696295,24.0355,18.4246,27.6639,2024-04-24
Fort Worth,32.7811,-97.3473,909585,152,32.78141519,-97.34696295,24.7501,21.8944,26.8042,2024-04-25
Fort Worth,32.7811,-97.3473,909585,152,32.78141519,-97.34696295,25.0009,23.3246,26.898,2024-04-26
Fort Worth,32.7811,-97.3473,909585,152,32.78141519,-97.34696295,25.9451,21.7536,28.8985,2024-04-27
Fort Worth,32.7811,-97.3473,909585,152,32.78141519,-97.34696295,22.7544,17.2308,26.6728,2024-04-28
Fort Worth,32.7811,-97.3473,909585,152,32.78141519,-97.34696295,24.1389,18.0201,30.9043,2024-04-29
Fort Worth,32.7811,-97.3473,909585,152,32.78141519,-97.34696295,25.5721,19.5232,30.0222,2024-04-30
Hartford,41.7661,-72.6834,905152,90,41.76604535,-72.68362943,8.6215,3.8257,14.3858,2024-04-01
Hartford,41.7661,-72.6834,905152,90,41.76604535,-72.68362943,7.4373,4.5317,13.396,2024-04-02
Hartford,41.7661,-72.6834,905152,90,41.76604535,-72.68362943,4.6169,3.4434,6.2314,2024-04-03
Hartford,41.7661,-72.6834,905152,90,41.76604535,-72.68362943,3.5012,2.44,5.3086,2024-04-04
Hartford,41.7661,-72.6834,905152,90,41.76604535,-72.68362943,5.112,1.4393,7.9143,2024-04-05
Hartford,41.7661,-72.6834,905152,90,41.76604535,-72.68362943,6.5498,3.4422,10.5945,2024-04-06
Hartford,41.7661,-72.6834,905152,90,41.76604535,-72.68362943,7.4566,3.4883,13.2034,2024-04-07
Hartford,41.7661,-72.6834,905152,90,41.76604535,-72.68362943,11.8137,0.679,20.1899,2024-04-08
Hartford,41.7661,-72.6834,905152,90,41.76604535,-72.68362943,15.4011,5.664,24.7036,2024-04-09
Hartford,41.7661,-72.6834,905152,90,41.76604535,-72.68362943,14.4676,7.7245,20.4642,2024-04-10
Hartford,41.7661,-72.6834,905152,90,41.76604535,-72.68362943,14.1331,11.7095,15.9212,2024-04-11
Hartford,41.7661,-72.6834,905152,90,41.76604535,-72.68362943,14.9663,11.9398,18.1814,2024-04-12
Hartford,41.7661,-72.6834,905152,90,41.76604535,-72.68362943,9.7384,8.2676,12.42,2024-04-13
Hartford,41.7661,-72.6834,905152,90,41.76604535,-72.68362943,11.0609,6.66,18.0122,2024-04-14
Hartford,41.7661,-72.6834,905152,90,41.76604535,-72.68362943,15.9678,7.2166,24.7799,2024-04-15
Hartford,41.7661,-72.6834,905152,90,41.76604535,-72.68362943,15.2066,7.1687,21.5669,2024-04-16
Hartford,41.7661,-72.6834,905152,90,41.76604535,-72.68362943,10.5057,6.4481,18.1391,2024-04-17
Hartford,41.7661,-72.6834,905152,90,41.76604535,-72.68362943,10.4542,6.8586,16.2534,2024-04-19
Hartford,41.7661,-72.6834,905152,90,41.76604535,-72.68362943,7.848,7.3324,8.6231,2024-04-18
Hartford,41.7661,-72.6834,905152,90,41.76604535,-72.68362943,10.9431,8.5028,18.4378,2024-04-20
Hartford,41.7661,-72.6834,905152,90,41.76604535,-72.68362943,8.0624,3.6264,12.6524,2024-04-21
Hartford,41.7661,-72.6834,905152,90,41.76604535,-72.68362943,9.3686,2.9466,15.77,2024-04-22
Hartford,41.7661,-72.6834,905152,90,41.76604535,-72.68362943,10.4591,1.9966,19.1398,2024-04-23
Hartford,41.7661,-72.6834,905152,90,41.76604535,-72.68362943,12.5727,8.0414,20.4179,2024-04-24
Hartford,41.7661,-72.6834,905152,90,41.76604535,-72.68362943,8.3923,1.3971,15.7808,2024-04-25
Hartford,41.7661,-72.6834,905152,90,41.76604535,-72.68362943,10.1146,1.7198,17.915,2024-04-26
Hartford,41.7661,-72.6834,905152,90,41.76604535,-72.68362943,11.3991,3.5626,19.1748,2024-04-27
Hartford,41.7661,-72.6834,905152,90,41.76604535,-72.68362943,15.3008,8.1186,22.1826,2024-04-28
Hartford,41.7661,-72.6834,905152,90,41.76604535,-72.68362943,18.8066,15.1459,26.8686,2024-04-29
Hartford,41.7661,-72.6834,905152,90,41.76604535,-72.68362943,14.8523,12.2603,20.3343,2024-04-30
Tucson,32.1545,-110.8782,888486,136,32.15447449,-110.8778309,10.021,8.22,12.8397,2024-04-01
Tucson,32.1545,-110.8782,888486,136,32.15447449,-110.8778309,13.0193,6.51,18.55,2024-04-02
Tucson,32.1545,-110.8782,888486,136,32.15447449,-110.8778309,15.8332,7.22,23.17,2024-04-03
Tucson,32.1545,-110.8782,888486,136,32.15447449,-110.8778309,18.6057,8.77,28.33,2024-04-04
Tucson,32.1545,-110.8782,888486,136,32.15447449,-110.8778309,16.0968,9.8,24.37,2024-04-05
Tucson,32.1545,-110.8782,888486,136,32.15447449,-110.8778309,10.1022,5.59,15.24,2024-04-06
Tucson,32.1545,-110.8782,888486,136,32.15447449,-110.8778309,12.4554,2.92,20.3601,2024-04-07
Tucson,32.1545,-110.8782,888486,136,32.15447449,-110.8778309,13.5553,6.93,19.33,2024-04-08
Tucson,32.1545,-110.8782,888486,136,32.15447449,-110.8778309,15.4749,7.51,21.87,2024-04-09
Tucson,32.1545,-110.8782,888486,136,32.15447449,-110.8778309,16.8148,6.9,25.12,2024-04-10
Tucson,32.1545,-110.8782,888486,136,32.15447449,-110.8778309,20.633,7.92,31.21,2024-04-11
Tucson,32.1545,-110.8782,888486,136,32.15447449,-110.8778309,20.9223,11.3699,30.19,2024-04-12
Tucson,32.1545,-110.8782,888486,136,32.15447449,-110.8778309,19.6947,10.72,28.36,2024-04-13
Tucson,32.1545,-110.8782,888486,136,32.15447449,-110.8778309,19.1438,9.35,28.87,2024-04-14
Tucson,32.1545,-110.8782,888486,136,32.15447449,-110.8778309,15.4236,8.08,22.15,2024-04-15
Tucson,32.1545,-110.8782,888486,136,32.15447449,-110.8778309,17.5915,6.57,26.05,2024-04-16
Tucson,32.1545,-110.8782,888486,136,32.15447449,-110.8778309,20.1743,9.3,30.48,2024-04-17
Tucson,32.1545,-110.8782,888486,136,32.15447449,-110.8778309,22.1181,10.19,31.72,2024-04-18
Tucson,32.1545,-110.8782,888486,136,32.15447449,-110.8778309,23.156,12.11,33.07,2024-04-19
Tucson,32.1545,-110.8782,888486,136,32.15447449,-110.8778309,21.9117,11.36,31.3391,2024-04-20
Tucson,32.1545,-110.8782,888486,136,32.15447449,-110.8778309,23.6153,11.92,33.03,2024-04-21
Tucson,32.1545,-110.8782,888486,136,32.15447449,-110.8778309,25.0836,13.45,34.57,2024-04-22
Tucson,32.1545,-110.8782,888486,136,32.15447449,-110.8778309,23.9607,13.5,32.57,2024-04-23
Tucson,32.1545,-110.8782,888486,136,32.15447449,-110.8778309,21.6214,12.9,30.27,2024-04-24
Tucson,32.1545,-110.8782,888486,136,32.15447449,-110.8778309,19.0036,10.74,25.07,2024-04-25
Tucson,32.1545,-110.8782,888486,136,32.15447449,-110.8778309,18.9688,10.7402,26.51,2024-04-26
Tucson,32.1545,-110.8782,888486,136,32.15447449,-110.8778309,17.3281,11.06,22.16,2024-04-27
Tucson,32.1545,-110.8782,888486,136,32.15447449,-110.8778309,18.2319,9.22,25.09,2024-04-28
Tucson,32.1545,-110.8782,888486,136,32.15447449,-110.8778309,21.5712,9.94,30.7494,2024-04-29
Tucson,32.1545,-110.8782,888486,136,32.15447449,-110.8778309,23.5723,12.59,32.91,2024-04-30
Omaha,41.2627,-96.0522,847819,136,41.26261796,-96.05184959,7.3265,4.7693,9.7266,2024-04-01
Omaha,41.2627,-96.0522,847819,136,41.26261796,-96.05184959,7.4672,3.2322,12.924,2024-04-02
Omaha,41.2627,-96.0522,847819,136,41.26261796,-96.05184959,7.4173,2.5616,11.9598,2024-04-03
Omaha,41.2627,-96.0522,847819,136,41.26261796,-96.05184959,7.7981,-0.8111,14.7301,2024-04-04
Omaha,41.2627,-96.0522,847819,136,41.26261796,-96.05184959,10.3142,1.0697,17.0769,2024-04-05
Omaha,41.2627,-96.0522,847819,136,41.26261796,-96.05184959,12.3357,4.1899,19.5957,2024-04-06
Omaha,41.2627,-96.0522,847819,136,41.26261796,-96.05184959,12.4141,8.8239,16.3222,2024-04-07
Omaha,41.2627,-96.0522,847819,136,41.26261796,-96.05184959,11.8252,5.4895,18.3168,2024-04-08
Omaha,41.2627,-96.0522,847819,136,41.26261796,-96.05184959,14.7652,4.5839,22.6098,2024-04-10
Omaha,41.2627,-96.0522,847819,136,41.26261796,-96.05184959,12.1673,1.7369,19.8092,2024-04-09
Omaha,41.2627,-96.0522,847819,136,41.26261796,-96.05184959,10.8557,5.704,15.0198,2024-04-11
Omaha,41.2627,-96.0522,847819,136,41.26261796,-96.05184959,12.2516,2.5047,19.4193,2024-04-12
Omaha,41.2627,-96.0522,847819,136,41.26261796,-96.05184959,20.5886,7.8078,30.4526,2024-04-13
Omaha,41.2627,-96.0522,847819,136,41.26261796,-96.05184959,21.6295,10.925,31.715,2024-04-14
Omaha,41.2627,-96.0522,847819,136,41.26261796,-96.05184959,22.2587,10.9603,29.7115,2024-04-15
Omaha,41.2627,-96.0522,847819,136,41.26261796,-96.05184959,17.6244,13.5287,24.4236,2024-04-16
Omaha,41.2627,-96.0522,847819,136,41.26261796,-96.05184959,9.1974,5.5557,13.7649,2024-04-18
Omaha,41.2627,-96.0522,847819,136,41.26261796,-96.05184959,7.9948,0.807,13.4465,2024-04-19
Omaha,41.2627,-96.0522,847819,136,41.26261796,-96.05184959,6.0113,0.0105,10.8033,2024-04-20
Omaha,41.2627,-96.0522,847819,136,41.26261796,-96.05184959,9.4303,-0.589,16.5133,2024-04-21
Omaha,41.2627,-96.0522,847819,136,41.26261796,-96.05184959,16.5968,4.7766,25.2551,2024-04-22
Omaha,41.2627,-96.0522,847819,136,41.26261796,-96.05184959,15.1444,10.8933,20.3187,2024-04-17
Omaha,41.2627,-96.0522,847819,136,41.26261796,-96.05184959,14.8166,10.3122,19.8068,2024-04-23
Omaha,41.2627,-96.0522,847819,136,41.26261796,-96.05184959,15.1249,4.4886,21.1628,2024-04-24
Omaha,41.2627,-96.0522,847819,136,41.26261796,-96.05184959,14.8615,12.5122,17.4287,2024-04-25
Omaha,41.2627,-96.0522,847819,136,41.26261796,-96.05184959,14.9525,11.6339,19.493,2024-04-27
Omaha,41.2627,-96.0522,847819,136,41.26261796,-96.05184959,15.0118,11.2898,19.5909,2024-04-28
Omaha,41.2627,-96.0522,847819,136,41.26261796,-96.05184959,16.6426,11.3487,22.8662,2024-04-26
Omaha,41.2627,-96.0522,847819,136,41.26261796,-96.05184959,14.6217,6.9933,21.0227,2024-04-29
Omaha,41.2627,-96.0522,847819,136,41.26261796,-96.05184959,18.7331,10.4185,26.9377,2024-04-30
El Paso,31.8479,-106.4309,843386,161,31.84819599,-106.430931,11.8854,8.2888,16.275,2024-04-01
El Paso,31.8479,-106.4309,843386,161,31.84819599,-106.430931,15.3854,5.4341,22.4014,2024-04-03
El Paso,31.8479,-106.4309,843386,161,31.84819599,-106.430931,12.1888,6.2386,16.9124,2024-04-02
El Paso,31.8479,-106.4309,843386,161,31.84819599,-106.430931,17.295,7.8558,24.8338,2024-04-04
El Paso,31.8479,-106.4309,843386,161,31.84819599,-106.430931,18.4395,9.6406,25.7335,2024-04-05
El Paso,31.8479,-106.4309,843386,161,31.84819599,-106.430931,11.7446,8.2585,16.1724,2024-04-06
El Paso,31.8479,-106.4309,843386,161,31.84819599,-106.430931,12.7493,4.6887,19.5224,2024-04-07
El Paso,31.8479,-106.4309,843386,161,31.84819599,-106.430931,15.2403,6.3538,22.5132,2024-04-08
El Paso,31.8479,-106.4309,843386,161,31.84819599,-106.430931,12.6377,8.6402,17.8172,2024-04-09
El Paso,31.8479,-106.4309,843386,161,31.84819599,-106.430931,15.4786,5.2341,23.2442,2024-04-10
El Paso,31.8479,-106.4309,843386,161,31.84819599,-106.430931,17.7536,7.7027,25.8429,2024-04-11
El Paso,31.8479,-106.4309,843386,161,31.84819599,-106.430931,20.8419,11.825,28.3507,2024-04-12
El Paso,31.8479,-106.4309,843386,161,31.84819599,-106.430931,22.8638,14.9656,28.4734,2024-04-14
El Paso,31.8479,-106.4309,843386,161,31.84819599,-106.430931,22.1206,13.6206,27.4937,2024-04-13
El Paso,31.8479,-106.4309,843386,161,31.84819599,-106.430931,19.7839,13.3664,26.905,2024-04-15
El Paso,31.8479,-106.4309,843386,161,31.84819599,-106.430931,18.4303,10.3529,25.072,2024-04-16
El Paso,31.8479,-106.4309,843386,161,31.84819599,-106.430931,21.6807,11.8476,29.0106,2024-04-17
El Paso,31.8479,-106.4309,843386,161,31.84819599,-106.430931,22.9495,14.2888,30.0898,2024-04-18
El Paso,31.8479,-106.4309,843386,161,31.84819599,-106.430931,22.4572,15.1387,29.2513,2024-04-19
El Paso,31.8479,-106.4309,843386,161,31.84819599,-106.430931,19.5004,13.1125,26.3706,2024-04-20
El Paso,31.8479,-106.4309,843386,161,31.84819599,-106.430931,15.5245,8.3379,21.9173,2024-04-21
El Paso,31.8479,-106.4309,843386,161,31.84819599,-106.430931,20.0535,8.7741,27.7489,2024-04-22
El Paso,31.8479,-106.4309,843386,161,31.84819599,-106.430931,25.35,17.3898,31.9333,2024-04-23
El Paso,31.8479,-106.4309,843386,161,31.84819599,-106.430931,24.9412,18.8591,30.7917,2024-04-24
El Paso,31.8479,-106.4309,843386,161,31.84819599,-106.430931,21.8605,17.0192,28.3811,2024-04-25
El Paso,31.8479,-106.4309,843386,161,31.84819599,-106.430931,20.0848,11.6523,25.256,2024-04-26
El Paso,31.8479,-106.4309,843386,161,31.84819599,-106.430931,18.5355,10.3714,24.3257,2024-04-28
El Paso,31.8479,-106.4309,843386,161,31.84819599,-106.430931,17.5416,13.4564,22.0786,2024-04-27
El Paso,31.8479,-106.4309,843386,161,31.84819599,-106.430931,20.5104,11.8084,26.4849,2024-04-29
El Paso,31.8479,-106.4309,843386,161,31.84819599,-106.430931,23.3526,13.0428,30.9604,2024-04-30
McAllen,26.2273,-98.2471,804114,153,26.22734188,-98.24683177,26.4898,21.397,32.5816,2024-04-02
McAllen,26.2273,-98.2471,804114,153,26.22734188,-98.24683177,27.2643,23.6634,34.7213,2024-04-01
McAllen,26.2273,-98.2471,804114,153,26.22734188,-98.24683177,21.5726,14.4748,27.7013,2024-04-03
McAllen,26.2273,-98.2471,804114,153,26.22734188,-98.24683177,23.1976,13.7889,31.8853,2024-04-04
McAllen,26.2273,-98.2471,804114,153,26.22734188,-98.24683177,23.7334,14.1063,31.7635,2024-04-05
McAllen,26.2273,-98.2471,804114,153,26.22734188,-98.24683177,26.0051,21.058,32.4177,2024-04-06
McAllen,26.2273,-98.2471,804114,153,26.22734188,-98.24683177,26.188,22.3119,30.3753,2024-04-07
McAllen,26.2273,-98.2471,804114,153,26.22734188,-98.24683177,26.38,22.7327,29.8913,2024-04-08
McAllen,26.2273,-98.2471,804114,153,26.22734188,-98.24683177,28.4115,25.108,33.9766,2024-04-09
McAllen,26.2273,-98.2471,804114,153,26.22734188,-98.24683177,26.0961,19.9438,32.0917,2024-04-10
McAllen,26.2273,-98.2471,804114,153,26.22734188,-98.24683177,24.8198,15.0574,32.4928,2024-04-11
McAllen,26.2273,-98.2471,804114,153,26.22734188,-98.24683177,24.1539,15.1401,32.5721,2024-04-12
McAllen,26.2273,-98.2471,804114,153,26.22734188,-98.24683177,24.7647,19.0479,31.7831,2024-04-13
McAllen,26.2273,-98.2471,804114,153,26.22734188,-98.24683177,26.6048,21.4207,33.4624,2024-04-14
McAllen,26.2273,-98.2471,804114,153,26.22734188,-98.24683177,27.4566,23.6659,33.7716,2024-04-15
McAllen,26.2273,-98.2471,804114,153,26.22734188,-98.24683177,28.7394,24.4501,34.5084,2024-04-16
McAllen,26.2273,-98.2471,804114,153,26.22734188,-98.24683177,29.0642,25.287,34.5624,2024-04-17
McAllen,26.2273,-98.2471,804114,153,26.22734188,-98.24683177,28.866,25.67,33.3013,2024-04-18
McAllen,26.2273,-98.2471,804114,153,26.22734188,-98.24683177,29.0015,24.7213,34.3784,2024-04-19
McAllen,26.2273,-98.2471,804114,153,26.22734188,-98.24683177,29.0128,24.8416,34.1284,2024-04-20
McAllen,26.2273,-98.2471,804114,153,26.22734188,-98.24683177,19.648,17.9159,26.0788,2024-04-21
McAllen,26.2273,-98.2471,804114,153,26.22734188,-98.24683177,19.4962,17.2649,22.0666,2024-04-22
McAllen,26.2273,-98.2471,804114,153,26.22734188,-98.24683177,25.2135,19.3267,30.6438,2024-04-23
McAllen,26.2273,-98.2471,804114,153,26.22734188,-98.24683177,28.1243,24.423,33.2356,2024-04-25
McAllen,26.2273,-98.2471,804114,153,26.22734188,-98.24683177,28.5142,24.938,33.4216,2024-04-26
McAllen,26.2273,-98.2471,804114,153,26.22734188,-98.24683177,28.8711,25.4932,34.1648,2024-04-27
McAllen,26.2273,-98.2471,804114,153,26.22734188,-98.24683177,30.2142,25.6449,36.0362,2024-04-28
McAllen,26.2273,-98.2471,804114,153,26.22734188,-98.24683177,29.3675,26.3039,35.741,2024-04-29
McAllen,26.2273,-98.2471,804114,153,26.22734188,-98.24683177,29.0563,25.5029,34.5633,2024-04-30
Albuquerque,35.1053,-106.6464,761195,112,35.10561546,-106.6463539,5.3968,3.4388,7.4495,2024-04-01
Albuquerque,35.1053,-106.6464,761195,112,35.10561546,-106.6463539,8.4807,0.3206,16.0708,2024-04-02
Albuquerque,35.1053,-106.6464,761195,112,35.10561546,-106.6463539,11.1359,1.4123,20.2387,2024-04-03
Albuquerque,35.1053,-106.6464,761195,112,35.10561546,-106.6463539,13.4827,1.5423,23.2118,2024-04-04
Albuquerque,35.1053,-106.6464,761195,112,35.10561546,-106.6463539,14.8025,3.9947,23.5767,2024-04-05
Albuquerque,35.1053,-106.6464,761195,112,35.10561546,-106.6463539,6.1168,2.2135,12.5506,2024-04-06
Albuquerque,35.1053,-106.6464,761195,112,35.10561546,-106.6463539,7.7806,-0.3359,15.439,2024-04-07
Albuquerque,35.1053,-106.6464,761195,112,35.10561546,-106.6463539,10.2257,0.5576,17.2094,2024-04-08
Albuquerque,35.1053,-106.6464,761195,112,35.10561546,-106.6463539,11.059,6.1618,16.953,2024-04-09
Albuquerque,35.1053,-106.6464,761195,112,35.10561546,-106.6463539,11.3076,1.3176,20.3587,2024-04-10
Albuquerque,35.1053,-106.6464,761195,112,35.10561546,-106.6463539,16.7129,1.9024,26.5,2024-04-12
Albuquerque,35.1053,-106.6464,761195,112,35.10561546,-106.6463539,13.3524,2.7031,21.8606,2024-04-11
Albuquerque,35.1053,-106.6464,761195,112,35.10561546,-106.6463539,16.074,5.8111,24.1693,2024-04-13
Albuquerque,35.1053,-106.6464,761195,112,35.10561546,-106.6463539,15.4685,3.6394,24.3599,2024-04-14
Albuquerque,35.1053,-106.6464,761195,112,35.10561546,-106.6463539,11.3738,3.9723,19.373,2024-04-15
Albuquerque,35.1053,-106.6464,761195,112,35.10561546,-106.6463539,13.5798,3.1676,22.263,2024-04-16
Albuquerque,35.1053,-106.6464,761195,112,35.10561546,-106.6463539,16.5392,3.7929,25.7063,2024-04-17
Albuquerque,35.1053,-106.6464,761195,112,35.10561546,-106.6463539,18.0056,7.8088,26.09,2024-04-18
Albuquerque,35.1053,-106.6464,761195,112,35.10561546,-106.6463539,18.2615,7.9101,25.6424,2024-04-19
Albuquerque,35.1053,-106.6464,761195,112,35.10561546,-106.6463539,16.0963,9.2027,23.3627,2024-04-20
Albuquerque,35.1053,-106.6464,761195,112,35.10561546,-106.6463539,15.663,5.9564,23.0238,2024-04-21
Albuquerque,35.1053,-106.6464,761195,112,35.10561546,-106.6463539,20.2439,8.9299,28.61,2024-04-23
Albuquerque,35.1053,-106.6464,761195,112,35.10561546,-106.6463539,17.868,5.3324,26.4975,2024-04-22
Albuquerque,35.1053,-106.6464,761195,112,35.10561546,-106.6463539,15.2421,7.0418,23.2121,2024-04-25
Albuquerque,35.1053,-106.6464,761195,112,35.10561546,-106.6463539,18.9571,9.3082,26.1047,2024-04-24
Albuquerque,35.1053,-106.6464,761195,112,35.10561546,-106.6463539,15.5735,6.2086,22.2581,2024-04-26
Albuquerque,35.1053,-106.6464,761195,112,35.10561546,-106.6463539,10.3432,6.4958,14.7798,2024-04-27
Albuquerque,35.1053,-106.6464,761195,112,35.10561546,-106.6463539,12.6441,3.3953,20.9565,2024-04-28
Albuquerque,35.1053,-106.6464,761195,112,35.10561546,-106.6463539,15.7463,3.8535,24.1299,2024-04-29
Albuquerque,35.1053,-106.6464,761195,112,35.10561546,-106.6463539,17.675,5.683,26.5957,2024-04-30
Birmingham,33.5277,-86.7987,739573,135,33.52776985,-86.79894346,22.8381,19.6703,26.5115,2024-04-01
Birmingham,33.5277,-86.7987,739573,135,33.52776985,-86.79894346,23.2275,20.3751,27.8338,2024-04-02
Birmingham,33.5277,-86.7987,739573,135,33.52776985,-86.79894346,13.981,10.0375,20.914,2024-04-03
Birmingham,33.5277,-86.7987,739573,135,33.52776985,-86.79894346,13.075,5.3526,19.5274,2024-04-04
Birmingham,33.5277,-86.7987,739573,135,33.52776985,-86.79894346,12.0079,4.9292,18.6032,2024-04-05
Birmingham,33.5277,-86.7987,739573,135,33.52776985,-86.79894346,18.467,6.1968,26.9224,2024-04-07
Birmingham,33.5277,-86.7987,739573,135,33.52776985,-86.79894346,12.3306,4.2131,19.4048,2024-04-06
Birmingham,33.5277,-86.7987,739573,135,33.52776985,-86.79894346,18.8848,14.8158,27.1561,2024-04-08
Birmingham,33.5277,-86.7987,739573,135,33.52776985,-86.79894346,16.7904,14.0491,18.5104,2024-04-09
Birmingham,33.5277,-86.7987,739573,135,33.52776985,-86.79894346,18.299,16.7423,22.7035,2024-04-10
Birmingham,33.5277,-86.7987,739573,135,33.52776985,-86.79894346,15.1232,8.3614,21.944,2024-04-12
Birmingham,33.5277,-86.7987,739573,135,33.52776985,-86.79894346,15.4701,11.9294,20.2068,2024-04-11
Birmingham,33.5277,-86.7987,739573,135,33.52776985,-86.79894346,21.1814,11.4705,29.2518,2024-04-14
Birmingham,33.5277,-86.7987,739573,135,33.52776985,-86.79894346,17.8268,5.9825,27.0833,2024-04-13
Birmingham,33.5277,-86.7987,739573,135,33.52776985,-86.79894346,21.9285,13.8282,29.5613,2024-04-15
Birmingham,33.5277,-86.7987,739573,135,33.52776985,-86.79894346,23.0836,18.1909,29.0441,2024-04-16
Birmingham,33.5277,-86.7987,739573,135,33.52776985,-86.79894346,21.7438,18.5513,26.3214,2024-04-17
Birmingham,33.5277,-86.7987,739573,135,33.52776985,-86.79894346,22.4223,18.4004,28.7064,2024-04-18
Birmingham,33.5277,-86.7987,739573,135,33.52776985,-86.79894346,22.9569,18.9823,27.6633,2024-04-19
Birmingham,33.5277,-86.7987,739573,135,33.52776985,-86.79894346,16.8051,13.1169,21.0042,2024-04-20
Birmingham,33.5277,-86.7987,739573,135,33.52776985,-86.79894346,12.7792,9.8285,16.8709,2024-04-21
Birmingham,33.5277,-86.7987,739573,135,33.52776985,-86.79894346,12.6356,4.9775,19.5288,2024-04-22
Birmingham,33.5277,-86.7987,739573,135,33.52776985,-86.79894346,16.3694,6.198,24.7679,2024-04-23
Birmingham,33.5277,-86.7987,739573,135,33.52776985,-86.79894346,19.2228,12.8355,25.5727,2024-04-24
Birmingham,33.5277,-86.7987,739573,135,33.52776985,-86.79894346,20.3658,12.6153,27.2525,2024-04-25
Birmingham,33.5277,-86.7987,739573,135,33.52776985,-86.79894346,24.5437,16.6532,30.8541,2024-04-26
Birmingham,33.5277,-86.7987,739573,135,33.52776985,-86.79894346,23.6337,19.7761,28.2303,2024-04-27
Birmingham,33.5277,-86.7987,739573,135,33.52776985,-86.79894346,22.4291,19.3397,26.6555,2024-04-28
Birmingham,33.5277,-86.7987,739573,135,33.52776985,-86.79894346,22.6857,17.0457,28.4317,2024-04-29
Birmingham,33.5277,-86.7987,739573,135,33.52776985,-86.79894346,22.7371,19.0581,29.1188,2024-04-30
Sarasota,27.3386,-82.5431,722243,117,27.33890402,-82.54349616,23.2298,17.782,28.176,2024-04-01
Sarasota,27.3386,-82.5431,722243,117,27.33890402,-82.54349616,24.3708,19.1875,28.7825,2024-04-02
Sarasota,27.3386,-82.5431,722243,117,27.33890402,-82.54349616,21.1486,17.975,26.336,2024-04-04
Sarasota,27.3386,-82.5431,722243,117,27.33890402,-82.54349616,22.8548,20.4164,27.8553,2024-04-03
Sarasota,27.3386,-82.5431,722243,117,27.33890402,-82.54349616,21.3126,15.5507,25.7437,2024-04-05
Sarasota,27.3386,-82.5431,722243,117,27.33890402,-82.54349616,20.3851,17.9095,24.9462,2024-04-06
Sarasota,27.3386,-82.5431,722243,117,27.33890402,-82.54349616,20.9696,13.3838,27.8513,2024-04-07
Sarasota,27.3386,-82.5431,722243,117,27.33890402,-82.54349616,22.3005,15.771,28.4368,2024-04-08
Sarasota,27.3386,-82.5431,722243,117,27.33890402,-82.54349616,23.716,17.5992,29.5734,2024-04-09
Sarasota,27.3386,-82.5431,722243,117,27.33890402,-82.54349616,25.069,19.622,29.7113,2024-04-10
Sarasota,27.3386,-82.5431,722243,117,27.33890402,-82.54349616,24.6881,22.8944,29.345,2024-04-11
Sarasota,27.3386,-82.5431,722243,117,27.33890402,-82.54349616,22.1767,17.6144,26.1616,2024-04-12
Sarasota,27.3386,-82.5431,722243,117,27.33890402,-82.54349616,21.6621,15.9606,28.1456,2024-04-13
Sarasota,27.3386,-82.5431,722243,117,27.33890402,-82.54349616,21.667,14.041,28.7129,2024-04-14
Sarasota,27.3386,-82.5431,722243,117,27.33890402,-82.54349616,22.5846,15.7847,27.9919,2024-04-15
Sarasota,27.3386,-82.5431,722243,117,27.33890402,-82.54349616,23.4094,16.4616,31.602,2024-04-16
Sarasota,27.3386,-82.5431,722243,117,27.33890402,-82.54349616,24.2079,19.0556,30.7396,2024-04-17
Sarasota,27.3386,-82.5431,722243,117,27.33890402,-82.54349616,24.3357,19.6532,28.8561,2024-04-18
Sarasota,27.3386,-82.5431,722243,117,27.33890402,-82.54349616,25.0541,20.7238,30.2229,2024-04-19
Sarasota,27.3386,-82.5431,722243,117,27.33890402,-82.54349616,25.0265,20.6275,30.1349,2024-04-20
Sarasota,27.3386,-82.5431,722243,117,27.33890402,-82.54349616,25.1871,21.0836,28.7789,2024-04-21
Sarasota,27.3386,-82.5431,722243,117,27.33890402,-82.54349616,21.8125,15.6828,28.4664,2024-04-23
Sarasota,27.3386,-82.5431,722243,117,27.33890402,-82.54349616,22.7128,20.3706,26.7726,2024-04-22
Sarasota,27.3386,-82.5431,722243,117,27.33890402,-82.54349616,23.363,16.1786,28.3645,2024-04-24
Sarasota,27.3386,-82.5431,722243,117,27.33890402,-82.54349616,23.7463,17.4216,28.8309,2024-04-25
Sarasota,27.3386,-82.5431,722243,117,27.33890402,-82.54349616,25.3203,18.5416,32.1096,2024-04-26
Sarasota,27.3386,-82.5431,722243,117,27.33890402,-82.54349616,25.3246,20.0264,32.0181,2024-04-27
Sarasota,27.3386,-82.5431,722243,117,27.33890402,-82.54349616,25.4952,20.7607,31.8377,2024-04-28
Sarasota,27.3386,-82.5431,722243,117,27.33890402,-82.54349616,24.7311,18.9694,30.1826,2024-04-29
Sarasota,27.3386,-82.5431,722243,117,27.33890402,-82.54349616,25.275,19.8484,30.4635,2024-04-30
Dayton,39.7797,-84.1998,718353,122,39.77950704,-84.19946555,15.61,9.2845,19.8446,2024-04-01
Dayton,39.7797,-84.1998,718353,122,39.77950704,-84.19946555,5.7705,4.2578,10.2747,2024-04-03
Dayton,39.7797,-84.1998,718353,122,39.77950704,-84.19946555,16.4071,12.1962,21.601,2024-04-02
Dayton,39.7797,-84.1998,718353,122,39.77950704,-84.19946555,4.8581,2.9149,8.6413,2024-04-04
Dayton,39.7797,-84.1998,718353,122,39.77950704,-84.19946555,5.6381,3.3163,8.8597,2024-04-05
Dayton,39.7797,-84.1998,718353,122,39.77950704,-84.19946555,7.6208,0.3868,13.952,2024-04-06
Dayton,39.7797,-84.1998,718353,122,39.77950704,-84.19946555,12.2706,0.751,18.2699,2024-04-07
Dayton,39.7797,-84.1998,718353,122,39.77950704,-84.19946555,18.2371,8.6523,25.3828,2024-04-08
Dayton,39.7797,-84.1998,718353,122,39.77950704,-84.19946555,17.7592,13.4494,22.3961,2024-04-09
Dayton,39.7797,-84.1998,718353,122,39.77950704,-84.19946555,16.1177,14.2472,17.506,2024-04-10
Dayton,39.7797,-84.1998,718353,122,39.77950704,-84.19946555,14.515,10.1729,19.8666,2024-04-11
Dayton,39.7797,-84.1998,718353,122,39.77950704,-84.19946555,11.0321,9.1069,14.7716,2024-04-12
Dayton,39.7797,-84.1998,718353,122,39.77950704,-84.19946555,13.4578,6.6331,20.1954,2024-04-13
Dayton,39.7797,-84.1998,718353,122,39.77950704,-84.19946555,21.233,10.1806,28.8898,2024-04-14
Dayton,39.7797,-84.1998,718353,122,39.77950704,-84.19946555,20.8762,14.4032,27.5484,2024-04-15
Dayton,39.7797,-84.1998,718353,122,39.77950704,-84.19946555,23.2242,11.1703,30.3301,2024-04-16
Dayton,39.7797,-84.1998,718353,122,39.77950704,-84.19946555,21.4402,17.7399,26.5334,2024-04-17
Dayton,39.7797,-84.1998,718353,122,39.77950704,-84.19946555,19.2063,9.7202,25.9014,2024-04-18
Dayton,39.7797,-84.1998,718353,122,39.77950704,-84.19946555,14.002,10.784,19.0657,2024-04-19
Dayton,39.7797,-84.1998,718353,122,39.77950704,-84.19946555,9.5437,7.0961,13.3636,2024-04-20
Dayton,39.7797,-84.1998,718353,122,39.77950704,-84.19946555,7.6968,4.4516,11.6026,2024-04-21
Dayton,39.7797,-84.1998,718353,122,39.77950704,-84.19946555,11.0341,0.7447,18.1262,2024-04-22
Dayton,39.7797,-84.1998,718353,122,39.77950704,-84.19946555,13.0454,8.236,20.3777,2024-04-23
Dayton,39.7797,-84.1998,718353,122,39.77950704,-84.19946555,9.8633,8.2441,12.7453,2024-04-24
Dayton,39.7797,-84.1998,718353,122,39.77950704,-84.19946555,10.6333,3.8778,16.9272,2024-04-25
Dayton,39.7797,-84.1998,718353,122,39.77950704,-84.19946555,17.5328,4.0045,24.8352,2024-04-26
Dayton,39.7797,-84.1998,718353,122,39.77950704,-84.19946555,23.2992,18.0339,27.8832,2024-04-27
Dayton,39.7797,-84.1998,718353,122,39.77950704,-84.19946555,24.6435,18.1871,29.9019,2024-04-28
Dayton,39.7797,-84.1998,718353,122,39.77950704,-84.19946555,23.1018,17.0842,28.5152,2024-04-29
Dayton,39.7797,-84.1998,718353,122,39.77950704,-84.19946555,18.9281,15.807,23.729,2024-04-30
Rochester,43.168,-77.6162,703952,123,43.16787053,-77.61624302,6.771,3.0793,11.2195,2024-04-01
Rochester,43.168,-77.6162,703952,123,43.16787053,-77.61624302,6.7306,4.7889,8.4216,2024-04-02
Rochester,43.168,-77.6162,703952,123,43.16787053,-77.61624302,4.8946,2.7107,8.0612,2024-04-03
Rochester,43.168,-77.6162,703952,123,43.16787053,-77.61624302,2.6592,1.8107,3.9703,2024-04-04
Rochester,43.168,-77.6162,703952,123,43.16787053,-77.61624302,3.3243,1.4109,5.921,2024-04-05
Rochester,43.168,-77.6162,703952,123,43.16787053,-77.61624302,7.5948,3.9194,12.4478,2024-04-06
Rochester,43.168,-77.6162,703952,123,43.16787053,-77.61624302,8.3569,2.8958,13.1499,2024-04-07
Rochester,43.168,-77.6162,703952,123,43.16787053,-77.61624302,10.2824,2.0397,16.6376,2024-04-08
Rochester,43.168,-77.6162,703952,123,43.16787053,-77.61624302,17.5702,6.3617,26.0213,2024-04-09
Rochester,43.168,-77.6162,703952,123,43.16787053,-77.61624302,14.3213,11.7684,17.4293,2024-04-10
Rochester,43.168,-77.6162,703952,123,43.16787053,-77.61624302,15.6499,10.0599,21.0822,2024-04-11
Rochester,43.168,-77.6162,703952,123,43.16787053,-77.61624302,10.3176,5.8603,17.1699,2024-04-12
Rochester,43.168,-77.6162,703952,123,43.16787053,-77.61624302,6.7645,4.1708,9.6408,2024-04-13
Rochester,43.168,-77.6162,703952,123,43.16787053,-77.61624302,10.9232,5.709,18.8085,2024-04-14
Rochester,43.168,-77.6162,703952,123,43.16787053,-77.61624302,11.7934,6.0999,16.8205,2024-04-15
Rochester,43.168,-77.6162,703952,123,43.16787053,-77.61624302,10.979,4.9007,16.3084,2024-04-16
Rochester,43.168,-77.6162,703952,123,43.16787053,-77.61624302,9.8479,5.5482,11.64,2024-04-17
Rochester,43.168,-77.6162,703952,123,43.16787053,-77.61624302,11.6647,8.2694,17.3612,2024-04-19
Rochester,43.168,-77.6162,703952,123,43.16787053,-77.61624302,12.5307,10.9096,15.8405,2024-04-18
Rochester,43.168,-77.6162,703952,123,43.16787053,-77.61624302,6.7865,5.3591,11.1895,2024-04-20
Rochester,43.168,-77.6162,703952,123,43.16787053,-77.61624302,5.5142,3.4587,8.59,2024-04-21
Rochester,43.168,-77.6162,703952,123,43.16787053,-77.61624302,5.8711,2.1005,11.4205,2024-04-24
Rochester,43.168,-77.6162,703952,123,43.16787053,-77.61624302,7.4564,1.45,12.4062,2024-04-22
Rochester,43.168,-77.6162,703952,123,43.16787053,-77.61624302,11.903,5.3208,20.2504,2024-04-23
Rochester,43.168,-77.6162,703952,123,43.16787053,-77.61624302,7.78,-2.7037,14.8769,2024-04-26
Rochester,43.168,-77.6162,703952,123,43.16787053,-77.61624302,3.5915,-0.8287,8.1584,2024-04-25
Rochester,43.168,-77.6162,703952,123,43.16787053,-77.61624302,13.0162,8.2693,15.9618,2024-04-27
Rochester,43.168,-77.6162,703952,123,43.16787053,-77.61624302,18.0961,13.4209,23.2509,2024-04-28
Rochester,43.168,-77.6162,703952,123,43.16787053,-77.61624302,13.2162,8.5886,15.6082,2024-04-30
Rochester,43.168,-77.6162,703952,123,43.16787053,-77.61624302,12.9874,9.1583,16.7388,2024-04-29
Fresno,36.7831,-119.7941,703498,131,36.78304407,-119.7943695,15.3249,7.2323,22.0785,2024-04-01
Fresno,36.7831,-119.7941,703498,131,36.78304407,-119.7943695,18.2496,8.5183,25.7572,2024-04-02
Fresno,36.7831,-119.7941,703498,131,36.78304407,-119.7943695,19.4495,10.981,28.1827,2024-04-03
Fresno,36.7831,-119.7941,703498,131,36.78304407,-119.7943695,9.4818,6.9845,14.3258,2024-04-04
Fresno,36.7831,-119.7941,703498,131,36.78304407,-119.7943695,9.1377,6.4026,12.6141,2024-04-05
Fresno,36.7831,-119.7941,703498,131,36.78304407,-119.7943695,11.1352,4.2474,17.0103,2024-04-06
Fresno,36.7831,-119.7941,703498,131,36.78304407,-119.7943695,12.3898,6.0272,18.2427,2024-04-07
Fresno,36.7831,-119.7941,703498,131,36.78304407,-119.7943695,14.1057,5.7498,21.1748,2024-04-08
Fresno,36.7831,-119.7941,703498,131,36.78304407,-119.7943695,17.4287,7.6223,25.2529,2024-04-09
Fresno,36.7831,-119.7941,703498,131,36.78304407,-119.7943695,20.3204,9.68,30.3498,2024-04-10
Fresno,36.7831,-119.7941,703498,131,36.78304407,-119.7943695,23.039,11.4285,32.6787,2024-04-11
Fresno,36.7831,-119.7941,703498,131,36.78304407,-119.7943695,21.9964,14.3377,33.3327,2024-04-12
Fresno,36.7831,-119.7941,703498,131,36.78304407,-119.7943695,10.9947,8.0597,20.8927,2024-04-13
Fresno,36.7831,-119.7941,703498,131,36.78304407,-119.7943695,11.5526,6.3187,15.9733,2024-04-14
Fresno,36.7831,-119.7941,703498,131,36.78304407,-119.7943695,14.4266,7.5591,19.3121,2024-04-15
Fresno,36.7831,-119.7941,703498,131,36.78304407,-119.7943695,18.5882,10.8081,25.026,2024-04-16
Fresno,36.7831,-119.7941,703498,131,36.78304407,-119.7943695,21.0356,12.224,28.0248,2024-04-17
Fresno,36.7831,-119.7941,703498,131,36.78304407,-119.7943695,23.0934,13.3258,31.9073,2024-04-18
Fresno,36.7831,-119.7941,703498,131,36.78304407,-119.7943695,22.3419,14.1465,30.7705,2024-04-19
Fresno,36.7831,-119.7941,703498,131,36.78304407,-119.7943695,22.4054,13.2223,31.1853,2024-04-20
Fresno,36.7831,-119.7941,703498,131,36.78304407,-119.7943695,23.4805,11.9246,32.6824,2024-04-21
Fresno,36.7831,-119.7941,703498,131,36.78304407,-119.7943695,25.0962,15.5123,33.282,2024-04-22
Fresno,36.7831,-119.7941,703498,131,36.78304407,-119.7943695,19.4854,12.5765,25.7553,2024-04-23
Fresno,36.7831,-119.7941,703498,131,36.78304407,-119.7943695,16.2595,11.021,20.2127,2024-04-24
Fresno,36.7831,-119.7941,703498,131,36.78304407,-119.7943695,17.6011,10.9816,23.5905,2024-04-25
Fresno,36.7831,-119.7941,703498,131,36.78304407,-119.7943695,16.8745,11.9649,22.1416,2024-04-26
Fresno,36.7831,-119.7941,703498,131,36.78304407,-119.7943695,17.3594,9.2374,23.5459,2024-04-27
Fresno,36.7831,-119.7941,703498,131,36.78304407,-119.7943695,19.3134,10.1823,26.5385,2024-04-28
Fresno,36.7831,-119.7941,703498,131,36.78304407,-119.7943695,19.0888,10.6567,26.8441,2024-04-29
Fresno,36.7831,-119.7941,703498,131,36.78304407,-119.7943695,19.0515,9.2585,26.5972,2024-04-30
Allentown,40.5961,-75.4756,683794,90,40.59599243,-75.47583612,9.5102,7.0668,10.9092,2024-04-01
Allentown,40.5961,-75.4756,683794,90,40.59599243,-75.47583612,7.9242,7.0746,9.8763,2024-04-02
Allentown,40.5961,-75.4756,683794,90,40.59599243,-75.47583612,5.8437,5.1178,7.5363,2024-04-03
Allentown,40.5961,-75.4756,683794,90,40.59599243,-75.47583612,6.8147,3.2474,10.8918,2024-04-04
Allentown,40.5961,-75.4756,683794,90,40.59599243,-75.47583612,5.7297,3.4945,8.5593,2024-04-05
Allentown,40.5961,-75.4756,683794,90,40.59599243,-75.47583612,7.5112,3.8471,11.3672,2024-04-06
Allentown,40.5961,-75.4756,683794,90,40.59599243,-75.47583612,10.3949,4.556,17.3299,2024-04-07
Allentown,40.5961,-75.4756,683794,90,40.59599243,-75.47583612,12.4752,1.7776,18.7994,2024-04-08
Allentown,40.5961,-75.4756,683794,90,40.59599243,-75.47583612,17.8226,5.3795,26.1608,2024-04-09
Allentown,40.5961,-75.4756,683794,90,40.59599243,-75.47583612,17.5676,11.4678,23.0333,2024-04-10
Allentown,40.5961,-75.4756,683794,90,40.59599243,-75.47583612,17.4565,12.4979,22.6937,2024-04-11
Allentown,40.5961,-75.4756,683794,90,40.59599243,-75.47583612,15.2333,12.0939,18.4339,2024-04-12
Allentown,40.5961,-75.4756,683794,90,40.59599243,-75.47583612,10.6297,7.376,13.6078,2024-04-13
Allentown,40.5961,-75.4756,683794,90,40.59599243,-75.47583612,16.4757,5.5946,24.2444,2024-04-14
Allentown,40.5961,-75.4756,683794,90,40.59599243,-75.47583612,20.1566,13.4676,26.7007,2024-04-15
Allentown,40.5961,-75.4756,683794,90,40.59599243,-75.47583612,15.8826,7.1621,22.7726,2024-04-16
Allentown,40.5961,-75.4756,683794,90,40.59599243,-75.47583612,12.8377,8.256,19.4955,2024-04-17
Allentown,40.5961,-75.4756,683794,90,40.59599243,-75.47583612,10.2341,8.6712,13.6316,2024-04-18
Allentown,40.5961,-75.4756,683794,90,40.59599243,-75.47583612,11.5272,8.0286,14.7597,2024-04-19
Allentown,40.5961,-75.4756,683794,90,40.59599243,-75.47583612,13.2396,8.4766,20.7772,2024-04-20
Allentown,40.5961,-75.4756,683794,90,40.59599243,-75.47583612,7.2739,2.4793,11.679,2024-04-21
Allentown,40.5961,-75.4756,683794,90,40.59599243,-75.47583612,10.1387,1.8554,17.953,2024-04-22
Allentown,40.5961,-75.4756,683794,90,40.59599243,-75.47583612,13.4641,2.5195,21.1715,2024-04-23
Allentown,40.5961,-75.4756,683794,90,40.59599243,-75.47583612,14.0519,10.371,20.8874,2024-04-24
Allentown,40.5961,-75.4756,683794,90,40.59599243,-75.47583612,10.27,5.2287,16.0418,2024-04-25
Allentown,40.5961,-75.4756,683794,90,40.59599243,-75.47583612,11.7703,2.4005,18.7416,2024-04-26
Allentown,40.5961,-75.4756,683794,90,40.59599243,-75.47583612,11.0144,4.2561,15.3499,2024-04-27
Allentown,40.5961,-75.4756,683794,90,40.59599243,-75.47583612,19.6202,10.5772,27.7391,2024-04-28
Allentown,40.5961,-75.4756,683794,90,40.59599243,-75.47583612,24.5654,16.1604,32.2748,2024-04-29
Allentown,40.5961,-75.4756,683794,90,40.59599243,-75.47583612,20.1417,16.2016,27.6226,2024-04-30
Tulsa,36.1284,-95.9042,671033,145,36.12833627,-95.90399486,21.4849,17.5089,25.8784,2024-04-01
Tulsa,36.1284,-95.9042,671033,145,36.12833627,-95.90399486,10.4753,7.9478,16.6188,2024-04-02
Tulsa,36.1284,-95.9042,671033,145,36.12833627,-95.90399486,11.6624,6.7139,16.8748,2024-04-03
Tulsa,36.1284,-95.9042,671033,145,36.12833627,-95.90399486,13.0462,4.1486,20.3594,2024-04-04
Tulsa,36.1284,-95.9042,671033,145,36.12833627,-95.90399486,16.2845,5.2211,23.9215,2024-04-05
Tulsa,36.1284,-95.9042,671033,145,36.12833627,-95.90399486,19.875,13.0866,26.3773,2024-04-06
Tulsa,36.1284,-95.9042,671033,145,36.12833627,-95.90399486,17.1286,10.315,23.1663,2024-04-07
Tulsa,36.1284,-95.9042,671033,145,36.12833627,-95.90399486,17.9536,8.8519,25.7039,2024-04-08
Tulsa,36.1284,-95.9042,671033,145,36.12833627,-95.90399486,18.5596,13.2093,23.8074,2024-04-09
Tulsa,36.1284,-95.9042,671033,145,36.12833627,-95.90399486,12.981,10.7815,16.6485,2024-04-10
Tulsa,36.1284,-95.9042,671033,145,36.12833627,-95.90399486,13.9356,9.2847,20.3375,2024-04-11
Tulsa,36.1284,-95.9042,671033,145,36.12833627,-95.90399486,22.3247,12.38,30.1046,2024-04-13
Tulsa,36.1284,-95.9042,671033,145,36.12833627,-95.90399486,16.1103,4.4917,23.8942,2024-04-12
Tulsa,36.1284,-95.9042,671033,145,36.12833627,-95.90399486,24.728,18.0817,31.4669,2024-04-14
Tulsa,36.1284,-95.9042,671033,145,36.12833627,-95.90399486,22.277,18.2512,26.0125,2024-04-15
Tulsa,36.1284,-95.9042,671033,145,36.12833627,-95.90399486,24.6212,20.7705,29.7006,2024-04-16
Tulsa,36.1284,-95.9042,671033,145,36.12833627,-95.90399486,23.7041,11.9872,30.6035,2024-04-17
Tulsa,36.1284,-95.9042,671033,145,36.12833627,-95.90399486,18.0014,13.1724,27.4201,2024-04-18
Tulsa,36.1284,-95.9042,671033,145,36.12833627,-95.90399486,13.4512,9.8192,18.3253,2024-04-20
Tulsa,36.1284,-95.9042,671033,145,36.12833627,-95.90399486,14.1967,8.4639,19.2126,2024-04-19
Tulsa,36.1284,-95.9042,671033,145,36.12833627,-95.90399486,12.45,6.7782,18.376,2024-04-21
Tulsa,36.1284,-95.9042,671033,145,36.12833627,-95.90399486,15.4537,3.7046,22.3817,2024-04-22
Tulsa,36.1284,-95.9042,671033,145,36.12833627,-95.90399486,19.3612,12.8675,26.1489,2024-04-23
Tulsa,36.1284,-95.9042,671033,145,36.12833627,-95.90399486,19.4232,11.812,24.955,2024-04-24
Tulsa,36.1284,-95.9042,671033,145,36.12833627,-95.90399486,20.2775,16.7991,26.0387,2024-04-25
Tulsa,36.1284,-95.9042,671033,145,36.12833627,-95.90399486,21.2956,16.6291,26.9459,2024-04-26
Tulsa,36.1284,-95.9042,671033,145,36.12833627,-95.90399486,24.1459,19.8767,28.3611,2024-04-27
Tulsa,36.1284,-95.9042,671033,145,36.12833627,-95.90399486,18.6459,16.3928,21.9194,2024-04-28
Tulsa,36.1284,-95.9042,671033,145,36.12833627,-95.90399486,20.6311,13.7041,26.6493,2024-04-29
Tulsa,36.1284,-95.9042,671033,145,36.12833627,-95.90399486,23.3969,14.6314,30.1035,2024-04-30
Cape Coral,26.6446,-81.9956,668382,144,26.64476626,-81.9953861,24.925,20.367,29.8117,2024-04-02
Cape Coral,26.6446,-81.9956,668382,144,26.64476626,-81.9953861,23.6533,20.3614,29.7962,2024-04-03
Cape Coral,26.6446,-81.9956,668382,144,26.64476626,-81.9953861,21.6575,19.4498,26.2007,2024-04-04
Cape Coral,26.6446,-81.9956,668382,144,26.64476626,-81.9953861,21.2548,16.6799,26.1682,2024-04-05
Cape Coral,26.6446,-81.9956,668382,144,26.64476626,-81.9953861,21.1228,18.3371,26.6587,2024-04-06
Cape Coral,26.6446,-81.9956,668382,144,26.64476626,-81.9953861,22.2533,14.2681,28.7989,2024-04-07
Cape Coral,26.6446,-81.9956,668382,144,26.64476626,-81.9953861,22.5383,16.1424,28.3792,2024-04-08
Cape Coral,26.6446,-81.9956,668382,144,26.64476626,-81.9953861,23.8929,17.9766,29.759,2024-04-09
Cape Coral,26.6446,-81.9956,668382,144,26.64476626,-81.9953861,25.4403,19.401,30.6577,2024-04-10
Cape Coral,26.6446,-81.9956,668382,144,26.64476626,-81.9953861,25.0703,23.0082,29.4576,2024-04-11
Cape Coral,26.6446,-81.9956,668382,144,26.64476626,-81.9953861,22.3251,19.0071,26.8777,2024-04-12
Cape Coral,26.6446,-81.9956,668382,144,26.64476626,-81.9953861,22.4841,16.3159,28.1065,2024-04-13
Cape Coral,26.6446,-81.9956,668382,144,26.64476626,-81.9953861,22.6479,14.6303,29.8387,2024-04-14
Cape Coral,26.6446,-81.9956,668382,144,26.64476626,-81.9953861,24.1875,17.2869,30.3133,2024-04-15
Cape Coral,26.6446,-81.9956,668382,144,26.64476626,-81.9953861,25.0454,17.172,31.6632,2024-04-16
Cape Coral,26.6446,-81.9956,668382,144,26.64476626,-81.9953861,24.9836,19.5091,31.5782,2024-04-17
Cape Coral,26.6446,-81.9956,668382,144,26.64476626,-81.9953861,24.665,19.722,30.9092,2024-04-18
Cape Coral,26.6446,-81.9956,668382,144,26.64476626,-81.9953861,25.701,21.1483,31.6967,2024-04-19
Cape Coral,26.6446,-81.9956,668382,144,26.64476626,-81.9953861,25.8886,20.4412,31.8162,2024-04-20
Cape Coral,26.6446,-81.9956,668382,144,26.64476626,-81.9953861,25.9522,21.8908,30.5458,2024-04-21
Cape Coral,26.6446,-81.9956,668382,144,26.64476626,-81.9953861,24.1239,21.3099,28.3745,2024-04-22
Cape Coral,26.6446,-81.9956,668382,144,26.64476626,-81.9953861,22.8848,15.632,28.8692,2024-04-23
Cape Coral,26.6446,-81.9956,668382,144,26.64476626,-81.9953861,24.0803,18.0278,29.5733,2024-04-24
Cape Coral,26.6446,-81.9956,668382,144,26.64476626,-81.9953861,24.3344,17.8412,31.0495,2024-04-25
Cape Coral,26.6446,-81.9956,668382,144,26.64476626,-81.9953861,25.3693,19.0586,31.651,2024-04-26
Cape Coral,26.6446,-81.9956,668382,144,26.64476626,-81.9953861,24.7662,19.5539,30.9862,2024-04-27
Cape Coral,26.6446,-81.9956,668382,144,26.64476626,-81.9953861,25.1294,18.9903,30.974,2024-04-29
Cape Coral,26.6446,-81.9956,668382,144,26.64476626,-81.9953861,25.2697,20.6874,31.0516,2024-04-28
Cape Coral,26.6446,-81.9956,668382,144,26.64476626,-81.9953861,26.3313,21.7609,31.2506,2024-04-30
Concord,37.9722,-122.0016,652308,142,37.97246375,-122.001403,14.6302,7.4075,21.7755,2024-04-01
Concord,37.9722,-122.0016,652308,142,37.97246375,-122.001403,15.7494,7.7406,23.5488,2024-04-02
Concord,37.9722,-122.0016,652308,142,37.97246375,-122.001403,12.4242,8.6642,18.5517,2024-04-03
Concord,37.9722,-122.0016,652308,142,37.97246375,-122.001403,7.7765,5.2967,11.0871,2024-04-04
Concord,37.9722,-122.0016,652308,142,37.97246375,-122.001403,8.5994,4.8735,13.2836,2024-04-05
Concord,37.9722,-122.0016,652308,142,37.97246375,-122.001403,9.8902,4.0549,15.5299,2024-04-06
Concord,37.9722,-122.0016,652308,142,37.97246375,-122.001403,11.1391,5.1431,16.887,2024-04-07
Concord,37.9722,-122.0016,652308,142,37.97246375,-122.001403,14.1805,6.5394,21.5742,2024-04-08
Concord,37.9722,-122.0016,652308,142,37.97246375,-122.001403,16.3462,8.045,24.5783,2024-04-09
Concord,37.9722,-122.0016,652308,142,37.97246375,-122.001403,17.7858,8.2603,25.2614,2024-04-10
Concord,37.9722,-122.0016,652308,142,37.97246375,-122.001403,18.7036,10.8783,27.6703,2024-04-11
Concord,37.9722,-122.0016,652308,142,37.97246375,-122.001403,13.7537,10.0757,18.0372,2024-04-12
Concord,37.9722,-122.0016,652308,142,37.97246375,-122.001403,9.3299,6.5594,12.8882,2024-04-13
Concord,37.9722,-122.0016,652308,142,37.97246375,-122.001403,11.1092,6.094,15.4398,2024-04-14
Concord,37.9722,-122.0016,652308,142,37.97246375,-122.001403,13.9806,8.0792,19.4332,2024-04-15
Concord,37.9722,-122.0016,652308,142,37.97246375,-122.001403,16.7354,8.0922,24.1525,2024-04-16
Concord,37.9722,-122.0016,652308,142,37.97246375,-122.001403,18.3026,10.5517,24.3315,2024-04-17
Concord,37.9722,-122.0016,652308,142,37.97246375,-122.001403,16.1159,9.4143,24.3723,2024-04-19
Concord,37.9722,-122.0016,652308,142,37.97246375,-122.001403,17.7349,11.0523,25.33,2024-04-18
Concord,37.9722,-122.0016,652308,142,37.97246375,-122.001403,16.9705,9.4118,25.2703,2024-04-20
Concord,37.9722,-122.0016,652308,142,37.97246375,-122.001403,19.589,9.6451,28.5331,2024-04-21
Concord,37.9722,-122.0016,652308,142,37.97246375,-122.001403,17.7071,11.6222,28.9798,2024-04-22
Concord,37.9722,-122.0016,652308,142,37.97246375,-122.001403,14.8906,10.8003,19.224,2024-04-23
Concord,37.9722,-122.0016,652308,142,37.97246375,-122.001403,14.8445,11.579,19.5743,2024-04-24
Concord,37.9722,-122.0016,652308,142,37.97246375,-122.001403,14.6089,10.0127,20.1055,2024-04-25
Concord,37.9722,-122.0016,652308,142,37.97246375,-122.001403,15.1122,11.345,20.3302,2024-04-26
Concord,37.9722,-122.0016,652308,142,37.97246375,-122.001403,15.2362,8.1749,22.521,2024-04-27
Concord,37.9722,-122.0016,652308,142,37.97246375,-122.001403,16.0766,8.9157,23.5657,2024-04-29
Concord,37.9722,-122.0016,652308,142,37.97246375,-122.001403,16.5493,9.7845,23.8082,2024-04-28
Concord,37.9722,-122.0016,652308,142,37.97246375,-122.001403,15.9708,8.5237,22.8869,2024-04-30
Colorado Springs,38.8674,-104.7606,642413,136,38.86712323,-104.7601478,3.661,0.97,7.8705,2024-04-01
Colorado Springs,38.8674,-104.7606,642413,136,38.86712323,-104.7601478,5.1386,-0.8197,11.2004,2024-04-02
Colorado Springs,38.8674,-104.7606,642413,136,38.86712323,-104.7601478,9.1328,1.4897,16.4004,2024-04-03
Colorado Springs,38.8674,-104.7606,642413,136,38.86712323,-104.7601478,11.3072,0.4904,20.2701,2024-04-04
Colorado Springs,38.8674,-104.7606,642413,136,38.86712323,-104.7601478,11.8631,3.0595,20.4505,2024-04-05
Colorado Springs,38.8674,-104.7606,642413,136,38.86712323,-104.7601478,4.4371,0.6502,8.54,2024-04-06
Colorado Springs,38.8674,-104.7606,642413,136,38.86712323,-104.7601478,5.5932,-0.7698,12.0608,2024-04-07
Colorado Springs,38.8674,-104.7606,642413,136,38.86712323,-104.7601478,4.892,-2.56,10.4802,2024-04-08
Colorado Springs,38.8674,-104.7606,642413,136,38.86712323,-104.7601478,6.2406,-2.9889,12.8105,2024-04-09
Colorado Springs,38.8674,-104.7606,642413,136,38.86712323,-104.7601478,6.7113,1.3502,13.1401,2024-04-10
Colorado Springs,38.8674,-104.7606,642413,136,38.86712323,-104.7601478,6.4718,-0.2697,13.1901,2024-04-11
Colorado Springs,38.8674,-104.7606,642413,136,38.86712323,-104.7601478,11.7326,0.25,21.6201,2024-04-12
Colorado Springs,38.8674,-104.7606,642413,136,38.86712323,-104.7601478,13.7408,5.6402,21.7498,2024-04-13
Colorado Springs,38.8674,-104.7606,642413,136,38.86712323,-104.7601478,14.3365,3.9899,22.8801,2024-04-14
Colorado Springs,38.8674,-104.7606,642413,136,38.86712323,-104.7601478,9.8969,3.0602,18.2001,2024-04-15
Colorado Springs,38.8674,-104.7606,642413,136,38.86712323,-104.7601478,10.515,3.8203,17.6899,2024-04-16
Colorado Springs,38.8674,-104.7606,642413,136,38.86712323,-104.7601478,12.3431,4.1502,21.5101,2024-04-17
Colorado Springs,38.8674,-104.7606,642413,136,38.86712323,-104.7601478,2.0096,0.5402,3.8501,2024-04-18
Colorado Springs,38.8674,-104.7606,642413,136,38.86712323,-104.7601478,3.1842,-0.2497,10.61,2024-04-19
Colorado Springs,38.8674,-104.7606,642413,136,38.86712323,-104.7601478,0.9299,-1.2396,2.2201,2024-04-20
Colorado Springs,38.8674,-104.7606,642413,136,38.86712323,-104.7601478,5.4878,0.7402,11.53,2024-04-21
Colorado Springs,38.8674,-104.7606,642413,136,38.86712323,-104.7601478,13.5733,0.9305,23.0396,2024-04-22
Colorado Springs,38.8674,-104.7606,642413,136,38.86712323,-104.7601478,11.2432,3.3799,17.1103,2024-04-23
Colorado Springs,38.8674,-104.7606,642413,136,38.86712323,-104.7601478,13.5343,2.1303,21.5802,2024-04-24
Colorado Springs,38.8674,-104.7606,642413,136,38.86712323,-104.7601478,13.6137,4.9697,21.6201,2024-04-25
Colorado Springs,38.8674,-104.7606,642413,136,38.86712323,-104.7601478,10.3087,6.28,17.35,2024-04-26
Colorado Springs,38.8674,-104.7606,642413,136,38.86712323,-104.7601478,3.1294,2.0903,5.65,2024-04-27
Colorado Springs,38.8674,-104.7606,642413,136,38.86712323,-104.7601478,7.2206,1.4801,12.8601,2024-04-28
Colorado Springs,38.8674,-104.7606,642413,136,38.86712323,-104.7601478,11.2905,2.51,18.1102,2024-04-29
Charleston,32.8153,-79.9628,628377,81,32.81500202,-79.96322367,21.9432,18.8308,28.7783,2024-04-02
Colorado Springs,38.8674,-104.7606,642413,136,38.86712323,-104.7601478,14.6101,5.02,22.2501,2024-04-30
Charleston,32.8153,-79.9628,628377,81,32.81500202,-79.96322367,21.026,17.2954,28.1602,2024-04-01
Charleston,32.8153,-79.9628,628377,81,32.81500202,-79.96322367,20.4456,18.478,22.9249,2024-04-03
Charleston,32.8153,-79.9628,628377,81,32.81500202,-79.96322367,14.9989,10.0666,20.3903,2024-04-04
Charleston,32.8153,-79.9628,628377,81,32.81500202,-79.96322367,15.2423,8.0785,21.2987,2024-04-05
Charleston,32.8153,-79.9628,628377,81,32.81500202,-79.96322367,12.7978,6.9419,18.729,2024-04-06
Charleston,32.8153,-79.9628,628377,81,32.81500202,-79.96322367,15.0417,8.3835,21.5052,2024-04-07
Charleston,32.8153,-79.9628,628377,81,32.81500202,-79.96322367,20.3105,14.5215,26.544,2024-04-09
Charleston,32.8153,-79.9628,628377,81,32.81500202,-79.96322367,18.2598,11.8335,24.285,2024-04-08
Charleston,32.8153,-79.9628,628377,81,32.81500202,-79.96322367,21.9422,18.9541,25.9952,2024-04-10
Charleston,32.8153,-79.9628,628377,81,32.81500202,-79.96322367,22.0716,20.2552,25.1013,2024-04-11
Charleston,32.8153,-79.9628,628377,81,32.81500202,-79.96322367,19.2737,14.3229,24.6792,2024-04-12
Charleston,32.8153,-79.9628,628377,81,32.81500202,-79.96322367,18.2108,11.0873,24.9636,2024-04-13
Charleston,32.8153,-79.9628,628377,81,32.81500202,-79.96322367,19.7822,11.5877,27.1846,2024-04-14
Charleston,32.8153,-79.9628,628377,81,32.81500202,-79.96322367,22.5058,16.903,32.0423,2024-04-15
Charleston,32.8153,-79.9628,628377,81,32.81500202,-79.96322367,22.5672,17.4818,30.1122,2024-04-16
Charleston,32.8153,-79.9628,628377,81,32.81500202,-79.96322367,22.5121,18.0134,28.497,2024-04-17
Charleston,32.8153,-79.9628,628377,81,32.81500202,-79.96322367,24.4638,20.122,31.7416,2024-04-18
Charleston,32.8153,-79.9628,628377,81,32.81500202,-79.96322367,24.8556,19.1795,31.6165,2024-04-19
Charleston,32.8153,-79.9628,628377,81,32.81500202,-79.96322367,25.9026,21.8012,32.6796,2024-04-20
Charleston,32.8153,-79.9628,628377,81,32.81500202,-79.96322367,18.3833,14.2573,25.6288,2024-04-21
Charleston,32.8153,-79.9628,628377,81,32.81500202,-79.96322367,14.6188,12.158,19.837,2024-04-22
Charleston,32.8153,-79.9628,628377,81,32.81500202,-79.96322367,15.9498,8.7339,21.6632,2024-04-23
Charleston,32.8153,-79.9628,628377,81,32.81500202,-79.96322367,20.101,12.2268,27.0986,2024-04-24
Charleston,32.8153,-79.9628,628377,81,32.81500202,-79.96322367,21.2401,17.2044,27.4486,2024-04-25
Charleston,32.8153,-79.9628,628377,81,32.81500202,-79.96322367,20.3238,18.4568,25.0789,2024-04-26
Charleston,32.8153,-79.9628,628377,81,32.81500202,-79.96322367,21.4392,18.5153,26.6452,2024-04-27
Charleston,32.8153,-79.9628,628377,81,32.81500202,-79.96322367,21.2517,17.3507,25.9429,2024-04-28
Charleston,32.8153,-79.9628,628377,81,32.81500202,-79.96322367,22.0509,16.0791,28.1726,2024-04-29
Charleston,32.8153,-79.9628,628377,81,32.81500202,-79.96322367,23.4056,20.0401,28.614,2024-04-30
Springfield,42.1155,-72.5395,623401,140,42.11562138,-72.539256,7.9938,2.3145,14.3082,2024-04-01
Springfield,42.1155,-72.5395,623401,140,42.11562138,-72.539256,7.2198,4.0726,12.969,2024-04-02
Springfield,42.1155,-72.5395,623401,140,42.11562138,-72.539256,3.93,2.6545,5.9538,2024-04-03
Springfield,42.1155,-72.5395,623401,140,42.11562138,-72.539256,2.1271,1.1597,3.7515,2024-04-04
Springfield,42.1155,-72.5395,623401,140,42.11562138,-72.539256,4.4484,0.9749,6.737,2024-04-05
Springfield,42.1155,-72.5395,623401,140,42.11562138,-72.539256,5.5338,3.1645,9.1697,2024-04-06
Springfield,42.1155,-72.5395,623401,140,42.11562138,-72.539256,6.8271,2.7209,12.8907,2024-04-07
Springfield,42.1155,-72.5395,623401,140,42.11562138,-72.539256,11.2367,-0.376,20.0244,2024-04-08
Springfield,42.1155,-72.5395,623401,140,42.11562138,-72.539256,14.6613,3.7682,23.9435,2024-04-09
Springfield,42.1155,-72.5395,623401,140,42.11562138,-72.539256,14.1129,6.9637,20.3783,2024-04-10
Springfield,42.1155,-72.5395,623401,140,42.11562138,-72.539256,13.2258,10.009,15.6928,2024-04-11
Springfield,42.1155,-72.5395,623401,140,42.11562138,-72.539256,14.8437,11.7999,18.5655,2024-04-12
Springfield,42.1155,-72.5395,623401,140,42.11562138,-72.539256,9.124,7.6481,12.3428,2024-04-13
Springfield,42.1155,-72.5395,623401,140,42.11562138,-72.539256,10.622,5.9227,15.3235,2024-04-14
Springfield,42.1155,-72.5395,623401,140,42.11562138,-72.539256,14.4628,6.3181,22.921,2024-04-15
Springfield,42.1155,-72.5395,623401,140,42.11562138,-72.539256,13.9515,5.5327,20.6672,2024-04-16
Springfield,42.1155,-72.5395,623401,140,42.11562138,-72.539256,10.7921,5.0172,19.3156,2024-04-17
Springfield,42.1155,-72.5395,623401,140,42.11562138,-72.539256,7.6732,6.8336,8.7835,2024-04-18
Springfield,42.1155,-72.5395,623401,140,42.11562138,-72.539256,10.6891,6.3463,17.6909,2024-04-19
Springfield,42.1155,-72.5395,623401,140,42.11562138,-72.539256,10.1842,7.1581,17.2063,2024-04-20
Springfield,42.1155,-72.5395,623401,140,42.11562138,-72.539256,7.4298,2.579,12.0318,2024-04-21
Springfield,42.1155,-72.5395,623401,140,42.11562138,-72.539256,8.6315,2.6873,14.588,2024-04-22
Springfield,42.1155,-72.5395,623401,140,42.11562138,-72.539256,10.5049,0.8208,20.019,2024-04-23
Springfield,42.1155,-72.5395,623401,140,42.11562138,-72.539256,10.6513,5.0898,18.5636,2024-04-24
Springfield,42.1155,-72.5395,623401,140,42.11562138,-72.539256,8.089,0.1946,15.1928,2024-04-25
Springfield,42.1155,-72.5395,623401,140,42.11562138,-72.539256,11.4732,3.1517,19.8245,2024-04-27
Springfield,42.1155,-72.5395,623401,140,42.11562138,-72.539256,10.2771,1.0427,17.3111,2024-04-26
Springfield,42.1155,-72.5395,623401,140,42.11562138,-72.539256,19.9054,14.2354,25.7753,2024-04-29
Springfield,42.1155,-72.5395,623401,140,42.11562138,-72.539256,15.082,7.2891,22.0947,2024-04-28
Springfield,42.1155,-72.5395,623401,140,42.11562138,-72.539256,15.7001,12.9045,21.9311,2024-04-30
Grand Rapids,42.962,-85.6562,609314,132,42.96234085,-85.65634895,6.3064,2.358,12.4261,2024-04-01
Grand Rapids,42.962,-85.6562,609314,132,42.96234085,-85.65634895,6.1827,3.764,8.4689,2024-04-02
Grand Rapids,42.962,-85.6562,609314,132,42.96234085,-85.65634895,3.9407,2.6077,5.5742,2024-04-03
Grand Rapids,42.962,-85.6562,609314,132,42.96234085,-85.65634895,4.6604,2.4387,7.544,2024-04-04
Grand Rapids,42.962,-85.6562,609314,132,42.96234085,-85.65634895,5.6444,2.2923,10.1867,2024-04-05
Grand Rapids,42.962,-85.6562,609314,132,42.96234085,-85.65634895,7.2725,-0.2316,14.7219,2024-04-06
Grand Rapids,42.962,-85.6562,609314,132,42.96234085,-85.65634895,8.4232,1.6565,15.5258,2024-04-07
Grand Rapids,42.962,-85.6562,609314,132,42.96234085,-85.65634895,14.299,6.3162,21.9552,2024-04-08
Grand Rapids,42.962,-85.6562,609314,132,42.96234085,-85.65634895,12.4923,8.6166,19.7231,2024-04-09
Grand Rapids,42.962,-85.6562,609314,132,42.96234085,-85.65634895,13.3396,3.5101,19.8352,2024-04-10
Grand Rapids,42.962,-85.6562,609314,132,42.96234085,-85.65634895,9.7637,8.5295,12.7959,2024-04-11
Grand Rapids,42.962,-85.6562,609314,132,42.96234085,-85.65634895,9.6753,7.6389,13.1261,2024-04-12
Grand Rapids,42.962,-85.6562,609314,132,42.96234085,-85.65634895,10.7335,4.499,15.2517,2024-04-13
Grand Rapids,42.962,-85.6562,609314,132,42.96234085,-85.65634895,17.6542,9.6444,24.7127,2024-04-14
Grand Rapids,42.962,-85.6562,609314,132,42.96234085,-85.65634895,15.1925,7.208,22.8097,2024-04-15
Grand Rapids,42.962,-85.6562,609314,132,42.96234085,-85.65634895,15.9803,6.4725,22.8463,2024-04-16
Grand Rapids,42.962,-85.6562,609314,132,42.96234085,-85.65634895,14.2734,11.9181,20.9174,2024-04-17
Grand Rapids,42.962,-85.6562,609314,132,42.96234085,-85.65634895,10.9965,8.7693,14.8108,2024-04-18
Grand Rapids,42.962,-85.6562,609314,132,42.96234085,-85.65634895,8.3371,5.4785,11.0528,2024-04-19
Grand Rapids,42.962,-85.6562,609314,132,42.96234085,-85.65634895,4.2064,2.0189,6.9257,2024-04-20
Grand Rapids,42.962,-85.6562,609314,132,42.96234085,-85.65634895,6.9554,1.9563,11.6781,2024-04-21
Grand Rapids,42.962,-85.6562,609314,132,42.96234085,-85.65634895,12.2244,2.4498,18.3226,2024-04-22
Grand Rapids,42.962,-85.6562,609314,132,42.96234085,-85.65634895,13.1311,10.3856,17.2721,2024-04-23
Grand Rapids,42.962,-85.6562,609314,132,42.96234085,-85.65634895,6.4195,2.8194,12.8947,2024-04-24
Grand Rapids,42.962,-85.6562,609314,132,42.96234085,-85.65634895,8.5835,-0.2312,15.1881,2024-04-25
Grand Rapids,42.962,-85.6562,609314,132,42.96234085,-85.65634895,21.1961,12.0251,27.0007,2024-04-27
Grand Rapids,42.962,-85.6562,609314,132,42.96234085,-85.65634895,12.356,3.2413,18.8529,2024-04-26
Grand Rapids,42.962,-85.6562,609314,132,42.96234085,-85.65634895,18.3699,14.2218,25.2446,2024-04-28
Grand Rapids,42.962,-85.6562,609314,132,42.96234085,-85.65634895,17.185,11.6686,21.5045,2024-04-29
Grand Rapids,42.962,-85.6562,609314,132,42.96234085,-85.65634895,14.3697,8.3755,17.979,2024-04-30
Mission Viejo,33.6095,-117.655,590249,88,33.60938454,-117.6547195,13.7992,7.5207,19.7616,2024-04-01
Mission Viejo,33.6095,-117.655,590249,88,33.60938454,-117.6547195,16.7281,8.9491,23.9583,2024-04-02
Mission Viejo,33.6095,-117.655,590249,88,33.60938454,-117.6547195,16.7491,9.7955,25.6642,2024-04-03
Mission Viejo,33.6095,-117.655,590249,88,33.60938454,-117.6547195,13.3598,10.3374,17.7581,2024-04-04
Mission Viejo,33.6095,-117.655,590249,88,33.60938454,-117.6547195,10.2962,6.9543,14.7089,2024-04-05
Mission Viejo,33.6095,-117.655,590249,88,33.60938454,-117.6547195,11.8714,5.5659,18.1757,2024-04-06
Mission Viejo,33.6095,-117.655,590249,88,33.60938454,-117.6547195,12.5994,6.2516,19.3491,2024-04-07
Mission Viejo,33.6095,-117.655,590249,88,33.60938454,-117.6547195,14.5403,6.869,21.5105,2024-04-08
Mission Viejo,33.6095,-117.655,590249,88,33.60938454,-117.6547195,17.7745,8.5416,27.1769,2024-04-09
Mission Viejo,33.6095,-117.655,590249,88,33.60938454,-117.6547195,19.1699,10.4616,27.1127,2024-04-10
Mission Viejo,33.6095,-117.655,590249,88,33.60938454,-117.6547195,17.8879,10.7552,26.648,2024-04-11
Mission Viejo,33.6095,-117.655,590249,88,33.60938454,-117.6547195,14.3291,12.1449,16.4169,2024-04-12
Mission Viejo,33.6095,-117.655,590249,88,33.60938454,-117.6547195,13.9802,9.8596,19.2875,2024-04-13
Mission Viejo,33.6095,-117.655,590249,88,33.60938454,-117.6547195,11.8419,6.2264,16.061,2024-04-14
Mission Viejo,33.6095,-117.655,590249,88,33.60938454,-117.6547195,14.8073,8.4615,20.5668,2024-04-15
Mission Viejo,33.6095,-117.655,590249,88,33.60938454,-117.6547195,18.1197,9.4255,27.3633,2024-04-16
Mission Viejo,33.6095,-117.655,590249,88,33.60938454,-117.6547195,17.8861,10.3274,26.1234,2024-04-17
Mission Viejo,33.6095,-117.655,590249,88,33.60938454,-117.6547195,15.9609,13.1033,20.8353,2024-04-19
Mission Viejo,33.6095,-117.655,590249,88,33.60938454,-117.6547195,16.5448,10.9015,23.4603,2024-04-18
Mission Viejo,33.6095,-117.655,590249,88,33.60938454,-117.6547195,16.6369,12.9399,21.6696,2024-04-20
Mission Viejo,33.6095,-117.655,590249,88,33.60938454,-117.6547195,17.2172,12.0118,25.5051,2024-04-21
Mission Viejo,33.6095,-117.655,590249,88,33.60938454,-117.6547195,15.6034,13.5896,18.9712,2024-04-22
Mission Viejo,33.6095,-117.655,590249,88,33.60938454,-117.6547195,15.7708,13.3835,18.7248,2024-04-23
Mission Viejo,33.6095,-117.655,590249,88,33.60938454,-117.6547195,15.8633,12.552,19.9365,2024-04-24
Mission Viejo,33.6095,-117.655,590249,88,33.60938454,-117.6547195,15.2444,12.579,18.7624,2024-04-25
Mission Viejo,33.6095,-117.655,590249,88,33.60938454,-117.6547195,15.3008,10.594,19.3871,2024-04-26
Mission Viejo,33.6095,-117.655,590249,88,33.60938454,-117.6547195,16.2425,11.2084,21.1521,2024-04-27
Mission Viejo,33.6095,-117.655,590249,88,33.60938454,-117.6547195,17.0532,9.895,23.4574,2024-04-28
Mission Viejo,33.6095,-117.655,590249,88,33.60938454,-117.6547195,18.3315,10.8202,24.9064,2024-04-29
Mission Viejo,33.6095,-117.655,590249,88,33.60938454,-117.6547195,17.6606,12.5903,24.0385,2024-04-30
Albany,42.6664,-73.7987,586383,92,42.66645939,-73.79895528,8.3909,1.3036,15.402,2024-04-01
Albany,42.6664,-73.7987,586383,92,42.66645939,-73.79895528,6.324,2.9506,9.149,2024-04-02
Albany,42.6664,-73.7987,586383,92,42.66645939,-73.79895528,4.4937,3.3674,6.0252,2024-04-03
Albany,42.6664,-73.7987,586383,92,42.66645939,-73.79895528,2.5443,1.7352,3.7699,2024-04-04
Albany,42.6664,-73.7987,586383,92,42.66645939,-73.79895528,4.3371,1.5405,6.7965,2024-04-05
Albany,42.6664,-73.7987,586383,92,42.66645939,-73.79895528,5.6331,3.3915,8.9777,2024-04-06
Albany,42.6664,-73.7987,586383,92,42.66645939,-73.79895528,7.9194,2.87,14.6357,2024-04-07
Albany,42.6664,-73.7987,586383,92,42.66645939,-73.79895528,14.8903,3.3229,24.3808,2024-04-09
Albany,42.6664,-73.7987,586383,92,42.66645939,-73.79895528,10.5707,0.1472,20.1377,2024-04-08
Albany,42.6664,-73.7987,586383,92,42.66645939,-73.79895528,12.8277,11.6602,15.7565,2024-04-10
Albany,42.6664,-73.7987,586383,92,42.66645939,-73.79895528,14.998,11.4984,20.2944,2024-04-12
Albany,42.6664,-73.7987,586383,92,42.66645939,-73.79895528,13.775,10.1519,15.7395,2024-04-11
Albany,42.6664,-73.7987,586383,92,42.66645939,-73.79895528,8.0079,6.9487,11.0222,2024-04-13
Albany,42.6664,-73.7987,586383,92,42.66645939,-73.79895528,8.9139,4.6866,12.5491,2024-04-14
Albany,42.6664,-73.7987,586383,92,42.66645939,-73.79895528,11.1903,5.8755,17.1389,2024-04-15
Albany,42.6664,-73.7987,586383,92,42.66645939,-73.79895528,12.1497,3.6713,18.9552,2024-04-16
Albany,42.6664,-73.7987,586383,92,42.66645939,-73.79895528,11.2258,3.3297,19.6112,2024-04-17
Albany,42.6664,-73.7987,586383,92,42.66645939,-73.79895528,8.5148,7.8488,9.7834,2024-04-18
Albany,42.6664,-73.7987,586383,92,42.66645939,-73.79895528,11.7279,6.4179,17.3358,2024-04-19
Albany,42.6664,-73.7987,586383,92,42.66645939,-73.79895528,9.3811,5.8752,16.8384,2024-04-20
Albany,42.6664,-73.7987,586383,92,42.66645939,-73.79895528,6.1743,1.1585,9.7575,2024-04-21
Albany,42.6664,-73.7987,586383,92,42.66645939,-73.79895528,7.8253,2.6785,13.6868,2024-04-22
Albany,42.6664,-73.7987,586383,92,42.66645939,-73.79895528,12.4654,0.2699,20.8017,2024-04-23
Albany,42.6664,-73.7987,586383,92,42.66645939,-73.79895528,8.9886,3.9805,17.0278,2024-04-24
Albany,42.6664,-73.7987,586383,92,42.66645939,-73.79895528,7.0851,-0.6551,13.6317,2024-04-25
Albany,42.6664,-73.7987,586383,92,42.66645939,-73.79895528,9.4438,0.5578,16.5506,2024-04-26
Albany,42.6664,-73.7987,586383,92,42.66645939,-73.79895528,12.1791,2.8524,19.6791,2024-04-27
Albany,42.6664,-73.7987,586383,92,42.66645939,-73.79895528,16.9942,8.7361,24.1889,2024-04-28
Albany,42.6664,-73.7987,586383,92,42.66645939,-73.79895528,14.6054,11.8079,18.8784,2024-04-29
Albany,42.6664,-73.7987,586383,92,42.66645939,-73.79895528,16.0633,10.359,23.8231,2024-04-30
Knoxville,35.9692,-83.9496,586048,102,35.96923093,-83.94970375,21.7697,17.995,26.7296,2024-04-01
Knoxville,35.9692,-83.9496,586048,102,35.96923093,-83.94970375,22.3491,19.8546,26.7205,2024-04-02
Knoxville,35.9692,-83.9496,586048,102,35.96923093,-83.94970375,11.9045,8.2386,20.6803,2024-04-03
Knoxville,35.9692,-83.9496,586048,102,35.96923093,-83.94970375,8.6625,6.0557,12.1196,2024-04-04
Knoxville,35.9692,-83.9496,586048,102,35.96923093,-83.94970375,7.4194,4.7476,9.939,2024-04-05
Knoxville,35.9692,-83.9496,586048,102,35.96923093,-83.94970375,10.2734,2.719,16.8076,2024-04-06
Knoxville,35.9692,-83.9496,586048,102,35.96923093,-83.94970375,14.904,3.3126,22.466,2024-04-07
Knoxville,35.9692,-83.9496,586048,102,35.96923093,-83.94970375,15.2143,11.0272,18.5175,2024-04-08
Knoxville,35.9692,-83.9496,586048,102,35.96923093,-83.94970375,14.9241,12.6063,17.8047,2024-04-09
Knoxville,35.9692,-83.9496,586048,102,35.96923093,-83.94970375,18.7152,13.7041,23.0745,2024-04-10
Knoxville,35.9692,-83.9496,586048,102,35.96923093,-83.94970375,16.8213,12.9096,21.9349,2024-04-11
Knoxville,35.9692,-83.9496,586048,102,35.96923093,-83.94970375,12.5701,10.2501,16.1768,2024-04-12
Knoxville,35.9692,-83.9496,586048,102,35.96923093,-83.94970375,15.9953,6.8798,23.7831,2024-04-13
Knoxville,35.9692,-83.9496,586048,102,35.96923093,-83.94970375,20.7168,8.2026,29.7318,2024-04-14
Knoxville,35.9692,-83.9496,586048,102,35.96923093,-83.94970375,23.492,13.9922,30.7885,2024-04-15
Knoxville,35.9692,-83.9496,586048,102,35.96923093,-83.94970375,23.6843,16.2225,29.7497,2024-04-16
Knoxville,35.9692,-83.9496,586048,102,35.96923093,-83.94970375,20.0557,17.8212,23.911,2024-04-17
Knoxville,35.9692,-83.9496,586048,102,35.96923093,-83.94970375,21.6936,18.2841,27.3307,2024-04-19
Knoxville,35.9692,-83.9496,586048,102,35.96923093,-83.94970375,22.7807,15.0846,30.866,2024-04-18
Knoxville,35.9692,-83.9496,586048,102,35.96923093,-83.94970375,17.4491,13.8495,22.0332,2024-04-20
Knoxville,35.9692,-83.9496,586048,102,35.96923093,-83.94970375,12.6562,10.276,16.8756,2024-04-21
Knoxville,35.9692,-83.9496,586048,102,35.96923093,-83.94970375,12.0598,3.809,19.0454,2024-04-22
Knoxville,35.9692,-83.9496,586048,102,35.96923093,-83.94970375,16.1764,3.4128,23.7663,2024-04-23
Knoxville,35.9692,-83.9496,586048,102,35.96923093,-83.94970375,18.3107,14.3854,22.9668,2024-04-24
Knoxville,35.9692,-83.9496,586048,102,35.96923093,-83.94970375,17.6836,7.6278,24.5515,2024-04-25
Knoxville,35.9692,-83.9496,586048,102,35.96923093,-83.94970375,15.7306,11.6641,17.8243,2024-04-26
Knoxville,35.9692,-83.9496,586048,102,35.96923093,-83.94970375,20.7384,14.5201,26.848,2024-04-27
Knoxville,35.9692,-83.9496,586048,102,35.96923093,-83.94970375,22.386,14.3363,29.1543,2024-04-28
Knoxville,35.9692,-83.9496,586048,102,35.96923093,-83.94970375,22.1225,15.7859,28.045,2024-04-29
Knoxville,35.9692,-83.9496,586048,102,35.96923093,-83.94970375,20.1842,17.6699,23.3996,2024-04-30
Bakersfield,35.3529,-119.0359,579295,135,35.35282316,-119.0362683,18.8968,9.0187,28.0128,2024-04-02
Bakersfield,35.3529,-119.0359,579295,135,35.35282316,-119.0362683,16.1259,9.4619,22.0706,2024-04-01
Bakersfield,35.3529,-119.0359,579295,135,35.35282316,-119.0362683,20.0768,10.3785,30.5549,2024-04-03
Bakersfield,35.3529,-119.0359,579295,135,35.35282316,-119.0362683,11.6499,8.0221,15.7082,2024-04-04
Bakersfield,35.3529,-119.0359,579295,135,35.35282316,-119.0362683,9.1437,6.7715,15.3038,2024-04-05
Bakersfield,35.3529,-119.0359,579295,135,35.35282316,-119.0362683,11.0271,4.5437,16.9111,2024-04-06
Bakersfield,35.3529,-119.0359,579295,135,35.35282316,-119.0362683,12.1701,5.2889,18.5115,2024-04-07
Bakersfield,35.3529,-119.0359,579295,135,35.35282316,-119.0362683,13.8585,5.3387,20.813,2024-04-08
Bakersfield,35.3529,-119.0359,579295,135,35.35282316,-119.0362683,17.307,7.1702,25.5326,2024-04-09
Bakersfield,35.3529,-119.0359,579295,135,35.35282316,-119.0362683,20.308,8.2736,30.7045,2024-04-10
Bakersfield,35.3529,-119.0359,579295,135,35.35282316,-119.0362683,23.0627,10.6388,33.0304,2024-04-11
Bakersfield,35.3529,-119.0359,579295,135,35.35282316,-119.0362683,23.1188,13.9789,34.8421,2024-04-12
Bakersfield,35.3529,-119.0359,579295,135,35.35282316,-119.0362683,11.477,6.6689,15.0063,2024-04-14
Bakersfield,35.3529,-119.0359,579295,135,35.35282316,-119.0362683,12.5229,7.6887,23.1696,2024-04-13
Bakersfield,35.3529,-119.0359,579295,135,35.35282316,-119.0362683,14.5555,8.1504,19.488,2024-04-15
Bakersfield,35.3529,-119.0359,579295,135,35.35282316,-119.0362683,18.1173,8.5971,25.8908,2024-04-16
Bakersfield,35.3529,-119.0359,579295,135,35.35282316,-119.0362683,21.2503,11.8994,30.0223,2024-04-17
Bakersfield,35.3529,-119.0359,579295,135,35.35282316,-119.0362683,23.2289,13.8664,31.9192,2024-04-18
Bakersfield,35.3529,-119.0359,579295,135,35.35282316,-119.0362683,23.6259,15.1865,32.0011,2024-04-19
Bakersfield,35.3529,-119.0359,579295,135,35.35282316,-119.0362683,23.4642,14.0096,31.1297,2024-04-20
Bakersfield,35.3529,-119.0359,579295,135,35.35282316,-119.0362683,24.1746,14.2868,33.0097,2024-04-21
Bakersfield,35.3529,-119.0359,579295,135,35.35282316,-119.0362683,25.3774,15.2962,34.921,2024-04-22
Bakersfield,35.3529,-119.0359,579295,135,35.35282316,-119.0362683,19.4483,12.1014,26.7127,2024-04-23
Bakersfield,35.3529,-119.0359,579295,135,35.35282316,-119.0362683,18.6062,13.6938,23.7561,2024-04-25
Bakersfield,35.3529,-119.0359,579295,135,35.35282316,-119.0362683,17.745,11.1062,23.6026,2024-04-24
Bakersfield,35.3529,-119.0359,579295,135,35.35282316,-119.0362683,17.2792,13.7829,21.7222,2024-04-26
Bakersfield,35.3529,-119.0359,579295,135,35.35282316,-119.0362683,17.6778,10.6736,23.6011,2024-04-27
Bakersfield,35.3529,-119.0359,579295,135,35.35282316,-119.0362683,19.9335,12.205,26.1413,2024-04-29
Bakersfield,35.3529,-119.0359,579295,135,35.35282316,-119.0362683,19.6012,10.3908,26.9323,2024-04-28
Bakersfield,35.3529,-119.0359,579295,135,35.35282316,-119.0362683,20.3117,11.3706,26.8906,2024-04-30
Ogden,41.2278,-111.9682,578523,91,41.22763289,-111.967778,5.9472,2.45,9.15,2024-04-01
Ogden,41.2278,-111.9682,578523,91,41.22763289,-111.967778,8.5407,1.12,15.18,2024-04-02
Ogden,41.2278,-111.9682,578523,91,41.22763289,-111.967778,12.4821,4.33,19.06,2024-04-03
Ogden,41.2278,-111.9682,578523,91,41.22763289,-111.967778,6.0981,2.2,13.02,2024-04-05
Ogden,41.2278,-111.9682,578523,91,41.22763289,-111.967778,14.6176,9.45,20.3,2024-04-04
Ogden,41.2278,-111.9682,578523,91,41.22763289,-111.967778,2.9689,0.86,4.82,2024-04-06
Ogden,41.2278,-111.9682,578523,91,41.22763289,-111.967778,3.9721,0.15,7.54,2024-04-07
Ogden,41.2278,-111.9682,578523,91,41.22763289,-111.967778,5.4745,-0.82,10.57,2024-04-08
Ogden,41.2278,-111.9682,578523,91,41.22763289,-111.967778,7.9028,0.64,12.83,2024-04-09
Ogden,41.2278,-111.9682,578523,91,41.22763289,-111.967778,10.3439,3.6,15.74,2024-04-10
Ogden,41.2278,-111.9682,578523,91,41.22763289,-111.967778,17.8926,8.34,25.04,2024-04-12
Ogden,41.2278,-111.9682,578523,91,41.22763289,-111.967778,12.6044,4.19,19.67,2024-04-11
Ogden,41.2278,-111.9682,578523,91,41.22763289,-111.967778,7.061,4.49,9.6799,2024-04-15
Ogden,41.2278,-111.9682,578523,91,41.22763289,-111.967778,17.3995,10.82,23.34,2024-04-13
Ogden,41.2278,-111.9682,578523,91,41.22763289,-111.967778,13.8676,9.03,20.15,2024-04-14
Ogden,41.2278,-111.9682,578523,91,41.22763289,-111.967778,11.0506,5.23,15.76,2024-04-16
Ogden,41.2278,-111.9682,578523,91,41.22763289,-111.967778,8.8693,3.66,13.38,2024-04-17
Ogden,41.2278,-111.9682,578523,91,41.22763289,-111.967778,6.3528,0.0,11.42,2024-04-18
Ogden,41.2278,-111.9682,578523,91,41.22763289,-111.967778,9.5926,1.71,14.82,2024-04-19
Ogden,41.2278,-111.9682,578523,91,41.22763289,-111.967778,12.7523,5.9,18.8697,2024-04-20
Ogden,41.2278,-111.9682,578523,91,41.22763289,-111.967778,16.0809,6.4114,23.24,2024-04-21
Ogden,41.2278,-111.9682,578523,91,41.22763289,-111.967778,14.4586,7.74,20.04,2024-04-22
Ogden,41.2278,-111.9682,578523,91,41.22763289,-111.967778,16.1616,8.7,22.07,2024-04-23
Ogden,41.2278,-111.9682,578523,91,41.22763289,-111.967778,18.5218,11.8299,23.84,2024-04-24
Ogden,41.2278,-111.9682,578523,91,41.22763289,-111.967778,13.038,10.01,18.78,2024-04-25
Ogden,41.2278,-111.9682,578523,91,41.22763289,-111.967778,10.0328,8.0999,13.4811,2024-04-26
Ogden,41.2278,-111.9682,578523,91,41.22763289,-111.967778,8.8561,7.38,11.3019,2024-04-27
Ogden,41.2278,-111.9682,578523,91,41.22763289,-111.967778,10.4028,5.34,14.7717,2024-04-28
Ogden,41.2278,-111.9682,578523,91,41.22763289,-111.967778,12.483,6.5,19.0,2024-04-29
Ogden,41.2278,-111.9682,578523,91,41.22763289,-111.967778,9.2142,2.49,13.94,2024-04-30
Baton Rouge,30.4418,-91.131,570308,161,30.44208579,-91.1306575,24.4339,20.6543,28.5358,2024-04-01
Baton Rouge,30.4418,-91.131,570308,161,30.44208579,-91.1306575,23.6318,20.86,29.9401,2024-04-02
Baton Rouge,30.4418,-91.131,570308,161,30.44208579,-91.1306575,17.6407,11.5542,22.6701,2024-04-03
Baton Rouge,30.4418,-91.131,570308,161,30.44208579,-91.1306575,17.612,7.8843,23.6987,2024-04-04
Baton Rouge,30.4418,-91.131,570308,161,30.44208579,-91.1306575,20.8342,13.01,28.3229,2024-04-05
Baton Rouge,30.4418,-91.131,570308,161,30.44208579,-91.1306575,20.0274,13.1486,27.1115,2024-04-06
Baton Rouge,30.4418,-91.131,570308,161,30.44208579,-91.1306575,22.8582,17.7314,27.8286,2024-04-07
Baton Rouge,30.4418,-91.131,570308,161,30.44208579,-91.1306575,24.4261,21.1768,28.4215,2024-04-09
Baton Rouge,30.4418,-91.131,570308,161,30.44208579,-91.1306575,22.1711,21.2426,25.5786,2024-04-08
Baton Rouge,30.4418,-91.131,570308,161,30.44208579,-91.1306575,21.3994,18.5714,23.2072,2024-04-10
Baton Rouge,30.4418,-91.131,570308,161,30.44208579,-91.1306575,19.104,16.0271,24.0061,2024-04-11
Baton Rouge,30.4418,-91.131,570308,161,30.44208579,-91.1306575,19.1465,10.9486,25.5386,2024-04-12
Baton Rouge,30.4418,-91.131,570308,161,30.44208579,-91.1306575,20.2071,11.88,27.8208,2024-04-13
Baton Rouge,30.4418,-91.131,570308,161,30.44208579,-91.1306575,21.6542,14.8786,28.5701,2024-04-14
Baton Rouge,30.4418,-91.131,570308,161,30.44208579,-91.1306575,24.7521,21.1229,29.6001,2024-04-16
Baton Rouge,30.4418,-91.131,570308,161,30.44208579,-91.1306575,23.0141,16.4486,28.9543,2024-04-15
Baton Rouge,30.4418,-91.131,570308,161,30.44208579,-91.1306575,24.6021,21.6011,28.8529,2024-04-17
Baton Rouge,30.4418,-91.131,570308,161,30.44208579,-91.1306575,25.126,21.5357,28.7886,2024-04-18
Baton Rouge,30.4418,-91.131,570308,161,30.44208579,-91.1306575,26.0614,20.84,31.4329,2024-04-19
Baton Rouge,30.4418,-91.131,570308,161,30.44208579,-91.1306575,23.131,18.6329,31.6261,2024-04-20
Baton Rouge,30.4418,-91.131,570308,161,30.44208579,-91.1306575,16.924,14.1271,21.6329,2024-04-21
Baton Rouge,30.4418,-91.131,570308,161,30.44208579,-91.1306575,16.1243,9.7031,21.6515,2024-04-22
Baton Rouge,30.4418,-91.131,570308,161,30.44208579,-91.1306575,19.0755,9.4757,25.6572,2024-04-23
Baton Rouge,30.4418,-91.131,570308,161,30.44208579,-91.1306575,22.484,14.8414,28.3758,2024-04-24
Baton Rouge,30.4418,-91.131,570308,161,30.44208579,-91.1306575,24.9134,19.5529,30.7629,2024-04-26
Baton Rouge,30.4418,-91.131,570308,161,30.44208579,-91.1306575,25.3681,22.4472,30.055,2024-04-27
Baton Rouge,30.4418,-91.131,570308,161,30.44208579,-91.1306575,25.3606,21.72,30.3901,2024-04-28
Baton Rouge,30.4418,-91.131,570308,161,30.44208579,-91.1306575,23.4803,16.0386,31.0186,2024-04-30
Baton Rouge,30.4418,-91.131,570308,161,30.44208579,-91.1306575,21.2584,18.8553,23.9486,2024-04-29
Akron,41.0798,-81.5219,565208,72,41.08009027,-81.5221655,9.3685,6.2294,13.4961,2024-04-01
Akron,41.0798,-81.5219,565208,72,41.08009027,-81.5221655,14.7299,7.6255,18.9161,2024-04-02
Akron,41.0798,-81.5219,565208,72,41.08009027,-81.5221655,7.075,3.4071,15.5961,2024-04-03
Akron,41.0798,-81.5219,565208,72,41.08009027,-81.5221655,4.8612,2.4766,7.2943,2024-04-04
Akron,41.0798,-81.5219,565208,72,41.08009027,-81.5221655,3.7734,2.2833,5.2022,2024-04-05
Akron,41.0798,-81.5219,565208,72,41.08009027,-81.5221655,6.6716,2.8206,11.905,2024-04-06
Baton Rouge,30.4418,-91.131,570308,161,30.44208579,-91.1306575,23.8656,17.5486,29.4172,2024-04-25
Akron,41.0798,-81.5219,565208,72,41.08009027,-81.5221655,10.1762,-0.3211,16.4016,2024-04-07
Akron,41.0798,-81.5219,565208,72,41.08009027,-81.5221655,15.5059,9.3856,22.8383,2024-04-08
Akron,41.0798,-81.5219,565208,72,41.08009027,-81.5221655,14.661,13.0322,15.4738,2024-04-10
Akron,41.0798,-81.5219,565208,72,41.08009027,-81.5221655,16.1964,8.7199,24.4271,2024-04-09
Akron,41.0798,-81.5219,565208,72,41.08009027,-81.5221655,16.1538,14.3555,19.6366,2024-04-11
Akron,41.0798,-81.5219,565208,72,41.08009027,-81.5221655,11.0889,5.2455,16.5694,2024-04-13
Akron,41.0798,-81.5219,565208,72,41.08009027,-81.5221655,8.9279,7.4327,15.3761,2024-04-12
Akron,41.0798,-81.5219,565208,72,41.08009027,-81.5221655,19.9961,7.5727,27.7478,2024-04-14
Akron,41.0798,-81.5219,565208,72,41.08009027,-81.5221655,15.8277,11.2717,22.0261,2024-04-15
Akron,41.0798,-81.5219,565208,72,41.08009027,-81.5221655,18.0547,6.2078,26.0338,2024-04-16
Akron,41.0798,-81.5219,565208,72,41.08009027,-81.5221655,18.3123,15.1376,25.5714,2024-04-17
Akron,41.0798,-81.5219,565208,72,41.08009027,-81.5221655,13.3476,11.0642,16.9098,2024-04-19
Akron,41.0798,-81.5219,565208,72,41.08009027,-81.5221655,16.5863,12.7088,21.9227,2024-04-18
Akron,41.0798,-81.5219,565208,72,41.08009027,-81.5221655,7.3968,5.6972,10.3039,2024-04-20
Akron,41.0798,-81.5219,565208,72,41.08009027,-81.5221655,5.5314,3.3409,8.5655,2024-04-21
Akron,41.0798,-81.5219,565208,72,41.08009027,-81.5221655,11.2519,6.5456,19.0632,2024-04-23
Akron,41.0798,-81.5219,565208,72,41.08009027,-81.5221655,9.7217,0.3022,16.5294,2024-04-22
Akron,41.0798,-81.5219,565208,72,41.08009027,-81.5221655,7.4452,0.4844,14.5616,2024-04-25
Akron,41.0798,-81.5219,565208,72,41.08009027,-81.5221655,6.0026,3.6266,10.3999,2024-04-24
Akron,41.0798,-81.5219,565208,72,41.08009027,-81.5221655,15.1279,1.3649,22.5038,2024-04-26
Akron,41.0798,-81.5219,565208,72,41.08009027,-81.5221655,21.6818,15.4233,27.7394,2024-04-27
Akron,41.0798,-81.5219,565208,72,41.08009027,-81.5221655,23.192,19.3733,28.3366,2024-04-28
Akron,41.0798,-81.5219,565208,72,41.08009027,-81.5221655,22.8545,16.3589,28.6515,2024-04-29
Akron,41.0798,-81.5219,565208,72,41.08009027,-81.5221655,17.8894,14.5427,23.3399,2024-04-30
New Haven,41.3112,-72.9246,564830,112,41.31083814,-72.92466668,8.0713,5.2419,13.0858,2024-04-01
New Haven,41.3112,-72.9246,564830,112,41.31083814,-72.92466668,7.2826,4.4016,11.648,2024-04-02
New Haven,41.3112,-72.9246,564830,112,41.31083814,-72.92466668,4.3571,2.8601,7.1375,2024-04-04
New Haven,41.3112,-72.9246,564830,112,41.31083814,-72.92466668,5.1845,4.4892,6.5105,2024-04-03
New Haven,41.3112,-72.9246,564830,112,41.31083814,-72.92466668,5.6077,1.6989,9.1391,2024-04-05
New Haven,41.3112,-72.9246,564830,112,41.31083814,-72.92466668,7.1798,3.7,11.9371,2024-04-06
New Haven,41.3112,-72.9246,564830,112,41.31083814,-72.92466668,7.5051,4.141,13.1186,2024-04-07
New Haven,41.3112,-72.9246,564830,112,41.31083814,-72.92466668,11.1081,1.6785,18.0875,2024-04-08
New Haven,41.3112,-72.9246,564830,112,41.31083814,-72.92466668,12.4688,7.5907,17.523,2024-04-10
New Haven,41.3112,-72.9246,564830,112,41.31083814,-72.92466668,13.6659,7.8209,21.4407,2024-04-09
New Haven,41.3112,-72.9246,564830,112,41.31083814,-72.92466668,13.5732,11.228,15.2465,2024-04-11
New Haven,41.3112,-72.9246,564830,112,41.31083814,-72.92466668,13.7641,11.3615,16.5211,2024-04-12
New Haven,41.3112,-72.9246,564830,112,41.31083814,-72.92466668,10.3032,8.9755,13.4863,2024-04-13
New Haven,41.3112,-72.9246,564830,112,41.31083814,-72.92466668,12.8119,6.3398,17.9048,2024-04-14
New Haven,41.3112,-72.9246,564830,112,41.31083814,-72.92466668,18.3163,10.1052,26.8532,2024-04-15
New Haven,41.3112,-72.9246,564830,112,41.31083814,-72.92466668,16.2298,8.4577,21.9178,2024-04-16
New Haven,41.3112,-72.9246,564830,112,41.31083814,-72.92466668,10.3308,7.6286,15.543,2024-04-17
New Haven,41.3112,-72.9246,564830,112,41.31083814,-72.92466668,8.1533,7.5793,8.94,2024-04-18
New Haven,41.3112,-72.9246,564830,112,41.31083814,-72.92466668,9.885,7.01,14.2023,2024-04-19
New Haven,41.3112,-72.9246,564830,112,41.31083814,-72.92466668,10.8965,7.7904,17.0424,2024-04-20
New Haven,41.3112,-72.9246,564830,112,41.31083814,-72.92466668,9.6679,2.1176,16.2769,2024-04-22
New Haven,41.3112,-72.9246,564830,112,41.31083814,-72.92466668,7.9674,3.5405,12.0409,2024-04-21
New Haven,41.3112,-72.9246,564830,112,41.31083814,-72.92466668,9.8615,3.3057,16.9432,2024-04-23
New Haven,41.3112,-72.9246,564830,112,41.31083814,-72.92466668,13.7329,8.3057,20.4699,2024-04-24
New Haven,41.3112,-72.9246,564830,112,41.31083814,-72.92466668,7.993,3.378,12.3356,2024-04-25
New Haven,41.3112,-72.9246,564830,112,41.31083814,-72.92466668,9.0167,2.2693,15.1841,2024-04-26
New Haven,41.3112,-72.9246,564830,112,41.31083814,-72.92466668,10.356,4.6917,16.6133,2024-04-27
New Haven,41.3112,-72.9246,564830,112,41.31083814,-72.92466668,13.9913,8.2693,17.9998,2024-04-28
New Haven,41.3112,-72.9246,564830,112,41.31083814,-72.92466668,18.3924,14.1333,28.8122,2024-04-29
New Haven,41.3112,-72.9246,564830,112,41.31083814,-72.92466668,12.9698,11.5292,16.6532,2024-04-30
Columbia,34.0376,-80.9037,560041,104,34.03791499,-80.90354776,22.5595,17.0374,27.8941,2024-04-01
Columbia,34.0376,-80.9037,560041,104,34.03791499,-80.90354776,23.4568,19.0602,29.4789,2024-04-02
Columbia,34.0376,-80.9037,560041,104,34.03791499,-80.90354776,19.253,14.6363,24.3484,2024-04-03
Columbia,34.0376,-80.9037,560041,104,34.03791499,-80.90354776,12.8436,6.3958,18.9304,2024-04-05
Columbia,34.0376,-80.9037,560041,104,34.03791499,-80.90354776,12.9491,8.1075,17.4635,2024-04-04
Columbia,34.0376,-80.9037,560041,104,34.03791499,-80.90354776,11.1248,3.6102,18.4132,2024-04-06
Columbia,34.0376,-80.9037,560041,104,34.03791499,-80.90354776,18.2412,9.9722,25.0304,2024-04-08
Columbia,34.0376,-80.9037,560041,104,34.03791499,-80.90354776,13.741,4.6523,21.5907,2024-04-07
Columbia,34.0376,-80.9037,560041,104,34.03791499,-80.90354776,16.5572,14.6201,20.477,2024-04-09
Columbia,34.0376,-80.9037,560041,104,34.03791499,-80.90354776,20.7157,14.6633,27.1712,2024-04-10
Columbia,34.0376,-80.9037,560041,104,34.03791499,-80.90354776,17.1344,13.2648,22.979,2024-04-12
Columbia,34.0376,-80.9037,560041,104,34.03791499,-80.90354776,22.1936,18.7936,27.0522,2024-04-11
Columbia,34.0376,-80.9037,560041,104,34.03791499,-80.90354776,16.7021,8.1441,24.1352,2024-04-13
Columbia,34.0376,-80.9037,560041,104,34.03791499,-80.90354776,20.722,7.9943,29.5373,2024-04-14
Columbia,34.0376,-80.9037,560041,104,34.03791499,-80.90354776,23.7464,15.415,31.4675,2024-04-15
Columbia,34.0376,-80.9037,560041,104,34.03791499,-80.90354776,22.3499,15.0554,30.7343,2024-04-16
Columbia,34.0376,-80.9037,560041,104,34.03791499,-80.90354776,22.752,16.502,29.0263,2024-04-17
Columbia,34.0376,-80.9037,560041,104,34.03791499,-80.90354776,24.0466,16.3878,32.171,2024-04-18
Columbia,34.0376,-80.9037,560041,104,34.03791499,-80.90354776,23.9721,16.8524,31.3575,2024-04-19
Columbia,34.0376,-80.9037,560041,104,34.03791499,-80.90354776,13.9926,10.6393,20.8289,2024-04-21
Columbia,34.0376,-80.9037,560041,104,34.03791499,-80.90354776,25.3021,19.5014,32.3454,2024-04-20
Columbia,34.0376,-80.9037,560041,104,34.03791499,-80.90354776,12.549,8.6693,18.5176,2024-04-22
Columbia,34.0376,-80.9037,560041,104,34.03791499,-80.90354776,15.8315,5.2694,23.9373,2024-04-23
Columbia,34.0376,-80.9037,560041,104,34.03791499,-80.90354776,20.3065,11.2521,27.516,2024-04-24
Columbia,34.0376,-80.9037,560041,104,34.03791499,-80.90354776,18.6952,14.5881,22.9957,2024-04-26
Columbia,34.0376,-80.9037,560041,104,34.03791499,-80.90354776,19.7213,11.6636,26.8309,2024-04-25
Columbia,34.0376,-80.9037,560041,104,34.03791499,-80.90354776,20.0889,14.9143,25.8109,2024-04-27
Columbia,34.0376,-80.9037,560041,104,34.03791499,-80.90354776,20.3024,14.6223,25.7919,2024-04-28
Columbia,34.0376,-80.9037,560041,104,34.03791499,-80.90354776,21.7943,12.7834,28.4254,2024-04-29
Columbia,34.0376,-80.9037,560041,104,34.03791499,-80.90354776,21.422,16.2457,27.8179,2024-04-30
Mesa,33.4017,-111.718,518012,144,33.40138464,-111.7178588,13.5603,9.2,18.27,2024-04-01
Mesa,33.4017,-111.718,518012,144,33.40138464,-111.7178588,17.0933,8.89,23.28,2024-04-02
Mesa,33.4017,-111.718,518012,144,33.40138464,-111.7178588,19.3455,10.43,26.49,2024-04-03
Mesa,33.4017,-111.718,518012,144,33.40138464,-111.7178588,21.9443,11.12,30.74,2024-04-04
Mesa,33.4017,-111.718,518012,144,33.40138464,-111.7178588,16.6272,12.55,21.13,2024-04-05
Mesa,33.4017,-111.718,518012,144,33.40138464,-111.7178588,13.3412,7.2499,18.07,2024-04-06
Mesa,33.4017,-111.718,518012,144,33.40138464,-111.7178588,16.1105,8.92,22.12,2024-04-08
Mesa,33.4017,-111.718,518012,144,33.40138464,-111.7178588,15.5778,6.15,22.8,2024-04-07
Mesa,33.4017,-111.718,518012,144,33.40138464,-111.7178588,19.1205,9.06,27.16,2024-04-09
Mesa,33.4017,-111.718,518012,144,33.40138464,-111.7178588,24.6622,14.38,33.69,2024-04-12
Mesa,33.4017,-111.718,518012,144,33.40138464,-111.7178588,20.6115,10.52,29.5527,2024-04-10
Mesa,33.4017,-111.718,518012,144,33.40138464,-111.7178588,23.8781,11.98,33.83,2024-04-11
Mesa,33.4017,-111.718,518012,144,33.40138464,-111.7178588,20.6695,11.57,27.66,2024-04-14
Mesa,33.4017,-111.718,518012,144,33.40138464,-111.7178588,23.4173,13.5297,31.34,2024-04-13
Mesa,33.4017,-111.718,518012,144,33.40138464,-111.7178588,18.1705,11.81,23.45,2024-04-15
Mesa,33.4017,-111.718,518012,144,33.40138464,-111.7178588,21.3851,10.2801,30.03,2024-04-16
Mesa,33.4017,-111.718,518012,144,33.40138464,-111.7178588,23.8391,12.56,32.77,2024-04-17
Mesa,33.4017,-111.718,518012,144,33.40138464,-111.7178588,25.5893,14.58,33.97,2024-04-19
Mesa,33.4017,-111.718,518012,144,33.40138464,-111.7178588,24.5466,13.03,33.7,2024-04-18
Mesa,33.4017,-111.718,518012,144,33.40138464,-111.7178588,26.3139,16.58,34.23,2024-04-20
Mesa,33.4017,-111.718,518012,144,33.40138464,-111.7178588,26.8776,14.46,35.79,2024-04-21
Mesa,33.4017,-111.718,518012,144,33.40138464,-111.7178588,28.6471,16.64,36.82,2024-04-22
Mesa,33.4017,-111.718,518012,144,33.40138464,-111.7178588,27.9699,18.06,34.76,2024-04-23
Mesa,33.4017,-111.718,518012,144,33.40138464,-111.7178588,25.924,16.1772,32.78,2024-04-24
Mesa,33.4017,-111.718,518012,144,33.40138464,-111.7178588,22.2424,15.23,27.91,2024-04-25
Mesa,33.4017,-111.718,518012,144,33.40138464,-111.7178588,21.4955,14.44,27.86,2024-04-26
Mesa,33.4017,-111.718,518012,144,33.40138464,-111.7178588,20.7581,15.03,25.24,2024-04-27
Mesa,33.4017,-111.718,518012,144,33.40138464,-111.7178588,25.2023,14.34,33.04,2024-04-29
Mesa,33.4017,-111.718,518012,144,33.40138464,-111.7178588,22.6415,12.91,29.71,2024-04-28
Mesa,33.4017,-111.718,518012,144,33.40138464,-111.7178588,26.7664,15.95,34.49,2024-04-30
Palm Bay,27.955,-80.6627,507002,140,27.95498914,-80.66307373,23.9538,16.34,31.06,2024-04-01
Palm Bay,27.955,-80.6627,507002,140,27.95498914,-80.66307373,25.8296,19.35,32.37,2024-04-02
Palm Bay,27.955,-80.6627,507002,140,27.95498914,-80.66307373,21.2824,16.8691,27.43,2024-04-04
Palm Bay,27.955,-80.6627,507002,140,27.95498914,-80.66307373,23.2767,19.19,33.19,2024-04-03
Palm Bay,27.955,-80.6627,507002,140,27.95498914,-80.66307373,20.6462,11.6444,27.4407,2024-04-05
Palm Bay,27.955,-80.6627,507002,140,27.95498914,-80.66307373,19.7701,14.5998,27.4412,2024-04-06
Palm Bay,27.955,-80.6627,507002,140,27.95498914,-80.66307373,19.5558,12.45,26.02,2024-04-07
Palm Bay,27.955,-80.6627,507002,140,27.95498914,-80.66307373,21.421,15.81,26.81,2024-04-08
Palm Bay,27.955,-80.6627,507002,140,27.95498914,-80.66307373,23.0595,19.1891,28.33,2024-04-09
Palm Bay,27.955,-80.6627,507002,140,27.95498914,-80.66307373,25.4601,20.91,30.0712,2024-04-10
Palm Bay,27.955,-80.6627,507002,140,27.95498914,-80.66307373,25.3729,22.52,33.3,2024-04-11
Palm Bay,27.955,-80.6627,507002,140,27.95498914,-80.66307373,23.122,18.25,28.95,2024-04-12
Palm Bay,27.955,-80.6627,507002,140,27.95498914,-80.66307373,19.283,12.54,26.48,2024-04-13
Palm Bay,27.955,-80.6627,507002,140,27.95498914,-80.66307373,20.7873,11.037,28.39,2024-04-14
Palm Bay,27.955,-80.6627,507002,140,27.95498914,-80.66307373,21.7306,14.01,28.4792,2024-04-15
Palm Bay,27.955,-80.6627,507002,140,27.95498914,-80.66307373,22.6688,15.87,29.03,2024-04-16
Palm Bay,27.955,-80.6627,507002,140,27.95498914,-80.66307373,23.9951,19.497,29.1869,2024-04-17
Palm Bay,27.955,-80.6627,507002,140,27.95498914,-80.66307373,24.3842,17.9,31.1403,2024-04-18
Palm Bay,27.955,-80.6627,507002,140,27.95498914,-80.66307373,26.6525,19.58,32.39,2024-04-20
Palm Bay,27.955,-80.6627,507002,140,27.95498914,-80.66307373,26.1077,18.3206,33.77,2024-04-19
Palm Bay,27.955,-80.6627,507002,140,27.95498914,-80.66307373,27.1672,21.16,33.67,2024-04-21
Palm Bay,27.955,-80.6627,507002,140,27.95498914,-80.66307373,21.3263,19.14,26.19,2024-04-22
Palm Bay,27.955,-80.6627,507002,140,27.95498914,-80.66307373,20.773,15.3006,26.03,2024-04-23
Palm Bay,27.955,-80.6627,507002,140,27.95498914,-80.66307373,21.7257,13.38,27.93,2024-04-24
Palm Bay,27.955,-80.6627,507002,140,27.95498914,-80.66307373,22.9043,15.0306,29.0607,2024-04-25
Palm Bay,27.955,-80.6627,507002,140,27.95498914,-80.66307373,23.5079,16.45,28.99,2024-04-26
Palm Bay,27.955,-80.6627,507002,140,27.95498914,-80.66307373,23.5858,21.22,28.22,2024-04-28
Palm Bay,27.955,-80.6627,507002,140,27.95498914,-80.66307373,23.9495,21.69,29.07,2024-04-27
Palm Bay,27.955,-80.6627,507002,140,27.95498914,-80.66307373,24.5438,19.71,29.36,2024-04-29
Palm Bay,27.955,-80.6627,507002,140,27.95498914,-80.66307373,24.5006,21.05,29.61,2024-04-30
Provo,40.2457,-111.6457,500617,91,40.24584156,-111.6458479,4.6849,1.3858,8.4922,2024-04-01
Provo,40.2457,-111.6457,500617,91,40.24584156,-111.6458479,7.7216,0.6753,14.1707,2024-04-02
Provo,40.2457,-111.6457,500617,91,40.24584156,-111.6458479,14.7199,7.5869,21.0467,2024-04-04
Provo,40.2457,-111.6457,500617,91,40.24584156,-111.6458479,12.1713,3.4698,19.436,2024-04-03
Provo,40.2457,-111.6457,500617,91,40.24584156,-111.6458479,6.9607,2.1353,14.3702,2024-04-05
Provo,40.2457,-111.6457,500617,91,40.24584156,-111.6458479,2.0577,0.1,4.1413,2024-04-06
Provo,40.2457,-111.6457,500617,91,40.24584156,-111.6458479,3.4672,-0.2878,7.2082,2024-04-07
Provo,40.2457,-111.6457,500617,91,40.24584156,-111.6458479,4.5708,-0.9353,9.639,2024-04-08
Provo,40.2457,-111.6457,500617,91,40.24584156,-111.6458479,9.5121,3.0324,16.2324,2024-04-10
Provo,40.2457,-111.6457,500617,91,40.24584156,-111.6458479,6.7891,0.2504,13.1737,2024-04-09
Provo,40.2457,-111.6457,500617,91,40.24584156,-111.6458479,12.2051,1.8696,19.8189,2024-04-11
Provo,40.2457,-111.6457,500617,91,40.24584156,-111.6458479,16.8127,7.936,24.2867,2024-04-12
Provo,40.2457,-111.6457,500617,91,40.24584156,-111.6458479,16.1366,9.1875,22.8584,2024-04-13
Provo,40.2457,-111.6457,500617,91,40.24584156,-111.6458479,13.1952,7.7164,18.9304,2024-04-14
Provo,40.2457,-111.6457,500617,91,40.24584156,-111.6458479,6.5051,4.3784,8.8627,2024-04-15
Provo,40.2457,-111.6457,500617,91,40.24584156,-111.6458479,11.4266,5.9636,16.8107,2024-04-16
Provo,40.2457,-111.6457,500617,91,40.24584156,-111.6458479,11.1358,5.6229,17.1729,2024-04-17
Provo,40.2457,-111.6457,500617,91,40.24584156,-111.6458479,7.7943,1.0036,13.2827,2024-04-18
Provo,40.2457,-111.6457,500617,91,40.24584156,-111.6458479,10.4152,3.0187,15.9644,2024-04-19
Provo,40.2457,-111.6457,500617,91,40.24584156,-111.6458479,12.6304,4.2136,19.8286,2024-04-20
Provo,40.2457,-111.6457,500617,91,40.24584156,-111.6458479,15.9762,5.3309,23.6091,2024-04-21
Provo,40.2457,-111.6457,500617,91,40.24584156,-111.6458479,15.905,6.9723,23.4315,2024-04-22
Provo,40.2457,-111.6457,500617,91,40.24584156,-111.6458479,16.7105,8.4587,24.1671,2024-04-23
Provo,40.2457,-111.6457,500617,91,40.24584156,-111.6458479,17.7616,10.0353,23.8618,2024-04-24
Provo,40.2457,-111.6457,500617,91,40.24584156,-111.6458479,14.0415,9.6153,19.354,2024-04-25
Provo,40.2457,-111.6457,500617,91,40.24584156,-111.6458479,9.2499,7.6831,12.6068,2024-04-26
Provo,40.2457,-111.6457,500617,91,40.24584156,-111.6458479,8.7199,6.4971,11.6091,2024-04-27
Provo,40.2457,-111.6457,500617,91,40.24584156,-111.6458479,10.5522,6.0507,15.1629,2024-04-28
Provo,40.2457,-111.6457,500617,91,40.24584156,-111.6458479,12.4268,5.2529,18.482,2024-04-29
Provo,40.2457,-111.6457,500617,91,40.24584156,-111.6458479,10.2986,3.1202,15.8302,2024-04-30
Worcester,42.2705,-71.8079,498328,118,42.2706676,-71.80775423,7.6684,2.1994,14.6707,2024-04-01
Worcester,42.2705,-71.8079,498328,118,42.2706676,-71.80775423,3.1755,1.7854,5.5653,2024-04-03
Worcester,42.2705,-71.8079,498328,118,42.2706676,-71.80775423,6.2086,3.7306,11.0447,2024-04-02
Worcester,42.2705,-71.8079,498328,118,42.2706676,-71.80775423,2.8177,0.4493,5.402,2024-04-05
Worcester,42.2705,-71.8079,498328,118,42.2706676,-71.80775423,1.4919,0.9827,2.432,2024-04-04
Worcester,42.2705,-71.8079,498328,118,42.2706676,-71.80775423,3.4504,1.2054,6.6534,2024-04-06
Worcester,42.2705,-71.8079,498328,118,42.2706676,-71.80775423,5.2869,2.1801,9.5154,2024-04-07
Worcester,42.2705,-71.8079,498328,118,42.2706676,-71.80775423,11.6246,1.5906,18.9711,2024-04-08
Worcester,42.2705,-71.8079,498328,118,42.2706676,-71.80775423,11.2768,4.9858,18.9541,2024-04-10
Worcester,42.2705,-71.8079,498328,118,42.2706676,-71.80775423,12.8859,6.4086,22.3305,2024-04-09
Worcester,42.2705,-71.8079,498328,118,42.2706676,-71.80775423,13.3076,10.4807,16.8087,2024-04-12
Worcester,42.2705,-71.8079,498328,118,42.2706676,-71.80775423,9.3723,6.8468,11.1927,2024-04-11
Worcester,42.2705,-71.8079,498328,118,42.2706676,-71.80775423,8.1317,6.6474,11.1968,2024-04-13
Worcester,42.2705,-71.8079,498328,118,42.2706676,-71.80775423,10.1408,5.6554,14.8674,2024-04-14
Worcester,42.2705,-71.8079,498328,118,42.2706676,-71.80775423,13.5344,6.6013,21.8681,2024-04-15
Worcester,42.2705,-71.8079,498328,118,42.2706676,-71.80775423,13.0618,5.4147,19.5927,2024-04-16
Worcester,42.2705,-71.8079,498328,118,42.2706676,-71.80775423,10.9729,4.636,19.6368,2024-04-17
Worcester,42.2705,-71.8079,498328,118,42.2706676,-71.80775423,6.608,5.7307,8.1133,2024-04-18
Worcester,42.2705,-71.8079,498328,118,42.2706676,-71.80775423,10.0732,5.8207,16.9762,2024-04-19
Worcester,42.2705,-71.8079,498328,118,42.2706676,-71.80775423,10.3904,7.4681,16.338,2024-04-20
Worcester,42.2705,-71.8079,498328,118,42.2706676,-71.80775423,6.8722,2.2913,11.6807,2024-04-21
Worcester,42.2705,-71.8079,498328,118,42.2706676,-71.80775423,7.606,1.8461,13.8067,2024-04-22
Worcester,42.2705,-71.8079,498328,118,42.2706676,-71.80775423,9.6365,0.9554,18.9979,2024-04-23
Worcester,42.2705,-71.8079,498328,118,42.2706676,-71.80775423,9.0163,4.5061,17.4567,2024-04-24
Worcester,42.2705,-71.8079,498328,118,42.2706676,-71.80775423,6.8801,-0.0312,13.612,2024-04-25
Worcester,42.2705,-71.8079,498328,118,42.2706676,-71.80775423,8.785,0.92,16.4787,2024-04-26
Worcester,42.2705,-71.8079,498328,118,42.2706676,-71.80775423,11.5546,3.2027,19.3332,2024-04-27
Worcester,42.2705,-71.8079,498328,118,42.2706676,-71.80775423,15.6228,7.0987,22.4885,2024-04-28
Worcester,42.2705,-71.8079,498328,118,42.2706676,-71.80775423,13.5324,10.9994,18.784,2024-04-30
Worcester,42.2705,-71.8079,498328,118,42.2706676,-71.80775423,19.172,16.0749,24.0261,2024-04-29
Murrieta,33.572,-117.1909,496046,135,33.57169876,-117.1907432,16.0446,6.9194,24.4671,2024-04-02
Murrieta,33.572,-117.1909,496046,135,33.57169876,-117.1907432,16.4711,8.787,25.6416,2024-04-03
Murrieta,33.572,-117.1909,496046,135,33.57169876,-117.1907432,12.9284,5.8955,19.7256,2024-04-01
Murrieta,33.572,-117.1909,496046,135,33.57169876,-117.1907432,11.9627,8.6079,16.9681,2024-04-04
Murrieta,33.572,-117.1909,496046,135,33.57169876,-117.1907432,8.4196,5.0743,12.1268,2024-04-05
Murrieta,33.572,-117.1909,496046,135,33.57169876,-117.1907432,10.7486,3.9366,17.256,2024-04-06
Murrieta,33.572,-117.1909,496046,135,33.57169876,-117.1907432,11.2386,4.3675,18.7278,2024-04-07
Murrieta,33.572,-117.1909,496046,135,33.57169876,-117.1907432,13.2541,5.0183,21.2362,2024-04-08
Murrieta,33.572,-117.1909,496046,135,33.57169876,-117.1907432,15.9528,5.515,25.0697,2024-04-09
Murrieta,33.572,-117.1909,496046,135,33.57169876,-117.1907432,18.0277,7.3256,28.7523,2024-04-10
Murrieta,33.572,-117.1909,496046,135,33.57169876,-117.1907432,19.2502,9.7562,31.4751,2024-04-11
Murrieta,33.572,-117.1909,496046,135,33.57169876,-117.1907432,13.5628,9.4225,17.1849,2024-04-12
Murrieta,33.572,-117.1909,496046,135,33.57169876,-117.1907432,13.6134,10.6366,18.7007,2024-04-13
Murrieta,33.572,-117.1909,496046,135,33.57169876,-117.1907432,11.2309,5.1308,15.9918,2024-04-14
Murrieta,33.572,-117.1909,496046,135,33.57169876,-117.1907432,14.6351,6.3978,21.2781,2024-04-15
Murrieta,33.572,-117.1909,496046,135,33.57169876,-117.1907432,18.7398,8.4859,29.5572,2024-04-16
Murrieta,33.572,-117.1909,496046,135,33.57169876,-117.1907432,17.7369,9.2031,28.8899,2024-04-17
Murrieta,33.572,-117.1909,496046,135,33.57169876,-117.1907432,15.7736,11.1764,22.8761,2024-04-19
Murrieta,33.572,-117.1909,496046,135,33.57169876,-117.1907432,16.1132,9.367,25.1343,2024-04-18
Murrieta,33.572,-117.1909,496046,135,33.57169876,-117.1907432,16.903,10.865,25.8086,2024-04-20
Murrieta,33.572,-117.1909,496046,135,33.57169876,-117.1907432,18.1056,9.8232,28.7844,2024-04-21
Murrieta,33.572,-117.1909,496046,135,33.57169876,-117.1907432,15.9878,11.4179,23.3575,2024-04-22
Murrieta,33.572,-117.1909,496046,135,33.57169876,-117.1907432,15.9815,12.4664,21.0333,2024-04-23
Murrieta,33.572,-117.1909,496046,135,33.57169876,-117.1907432,15.6145,11.8854,20.8942,2024-04-24
Murrieta,33.572,-117.1909,496046,135,33.57169876,-117.1907432,14.3421,11.4038,19.025,2024-04-25
Murrieta,33.572,-117.1909,496046,135,33.57169876,-117.1907432,13.9942,10.183,18.5437,2024-04-26
Murrieta,33.572,-117.1909,496046,135,33.57169876,-117.1907432,16.7172,7.8361,25.3859,2024-04-28
Murrieta,33.572,-117.1909,496046,135,33.57169876,-117.1907432,15.8769,11.3693,21.8651,2024-04-27
Murrieta,33.572,-117.1909,496046,135,33.57169876,-117.1907432,18.4085,9.6569,27.5357,2024-04-29
Murrieta,33.572,-117.1909,496046,135,33.57169876,-117.1907432,17.3854,10.0638,27.5566,2024-04-30
Greenville,34.8353,-82.3647,484465,118,34.8350376,-82.36475013,21.8491,17.611,27.4001,2024-04-01
Greenville,34.8353,-82.3647,484465,118,34.8350376,-82.36475013,23.3478,18.9909,28.25,2024-04-02
Greenville,34.8353,-82.3647,484465,118,34.8350376,-82.36475013,16.3879,11.411,21.7402,2024-04-03
Greenville,34.8353,-82.3647,484465,118,34.8350376,-82.36475013,10.9906,6.7613,15.1719,2024-04-04
Greenville,34.8353,-82.3647,484465,118,34.8350376,-82.36475013,12.3591,3.9998,19.6208,2024-04-06
Greenville,34.8353,-82.3647,484465,118,34.8350376,-82.36475013,10.6067,5.241,18.9518,2024-04-05
Greenville,34.8353,-82.3647,484465,118,34.8350376,-82.36475013,14.3807,4.9008,21.1608,2024-04-07
Greenville,34.8353,-82.3647,484465,118,34.8350376,-82.36475013,18.2159,8.857,25.0509,2024-04-08
Greenville,34.8353,-82.3647,484465,118,34.8350376,-82.36475013,16.1438,15.47,17.6681,2024-04-09
Greenville,34.8353,-82.3647,484465,118,34.8350376,-82.36475013,18.7939,16.0614,24.1891,2024-04-11
Greenville,34.8353,-82.3647,484465,118,34.8350376,-82.36475013,18.6042,14.9207,22.9411,2024-04-10
Greenville,34.8353,-82.3647,484465,118,34.8350376,-82.36475013,14.9794,11.1605,20.7509,2024-04-12
Greenville,34.8353,-82.3647,484465,118,34.8350376,-82.36475013,17.8347,8.5404,25.0206,2024-04-13
Greenville,34.8353,-82.3647,484465,118,34.8350376,-82.36475013,21.1301,8.6374,29.7818,2024-04-14
Greenville,34.8353,-82.3647,484465,118,34.8350376,-82.36475013,23.2503,13.06,30.8411,2024-04-15
Greenville,34.8353,-82.3647,484465,118,34.8350376,-82.36475013,22.8405,15.3578,29.8614,2024-04-16
Greenville,34.8353,-82.3647,484465,118,34.8350376,-82.36475013,21.0118,17.64,28.2439,2024-04-17
Greenville,34.8353,-82.3647,484465,118,34.8350376,-82.36475013,23.3513,13.4987,32.0811,2024-04-18
Greenville,34.8353,-82.3647,484465,118,34.8350376,-82.36475013,24.5393,17.176,31.0902,2024-04-19
Greenville,34.8353,-82.3647,484465,118,34.8350376,-82.36475013,13.1628,10.1922,18.6027,2024-04-21
Greenville,34.8353,-82.3647,484465,118,34.8350376,-82.36475013,22.8832,17.2994,30.34,2024-04-20
Greenville,34.8353,-82.3647,484465,118,34.8350376,-82.36475013,13.5147,7.3007,20.0008,2024-04-22
Greenville,34.8353,-82.3647,484465,118,34.8350376,-82.36475013,16.3047,6.0293,23.3603,2024-04-23
Greenville,34.8353,-82.3647,484465,118,34.8350376,-82.36475013,19.1407,10.0661,26.3512,2024-04-25
Greenville,34.8353,-82.3647,484465,118,34.8350376,-82.36475013,18.6437,10.0895,25.6611,2024-04-24
Greenville,34.8353,-82.3647,484465,118,34.8350376,-82.36475013,15.5557,13.0007,17.5136,2024-04-26
Greenville,34.8353,-82.3647,484465,118,34.8350376,-82.36475013,20.007,14.7728,24.0702,2024-04-27
Greenville,34.8353,-82.3647,484465,118,34.8350376,-82.36475013,20.6738,15.2796,26.0713,2024-04-28
Greenville,34.8353,-82.3647,484465,118,34.8350376,-82.36475013,20.5235,13.1682,27.3814,2024-04-29
Greenville,34.8353,-82.3647,484465,118,34.8350376,-82.36475013,20.5007,15.9392,25.0712,2024-04-30
Wichita,37.6896,-97.3442,482249,140,37.68960742,-97.34387561,14.8619,8.6033,23.6811,2024-04-01
Wichita,37.6896,-97.3442,482249,140,37.68960742,-97.34387561,9.585,4.6658,15.8373,2024-04-02
Wichita,37.6896,-97.3442,482249,140,37.68960742,-97.34387561,9.8689,4.3431,15.9096,2024-04-03
Wichita,37.6896,-97.3442,482249,140,37.68960742,-97.34387561,11.4981,2.2238,19.22,2024-04-04
Wichita,37.6896,-97.3442,482249,140,37.68960742,-97.34387561,18.1469,11.9726,26.0502,2024-04-06
Wichita,37.6896,-97.3442,482249,140,37.68960742,-97.34387561,15.1744,4.9122,23.1985,2024-04-05
Wichita,37.6896,-97.3442,482249,140,37.68960742,-97.34387561,15.1537,6.2493,22.3585,2024-04-07
Wichita,37.6896,-97.3442,482249,140,37.68960742,-97.34387561,13.2446,5.4756,20.2296,2024-04-08
Wichita,37.6896,-97.3442,482249,140,37.68960742,-97.34387561,13.7376,6.6671,20.3977,2024-04-09
Wichita,37.6896,-97.3442,482249,140,37.68960742,-97.34387561,15.666,10.2776,22.1062,2024-04-10
Wichita,37.6896,-97.3442,482249,140,37.68960742,-97.34387561,12.4621,6.6347,18.2118,2024-04-11
Wichita,37.6896,-97.3442,482249,140,37.68960742,-97.34387561,16.0636,4.1076,24.2182,2024-04-12
Wichita,37.6896,-97.3442,482249,140,37.68960742,-97.34387561,22.2929,12.4371,30.9522,2024-04-13
Wichita,37.6896,-97.3442,482249,140,37.68960742,-97.34387561,24.9096,14.5027,34.2196,2024-04-14
Wichita,37.6896,-97.3442,482249,140,37.68960742,-97.34387561,21.8631,18.3692,26.7982,2024-04-15
Wichita,37.6896,-97.3442,482249,140,37.68960742,-97.34387561,20.7356,14.0207,27.7826,2024-04-16
Wichita,37.6896,-97.3442,482249,140,37.68960742,-97.34387561,22.081,10.4252,29.2507,2024-04-17
Wichita,37.6896,-97.3442,482249,140,37.68960742,-97.34387561,13.5939,8.7242,22.4342,2024-04-18
Wichita,37.6896,-97.3442,482249,140,37.68960742,-97.34387561,11.4804,5.2349,17.2015,2024-04-19
Wichita,37.6896,-97.3442,482249,140,37.68960742,-97.34387561,8.4366,6.384,11.3447,2024-04-20
Wichita,37.6896,-97.3442,482249,140,37.68960742,-97.34387561,11.2612,3.9629,17.5731,2024-04-21
Wichita,37.6896,-97.3442,482249,140,37.68960742,-97.34387561,16.3613,4.9169,23.3108,2024-04-22
Wichita,37.6896,-97.3442,482249,140,37.68960742,-97.34387561,17.7892,11.9156,25.0218,2024-04-23
Wichita,37.6896,-97.3442,482249,140,37.68960742,-97.34387561,18.0765,9.8524,23.8429,2024-04-24
Wichita,37.6896,-97.3442,482249,140,37.68960742,-97.34387561,22.5784,14.7644,29.9011,2024-04-26
Wichita,37.6896,-97.3442,482249,140,37.68960742,-97.34387561,15.7764,14.2049,18.4629,2024-04-25
Wichita,37.6896,-97.3442,482249,140,37.68960742,-97.34387561,19.1153,17.096,25.152,2024-04-27
Wichita,37.6896,-97.3442,482249,140,37.68960742,-97.34387561,18.0045,14.6817,22.2873,2024-04-28
Wichita,37.6896,-97.3442,482249,140,37.68960742,-97.34387561,18.3849,8.5513,25.6707,2024-04-29
Wichita,37.6896,-97.3442,482249,140,37.68960742,-97.34387561,20.9537,15.052,31.2811,2024-04-30
Toledo,41.6639,-83.5822,482111,142,41.66415214,-83.5822045,5.7975,4.3859,8.8544,2024-04-01
Toledo,41.6639,-83.5822,482111,142,41.66415214,-83.5822045,6.6797,4.7102,9.2142,2024-04-02
Toledo,41.6639,-83.5822,482111,142,41.66415214,-83.5822045,5.2208,3.2936,9.1428,2024-04-03
Toledo,41.6639,-83.5822,482111,142,41.66415214,-83.5822045,5.799,2.1016,10.1129,2024-04-04
Toledo,41.6639,-83.5822,482111,142,41.66415214,-83.5822045,8.4404,2.2922,14.5525,2024-04-06
Toledo,41.6639,-83.5822,482111,142,41.66415214,-83.5822045,5.6131,1.8942,8.4684,2024-04-05
Toledo,41.6639,-83.5822,482111,142,41.66415214,-83.5822045,14.9202,7.4992,22.0049,2024-04-08
Toledo,41.6639,-83.5822,482111,142,41.66415214,-83.5822045,7.3952,0.9055,13.9759,2024-04-07
Toledo,41.6639,-83.5822,482111,142,41.66415214,-83.5822045,16.7343,8.8932,23.2319,2024-04-09
Toledo,41.6639,-83.5822,482111,142,41.66415214,-83.5822045,12.7673,9.0408,18.1025,2024-04-10
Toledo,41.6639,-83.5822,482111,142,41.66415214,-83.5822045,11.1546,7.9254,18.089,2024-04-11
Toledo,41.6639,-83.5822,482111,142,41.66415214,-83.5822045,11.8559,5.2258,17.8935,2024-04-13
Toledo,41.6639,-83.5822,482111,142,41.66415214,-83.5822045,9.8062,7.7538,11.9516,2024-04-12
Toledo,41.6639,-83.5822,482111,142,41.66415214,-83.5822045,18.3379,9.5308,27.3414,2024-04-14
Toledo,41.6639,-83.5822,482111,142,41.66415214,-83.5822045,15.081,8.19,21.3153,2024-04-15
Toledo,41.6639,-83.5822,482111,142,41.66415214,-83.5822045,12.5108,7.0378,18.8286,2024-04-16
Toledo,41.6639,-83.5822,482111,142,41.66415214,-83.5822045,16.8689,11.8904,25.5358,2024-04-17
Toledo,41.6639,-83.5822,482111,142,41.66415214,-83.5822045,15.414,11.6198,21.2881,2024-04-18
Toledo,41.6639,-83.5822,482111,142,41.66415214,-83.5822045,11.0475,8.5767,15.3016,2024-04-19
Toledo,41.6639,-83.5822,482111,142,41.66415214,-83.5822045,6.3223,3.78,9.8101,2024-04-20
Toledo,41.6639,-83.5822,482111,142,41.66415214,-83.5822045,7.466,2.7991,12.9914,2024-04-21
Toledo,41.6639,-83.5822,482111,142,41.66415214,-83.5822045,11.4858,1.716,18.2695,2024-04-22
Toledo,41.6639,-83.5822,482111,142,41.66415214,-83.5822045,6.3894,4.1091,9.2609,2024-04-24
Toledo,41.6639,-83.5822,482111,142,41.66415214,-83.5822045,10.7845,9.1523,15.2974,2024-04-23
Toledo,41.6639,-83.5822,482111,142,41.66415214,-83.5822045,5.7024,-0.0231,11.0323,2024-04-25
Toledo,41.6639,-83.5822,482111,142,41.66415214,-83.5822045,9.9909,3.0324,15.8632,2024-04-26
Toledo,41.6639,-83.5822,482111,142,41.66415214,-83.5822045,22.9239,18.5082,28.6716,2024-04-28
Toledo,41.6639,-83.5822,482111,142,41.66415214,-83.5822045,21.6467,11.2219,28.3103,2024-04-27
Toledo,41.6639,-83.5822,482111,142,41.66415214,-83.5822045,18.0842,14.7145,22.7272,2024-04-30
Toledo,41.6639,-83.5822,482111,142,41.66415214,-83.5822045,20.6967,17.9609,29.0938,2024-04-29
Staten Island,40.5834,-74.1496,476143,91,40.58309194,-74.14961862,9.4673,7.4065,12.4015,2024-04-01
Staten Island,40.5834,-74.1496,476143,91,40.58309194,-74.14961862,7.4711,6.889,9.201,2024-04-02
Staten Island,40.5834,-74.1496,476143,91,40.58309194,-74.14961862,6.1132,5.0321,7.1848,2024-04-03
Staten Island,40.5834,-74.1496,476143,91,40.58309194,-74.14961862,6.1166,3.3401,9.8411,2024-04-04
Staten Island,40.5834,-74.1496,476143,91,40.58309194,-74.14961862,8.149,3.6163,12.3042,2024-04-06
Staten Island,40.5834,-74.1496,476143,91,40.58309194,-74.14961862,6.1038,3.3879,9.5862,2024-04-05
Staten Island,40.5834,-74.1496,476143,91,40.58309194,-74.14961862,8.2654,3.6229,15.9985,2024-04-07
Staten Island,40.5834,-74.1496,476143,91,40.58309194,-74.14961862,10.8101,3.3197,18.4387,2024-04-08
Staten Island,40.5834,-74.1496,476143,91,40.58309194,-74.14961862,14.5683,7.1665,22.1046,2024-04-09
Staten Island,40.5834,-74.1496,476143,91,40.58309194,-74.14961862,11.5198,8.8146,16.0723,2024-04-10
Staten Island,40.5834,-74.1496,476143,91,40.58309194,-74.14961862,13.8118,9.6568,15.7093,2024-04-11
Staten Island,40.5834,-74.1496,476143,91,40.58309194,-74.14961862,14.651,12.3576,19.1682,2024-04-12
Staten Island,40.5834,-74.1496,476143,91,40.58309194,-74.14961862,9.909,8.0488,12.8013,2024-04-13
Staten Island,40.5834,-74.1496,476143,91,40.58309194,-74.14961862,15.6047,5.9861,23.0855,2024-04-14
Staten Island,40.5834,-74.1496,476143,91,40.58309194,-74.14961862,19.4534,12.9098,27.8152,2024-04-15
Staten Island,40.5834,-74.1496,476143,91,40.58309194,-74.14961862,15.1487,8.9419,22.4176,2024-04-16
Staten Island,40.5834,-74.1496,476143,91,40.58309194,-74.14961862,10.9432,9.1248,14.9041,2024-04-17
Staten Island,40.5834,-74.1496,476143,91,40.58309194,-74.14961862,8.4613,7.2759,10.1851,2024-04-18
Staten Island,40.5834,-74.1496,476143,91,40.58309194,-74.14961862,13.2012,9.1244,21.5698,2024-04-20
Staten Island,40.5834,-74.1496,476143,91,40.58309194,-74.14961862,9.2617,5.8728,12.2304,2024-04-19
Staten Island,40.5834,-74.1496,476143,91,40.58309194,-74.14961862,8.0719,3.4017,12.5502,2024-04-21
Staten Island,40.5834,-74.1496,476143,91,40.58309194,-74.14961862,9.2703,2.9266,17.1205,2024-04-22
Staten Island,40.5834,-74.1496,476143,91,40.58309194,-74.14961862,9.8517,4.4701,16.2219,2024-04-23
Staten Island,40.5834,-74.1496,476143,91,40.58309194,-74.14961862,14.5912,8.265,21.9163,2024-04-24
Staten Island,40.5834,-74.1496,476143,91,40.58309194,-74.14961862,8.9648,2.8619,14.9809,2024-04-26
Staten Island,40.5834,-74.1496,476143,91,40.58309194,-74.14961862,7.7222,5.8271,12.8336,2024-04-25
Staten Island,40.5834,-74.1496,476143,91,40.58309194,-74.14961862,10.6349,5.2064,16.7205,2024-04-27
Staten Island,40.5834,-74.1496,476143,91,40.58309194,-74.14961862,17.2734,10.188,25.0152,2024-04-28
Staten Island,40.5834,-74.1496,476143,91,40.58309194,-74.14961862,19.9387,16.228,28.8818,2024-04-29
Des Moines,41.5725,-93.6105,473957,142,41.57247568,-93.61060099,7.3305,6.0754,8.9789,2024-04-01
Staten Island,40.5834,-74.1496,476143,91,40.58309194,-74.14961862,13.8406,12.1197,17.6902,2024-04-30
Des Moines,41.5725,-93.6105,473957,142,41.57247568,-93.61060099,5.4427,2.7533,7.8865,2024-04-02
Des Moines,41.5725,-93.6105,473957,142,41.57247568,-93.61060099,7.1483,2.0242,11.724,2024-04-03
Des Moines,41.5725,-93.6105,473957,142,41.57247568,-93.61060099,6.8372,-0.1039,12.8754,2024-04-04
Des Moines,41.5725,-93.6105,473957,142,41.57247568,-93.61060099,7.569,-1.523,14.254,2024-04-05
Des Moines,41.5725,-93.6105,473957,142,41.57247568,-93.61060099,9.8482,2.3594,15.8415,2024-04-06
Des Moines,41.5725,-93.6105,473957,142,41.57247568,-93.61060099,13.5071,6.4592,20.0527,2024-04-07
Des Moines,41.5725,-93.6105,473957,142,41.57247568,-93.61060099,13.4271,6.7708,19.7376,2024-04-08
Des Moines,41.5725,-93.6105,473957,142,41.57247568,-93.61060099,12.3436,3.3581,19.2656,2024-04-09
Des Moines,41.5725,-93.6105,473957,142,41.57247568,-93.61060099,15.7425,5.3829,21.8619,2024-04-10
Des Moines,41.5725,-93.6105,473957,142,41.57247568,-93.61060099,10.5377,7.2884,14.8796,2024-04-11
Des Moines,41.5725,-93.6105,473957,142,41.57247568,-93.61060099,11.9272,4.9087,18.4473,2024-04-12
Des Moines,41.5725,-93.6105,473957,142,41.57247568,-93.61060099,19.3601,3.8061,29.0755,2024-04-13
Des Moines,41.5725,-93.6105,473957,142,41.57247568,-93.61060099,21.7166,13.7986,31.3332,2024-04-14
Des Moines,41.5725,-93.6105,473957,142,41.57247568,-93.61060099,19.3027,7.3498,26.8121,2024-04-15
Des Moines,41.5725,-93.6105,473957,142,41.57247568,-93.61060099,18.1425,14.3277,24.0721,2024-04-16
Des Moines,41.5725,-93.6105,473957,142,41.57247568,-93.61060099,14.7992,11.5445,18.7782,2024-04-17
Des Moines,41.5725,-93.6105,473957,142,41.57247568,-93.61060099,7.742,1.3075,13.7623,2024-04-19
Des Moines,41.5725,-93.6105,473957,142,41.57247568,-93.61060099,9.114,5.8944,11.7925,2024-04-18
Des Moines,41.5725,-93.6105,473957,142,41.57247568,-93.61060099,5.6387,0.5957,8.7496,2024-04-20
Des Moines,41.5725,-93.6105,473957,142,41.57247568,-93.61060099,9.0867,0.2596,15.8196,2024-04-21
Des Moines,41.5725,-93.6105,473957,142,41.57247568,-93.61060099,15.412,4.1188,20.9838,2024-04-22
Des Moines,41.5725,-93.6105,473957,142,41.57247568,-93.61060099,15.1332,9.9848,20.4164,2024-04-23
Des Moines,41.5725,-93.6105,473957,142,41.57247568,-93.61060099,12.5689,5.2477,18.6004,2024-04-24
Des Moines,41.5725,-93.6105,473957,142,41.57247568,-93.61060099,13.4219,8.4151,17.7428,2024-04-25
Des Moines,41.5725,-93.6105,473957,142,41.57247568,-93.61060099,14.7177,9.5236,17.6466,2024-04-26
Des Moines,41.5725,-93.6105,473957,142,41.57247568,-93.61060099,17.6189,13.7319,23.4096,2024-04-27
Des Moines,41.5725,-93.6105,473957,142,41.57247568,-93.61060099,17.1793,14.3273,20.5121,2024-04-28
Des Moines,41.5725,-93.6105,473957,142,41.57247568,-93.61060099,14.3147,8.5696,19.5324,2024-04-29
Des Moines,41.5725,-93.6105,473957,142,41.57247568,-93.61060099,16.781,7.705,23.8488,2024-04-30
Long Beach,33.7981,-118.1675,462628,157,33.79831052,-118.1677063,14.9648,8.8714,20.9094,2024-04-01
Long Beach,33.7981,-118.1675,462628,157,33.79831052,-118.1677063,17.1022,10.6348,24.739,2024-04-02
Long Beach,33.7981,-118.1675,462628,157,33.79831052,-118.1677063,17.513,11.3627,25.5903,2024-04-03
Long Beach,33.7981,-118.1675,462628,157,33.79831052,-118.1677063,14.1236,10.9957,17.7459,2024-04-04
Long Beach,33.7981,-118.1675,462628,157,33.79831052,-118.1677063,12.1127,8.4012,16.7553,2024-04-05
Long Beach,33.7981,-118.1675,462628,157,33.79831052,-118.1677063,14.0473,8.3426,19.831,2024-04-07
Long Beach,33.7981,-118.1675,462628,157,33.79831052,-118.1677063,12.8544,7.1382,18.1501,2024-04-06
Long Beach,33.7981,-118.1675,462628,157,33.79831052,-118.1677063,16.1762,8.8219,22.9193,2024-04-08
Long Beach,33.7981,-118.1675,462628,157,33.79831052,-118.1677063,19.2807,10.0198,28.2782,2024-04-09
Long Beach,33.7981,-118.1675,462628,157,33.79831052,-118.1677063,18.8855,11.7801,27.1798,2024-04-10
Long Beach,33.7981,-118.1675,462628,157,33.79831052,-118.1677063,17.1562,12.7022,25.9134,2024-04-11
Long Beach,33.7981,-118.1675,462628,157,33.79831052,-118.1677063,15.2223,12.3473,16.8065,2024-04-12
Long Beach,33.7981,-118.1675,462628,157,33.79831052,-118.1677063,12.9947,8.6274,16.7712,2024-04-14
Long Beach,33.7981,-118.1675,462628,157,33.79831052,-118.1677063,14.1003,10.0414,18.3852,2024-04-13
Long Beach,33.7981,-118.1675,462628,157,33.79831052,-118.1677063,15.4115,10.1042,20.7201,2024-04-15
Long Beach,33.7981,-118.1675,462628,157,33.79831052,-118.1677063,18.2749,10.4808,27.66,2024-04-16
Long Beach,33.7981,-118.1675,462628,157,33.79831052,-118.1677063,17.9686,12.3751,25.3273,2024-04-17
Long Beach,33.7981,-118.1675,462628,157,33.79831052,-118.1677063,17.0059,13.1512,21.7324,2024-04-18
Long Beach,33.7981,-118.1675,462628,157,33.79831052,-118.1677063,16.9577,14.4618,20.7863,2024-04-19
Long Beach,33.7981,-118.1675,462628,157,33.79831052,-118.1677063,17.3203,13.9253,21.7088,2024-04-20
Long Beach,33.7981,-118.1675,462628,157,33.79831052,-118.1677063,17.8061,12.7157,24.0393,2024-04-21
Long Beach,33.7981,-118.1675,462628,157,33.79831052,-118.1677063,16.5908,14.9578,18.391,2024-04-22
Long Beach,33.7981,-118.1675,462628,157,33.79831052,-118.1677063,16.8837,13.7573,20.5172,2024-04-23
Long Beach,33.7981,-118.1675,462628,157,33.79831052,-118.1677063,16.9142,12.9396,20.3238,2024-04-24
Long Beach,33.7981,-118.1675,462628,157,33.79831052,-118.1677063,16.0357,13.733,19.4089,2024-04-25
Long Beach,33.7981,-118.1675,462628,157,33.79831052,-118.1677063,17.198,12.7383,22.5114,2024-04-26
Long Beach,33.7981,-118.1675,462628,157,33.79831052,-118.1677063,16.854,11.9238,21.6648,2024-04-27
Long Beach,33.7981,-118.1675,462628,157,33.79831052,-118.1677063,18.073,11.4253,23.9139,2024-04-28
Long Beach,33.7981,-118.1675,462628,157,33.79831052,-118.1677063,19.0322,13.2668,25.0282,2024-04-29
Long Beach,33.7981,-118.1675,462628,157,33.79831052,-118.1677063,18.7076,14.5503,22.903,2024-04-30
Port St. Lucie,27.2796,-80.3883,461152,117,27.27933865,-80.38843775,23.7421,16.0504,31.3917,2024-04-01
Port St. Lucie,27.2796,-80.3883,461152,117,27.27933865,-80.38843775,26.0515,18.5625,32.9408,2024-04-02
Port St. Lucie,27.2796,-80.3883,461152,117,27.27933865,-80.38843775,25.6074,20.8591,32.7798,2024-04-03
Port St. Lucie,27.2796,-80.3883,461152,117,27.27933865,-80.38843775,22.2907,18.5811,28.237,2024-04-04
Port St. Lucie,27.2796,-80.3883,461152,117,27.27933865,-80.38843775,20.5514,14.2816,27.8483,2024-04-06
Port St. Lucie,27.2796,-80.3883,461152,117,27.27933865,-80.38843775,21.1734,12.7736,27.9008,2024-04-05
Port St. Lucie,27.2796,-80.3883,461152,117,27.27933865,-80.38843775,20.7586,14.1484,26.5959,2024-04-07
Port St. Lucie,27.2796,-80.3883,461152,117,27.27933865,-80.38843775,21.661,16.058,26.5633,2024-04-08
Port St. Lucie,27.2796,-80.3883,461152,117,27.27933865,-80.38843775,23.6715,19.6075,27.3675,2024-04-09
Port St. Lucie,27.2796,-80.3883,461152,117,27.27933865,-80.38843775,26.1053,22.44,31.2342,2024-04-10
Port St. Lucie,27.2796,-80.3883,461152,117,27.27933865,-80.38843775,26.6766,24.0709,34.0968,2024-04-11
Port St. Lucie,27.2796,-80.3883,461152,117,27.27933865,-80.38843775,22.8675,19.3896,28.0114,2024-04-12
Port St. Lucie,27.2796,-80.3883,461152,117,27.27933865,-80.38843775,20.2687,13.2375,27.1433,2024-04-13
Port St. Lucie,27.2796,-80.3883,461152,117,27.27933865,-80.38843775,20.7837,11.7554,27.8,2024-04-14
Port St. Lucie,27.2796,-80.3883,461152,117,27.27933865,-80.38843775,22.0556,14.9029,28.3017,2024-04-15
Port St. Lucie,27.2796,-80.3883,461152,117,27.27933865,-80.38843775,23.1537,16.6083,28.8518,2024-04-16
Port St. Lucie,27.2796,-80.3883,461152,117,27.27933865,-80.38843775,24.4401,20.3006,29.3059,2024-04-17
Port St. Lucie,27.2796,-80.3883,461152,117,27.27933865,-80.38843775,24.5488,17.3438,30.013,2024-04-18
Port St. Lucie,27.2796,-80.3883,461152,117,27.27933865,-80.38843775,26.1808,19.2739,32.35,2024-04-19
Port St. Lucie,27.2796,-80.3883,461152,117,27.27933865,-80.38843775,26.9978,20.7704,33.0892,2024-04-20
Port St. Lucie,27.2796,-80.3883,461152,117,27.27933865,-80.38843775,23.0032,21.1716,28.4628,2024-04-22
Port St. Lucie,27.2796,-80.3883,461152,117,27.27933865,-80.38843775,27.8164,22.3867,33.48,2024-04-21
Port St. Lucie,27.2796,-80.3883,461152,117,27.27933865,-80.38843775,21.7,15.4028,27.0708,2024-04-23
Port St. Lucie,27.2796,-80.3883,461152,117,27.27933865,-80.38843775,22.3799,15.4946,27.6708,2024-04-24
Port St. Lucie,27.2796,-80.3883,461152,117,27.27933865,-80.38843775,23.203,16.07,28.8693,2024-04-25
Port St. Lucie,27.2796,-80.3883,461152,117,27.27933865,-80.38843775,24.0411,17.1488,29.497,2024-04-26
Port St. Lucie,27.2796,-80.3883,461152,117,27.27933865,-80.38843775,25.0998,21.8924,29.8726,2024-04-27
Port St. Lucie,27.2796,-80.3883,461152,117,27.27933865,-80.38843775,24.6887,22.3044,29.2468,2024-04-28
Port St. Lucie,27.2796,-80.3883,461152,117,27.27933865,-80.38843775,24.85,21.1096,29.1067,2024-04-29
Denton,33.2176,-97.1419,457177,121,33.21748337,-97.1417113,22.7391,20.16,27.6,2024-04-01
Port St. Lucie,27.2796,-80.3883,461152,117,27.27933865,-80.38843775,24.185,22.0133,29.3616,2024-04-30
Denton,33.2176,-97.1419,457177,121,33.21748337,-97.1417113,14.1337,10.82,19.3492,2024-04-02
Denton,33.2176,-97.1419,457177,121,33.21748337,-97.1417113,14.5222,7.6,21.41,2024-04-03
Denton,33.2176,-97.1419,457177,121,33.21748337,-97.1417113,19.2367,7.15,27.21,2024-04-04
Denton,33.2176,-97.1419,457177,121,33.21748337,-97.1417113,22.1979,12.79,30.67,2024-04-05
Denton,33.2176,-97.1419,457177,121,33.21748337,-97.1417113,21.5977,16.5411,25.17,2024-04-06
Denton,33.2176,-97.1419,457177,121,33.21748337,-97.1417113,19.294,11.43,24.9141,2024-04-07
Denton,33.2176,-97.1419,457177,121,33.21748337,-97.1417113,21.2696,11.79,27.84,2024-04-08
Denton,33.2176,-97.1419,457177,121,33.21748337,-97.1417113,17.9324,15.8076,20.08,2024-04-09
Denton,33.2176,-97.1419,457177,121,33.21748337,-97.1417113,15.1119,12.99,17.64,2024-04-10
Denton,33.2176,-97.1419,457177,121,33.21748337,-97.1417113,16.1272,8.98,21.9143,2024-04-11
Denton,33.2176,-97.1419,457177,121,33.21748337,-97.1417113,19.6016,8.76,26.94,2024-04-12
Denton,33.2176,-97.1419,457177,121,33.21748337,-97.1417113,22.6325,15.34,28.43,2024-04-13
Denton,33.2176,-97.1419,457177,121,33.21748337,-97.1417113,23.8372,18.16,29.65,2024-04-14
Denton,33.2176,-97.1419,457177,121,33.21748337,-97.1417113,24.4838,20.98,30.13,2024-04-16
Denton,33.2176,-97.1419,457177,121,33.21748337,-97.1417113,23.2671,20.46,25.34,2024-04-15
Denton,33.2176,-97.1419,457177,121,33.21748337,-97.1417113,25.4827,22.0343,30.39,2024-04-17
Denton,33.2176,-97.1419,457177,121,33.21748337,-97.1417113,22.7925,17.27,29.16,2024-04-18
Denton,33.2176,-97.1419,457177,121,33.21748337,-97.1417113,17.1338,14.02,20.69,2024-04-19
Denton,33.2176,-97.1419,457177,121,33.21748337,-97.1417113,11.9403,8.6,16.91,2024-04-20
Denton,33.2176,-97.1419,457177,121,33.21748337,-97.1417113,14.0258,9.6117,18.31,2024-04-21
Denton,33.2176,-97.1419,457177,121,33.21748337,-97.1417113,15.9292,7.25,21.47,2024-04-22
Denton,33.2176,-97.1419,457177,121,33.21748337,-97.1417113,20.6836,13.18,25.6,2024-04-23
Denton,33.2176,-97.1419,457177,121,33.21748337,-97.1417113,23.8613,18.6,28.71,2024-04-24
Denton,33.2176,-97.1419,457177,121,33.21748337,-97.1417113,24.0766,21.7,26.78,2024-04-25
Denton,33.2176,-97.1419,457177,121,33.21748337,-97.1417113,24.25,22.36,26.43,2024-04-26
Denton,33.2176,-97.1419,457177,121,33.21748337,-97.1417113,25.1044,20.8143,28.74,2024-04-27
Denton,33.2176,-97.1419,457177,121,33.21748337,-97.1417113,22.014,16.76,25.96,2024-04-28
Denton,33.2176,-97.1419,457177,121,33.21748337,-97.1417113,23.2164,18.16,29.12,2024-04-29
Denton,33.2176,-97.1419,457177,121,33.21748337,-97.1417113,25.1237,18.42,29.7272,2024-04-30
Madison,43.0826,-89.3931,447245,119,43.08232739,-89.39261327,3.9554,1.2769,8.6847,2024-04-01
Madison,43.0826,-89.3931,447245,119,43.08232739,-89.39261327,3.0004,1.2099,4.0571,2024-04-03
Madison,43.0826,-89.3931,447245,119,43.08232739,-89.39261327,2.8838,2.3585,3.9518,2024-04-02
Madison,43.0826,-89.3931,447245,119,43.08232739,-89.39261327,4.7013,1.6404,6.6855,2024-04-04
Madison,43.0826,-89.3931,447245,119,43.08232739,-89.39261327,4.7757,0.8921,8.548,2024-04-05
Madison,43.0826,-89.3931,447245,119,43.08232739,-89.39261327,5.3377,-2.3491,10.095,2024-04-06
Madison,43.0826,-89.3931,447245,119,43.08232739,-89.39261327,9.1515,4.995,14.7056,2024-04-08
Madison,43.0826,-89.3931,447245,119,43.08232739,-89.39261327,6.4338,1.9109,8.5277,2024-04-07
Madison,43.0826,-89.3931,447245,119,43.08232739,-89.39261327,8.9507,3.5734,14.8338,2024-04-09
Madison,43.0826,-89.3931,447245,119,43.08232739,-89.39261327,12.1623,4.8314,18.7934,2024-04-10
Madison,43.0826,-89.3931,447245,119,43.08232739,-89.39261327,10.3285,4.8959,15.6007,2024-04-11
Madison,43.0826,-89.3931,447245,119,43.08232739,-89.39261327,10.0891,5.386,13.9201,2024-04-12
Madison,43.0826,-89.3931,447245,119,43.08232739,-89.39261327,13.4942,3.4253,18.3245,2024-04-13
Madison,43.0826,-89.3931,447245,119,43.08232739,-89.39261327,16.0293,10.5288,22.038,2024-04-14
Madison,43.0826,-89.3931,447245,119,43.08232739,-89.39261327,13.4358,3.3987,21.5163,2024-04-15
Madison,43.0826,-89.3931,447245,119,43.08232739,-89.39261327,13.6245,6.2137,17.9672,2024-04-16
Madison,43.0826,-89.3931,447245,119,43.08232739,-89.39261327,13.3507,10.7019,16.7039,2024-04-17
Madison,43.0826,-89.3931,447245,119,43.08232739,-89.39261327,9.7438,6.0062,11.7089,2024-04-18
Madison,43.0826,-89.3931,447245,119,43.08232739,-89.39261327,6.3288,2.9553,11.4093,2024-04-19
Madison,43.0826,-89.3931,447245,119,43.08232739,-89.39261327,3.4313,-0.3814,5.2361,2024-04-20
Madison,43.0826,-89.3931,447245,119,43.08232739,-89.39261327,7.2795,-0.3637,13.1234,2024-04-21
Madison,43.0826,-89.3931,447245,119,43.08232739,-89.39261327,11.696,1.9451,16.8432,2024-04-22
Madison,43.0826,-89.3931,447245,119,43.08232739,-89.39261327,12.2806,8.3977,16.6254,2024-04-23
Madison,43.0826,-89.3931,447245,119,43.08232739,-89.39261327,6.2179,1.2578,10.027,2024-04-24
Madison,43.0826,-89.3931,447245,119,43.08232739,-89.39261327,7.8009,0.4183,13.7952,2024-04-25
Madison,43.0826,-89.3931,447245,119,43.08232739,-89.39261327,10.462,3.9206,14.9236,2024-04-26
Madison,43.0826,-89.3931,447245,119,43.08232739,-89.39261327,17.4576,11.999,23.6315,2024-04-27
Madison,43.0826,-89.3931,447245,119,43.08232739,-89.39261327,12.318,10.5898,14.6923,2024-04-28
Madison,43.0826,-89.3931,447245,119,43.08232739,-89.39261327,13.9559,8.7034,19.1188,2024-04-29
Madison,43.0826,-89.3931,447245,119,43.08232739,-89.39261327,15.3846,7.6667,19.1891,2024-04-30
Reno,39.5497,-119.8483,445020,140,39.54998099,-119.8481032,5.712,-0.5639,11.2441,2024-04-01
Reno,39.5497,-119.8483,445020,140,39.54998099,-119.8481032,11.3155,1.7617,19.6886,2024-04-02
Reno,39.5497,-119.8483,445020,140,39.54998099,-119.8481032,10.1684,4.508,17.9929,2024-04-03
Reno,39.5497,-119.8483,445020,140,39.54998099,-119.8481032,2.2463,-2.0377,7.7893,2024-04-04
Reno,39.5497,-119.8483,445020,140,39.54998099,-119.8481032,0.3542,-3.558,3.5443,2024-04-05
Reno,39.5497,-119.8483,445020,140,39.54998099,-119.8481032,2.3117,-2.9357,7.6911,2024-04-06
Reno,39.5497,-119.8483,445020,140,39.54998099,-119.8481032,5.1166,-1.9463,10.7303,2024-04-08
Reno,39.5497,-119.8483,445020,140,39.54998099,-119.8481032,3.6095,-2.2184,8.0477,2024-04-07
Reno,39.5497,-119.8483,445020,140,39.54998099,-119.8481032,12.215,3.6065,20.9547,2024-04-10
Reno,39.5497,-119.8483,445020,140,39.54998099,-119.8481032,9.2311,0.1237,18.2131,2024-04-09
Reno,39.5497,-119.8483,445020,140,39.54998099,-119.8481032,13.2189,3.886,21.6775,2024-04-11
Reno,39.5497,-119.8483,445020,140,39.54998099,-119.8481032,12.9501,4.9371,20.1679,2024-04-12
Reno,39.5497,-119.8483,445020,140,39.54998099,-119.8481032,7.9528,3.2443,16.4519,2024-04-13
Reno,39.5497,-119.8483,445020,140,39.54998099,-119.8481032,4.7997,1.5414,10.0515,2024-04-14
Reno,39.5497,-119.8483,445020,140,39.54998099,-119.8481032,9.1125,2.9311,15.9981,2024-04-15
Reno,39.5497,-119.8483,445020,140,39.54998099,-119.8481032,11.4472,1.7914,20.124,2024-04-16
Reno,39.5497,-119.8483,445020,140,39.54998099,-119.8481032,11.3035,3.764,19.0906,2024-04-17
Reno,39.5497,-119.8483,445020,140,39.54998099,-119.8481032,11.0251,2.444,18.0637,2024-04-18
Reno,39.5497,-119.8483,445020,140,39.54998099,-119.8481032,13.7959,5.6286,20.9598,2024-04-19
Reno,39.5497,-119.8483,445020,140,39.54998099,-119.8481032,14.2393,5.1529,21.4871,2024-04-20
Reno,39.5497,-119.8483,445020,140,39.54998099,-119.8481032,15.0435,5.0307,23.6082,2024-04-21
Reno,39.5497,-119.8483,445020,140,39.54998099,-119.8481032,15.6413,5.5165,23.2921,2024-04-22
Reno,39.5497,-119.8483,445020,140,39.54998099,-119.8481032,14.0089,9.3648,20.2091,2024-04-23
Reno,39.5497,-119.8483,445020,140,39.54998099,-119.8481032,11.4769,5.1486,18.7996,2024-04-24
Reno,39.5497,-119.8483,445020,140,39.54998099,-119.8481032,6.1742,3.5394,10.954,2024-04-26
Reno,39.5497,-119.8483,445020,140,39.54998099,-119.8481032,9.6065,4.5297,16.7749,2024-04-25
Reno,39.5497,-119.8483,445020,140,39.54998099,-119.8481032,9.4078,1.0915,16.8738,2024-04-27
Reno,39.5497,-119.8483,445020,140,39.54998099,-119.8481032,9.7881,2.5589,17.2947,2024-04-29
Reno,39.5497,-119.8483,445020,140,39.54998099,-119.8481032,10.6229,3.7123,17.8481,2024-04-28
Reno,39.5497,-119.8483,445020,140,39.54998099,-119.8481032,9.3493,0.3905,16.9794,2024-04-30
Harrisburg,40.2752,-76.8843,442289,112,40.27526382,-76.88426626,10.166,8.4201,12.5385,2024-04-01
Harrisburg,40.2752,-76.8843,442289,112,40.27526382,-76.88426626,8.6992,7.8107,10.351,2024-04-02
Harrisburg,40.2752,-76.8843,442289,112,40.27526382,-76.88426626,6.9113,6.113,8.8064,2024-04-03
Harrisburg,40.2752,-76.8843,442289,112,40.27526382,-76.88426626,6.9468,4.6265,11.4764,2024-04-04
Harrisburg,40.2752,-76.8843,442289,112,40.27526382,-76.88426626,5.6564,4.6191,8.5222,2024-04-05
Harrisburg,40.2752,-76.8843,442289,112,40.27526382,-76.88426626,9.0669,3.8708,12.831,2024-04-06
Harrisburg,40.2752,-76.8843,442289,112,40.27526382,-76.88426626,11.4522,5.0166,18.5312,2024-04-07
Harrisburg,40.2752,-76.8843,442289,112,40.27526382,-76.88426626,12.7635,2.469,20.776,2024-04-08
Harrisburg,40.2752,-76.8843,442289,112,40.27526382,-76.88426626,18.0674,4.6023,26.603,2024-04-09
Harrisburg,40.2752,-76.8843,442289,112,40.27526382,-76.88426626,18.892,13.2931,23.5385,2024-04-10
Harrisburg,40.2752,-76.8843,442289,112,40.27526382,-76.88426626,18.7802,16.1558,23.2804,2024-04-11
Harrisburg,40.2752,-76.8843,442289,112,40.27526382,-76.88426626,13.7974,10.7206,18.6146,2024-04-12
Harrisburg,40.2752,-76.8843,442289,112,40.27526382,-76.88426626,12.2179,8.2839,16.2679,2024-04-13
Harrisburg,40.2752,-76.8843,442289,112,40.27526382,-76.88426626,18.3957,5.735,28.5026,2024-04-14
Harrisburg,40.2752,-76.8843,442289,112,40.27526382,-76.88426626,20.7522,14.3981,27.7253,2024-04-15
Harrisburg,40.2752,-76.8843,442289,112,40.27526382,-76.88426626,17.5042,7.8154,24.4364,2024-04-16
Harrisburg,40.2752,-76.8843,442289,112,40.27526382,-76.88426626,16.904,11.3617,21.4237,2024-04-17
Harrisburg,40.2752,-76.8843,442289,112,40.27526382,-76.88426626,13.523,11.3594,18.7718,2024-04-18
Harrisburg,40.2752,-76.8843,442289,112,40.27526382,-76.88426626,11.5602,9.0002,13.5246,2024-04-19
Harrisburg,40.2752,-76.8843,442289,112,40.27526382,-76.88426626,13.645,9.6808,20.748,2024-04-20
Harrisburg,40.2752,-76.8843,442289,112,40.27526382,-76.88426626,7.8999,3.7269,11.4595,2024-04-21
Harrisburg,40.2752,-76.8843,442289,112,40.27526382,-76.88426626,11.0182,2.4174,18.3103,2024-04-22
Harrisburg,40.2752,-76.8843,442289,112,40.27526382,-76.88426626,14.489,3.5093,22.2642,2024-04-23
Harrisburg,40.2752,-76.8843,442289,112,40.27526382,-76.88426626,15.0303,11.5081,19.9299,2024-04-24
Harrisburg,40.2752,-76.8843,442289,112,40.27526382,-76.88426626,10.9803,4.792,16.6394,2024-04-25
Harrisburg,40.2752,-76.8843,442289,112,40.27526382,-76.88426626,13.1368,4.4785,19.8295,2024-04-26
Harrisburg,40.2752,-76.8843,442289,112,40.27526382,-76.88426626,11.2199,8.1572,13.2502,2024-04-27
Harrisburg,40.2752,-76.8843,442289,112,40.27526382,-76.88426626,20.2422,11.3874,28.3257,2024-04-28
Harrisburg,40.2752,-76.8843,442289,112,40.27526382,-76.88426626,22.6872,17.7876,32.235,2024-04-30
Harrisburg,40.2752,-76.8843,442289,112,40.27526382,-76.88426626,25.0564,14.6773,32.6815,2024-04-29
Little Rock,34.7256,-92.3576,439815,136,34.72528227,-92.35718706,23.8309,20.7497,26.5548,2024-04-01
Little Rock,34.7256,-92.3576,439815,136,34.72528227,-92.35718706,17.9505,12.1211,26.0975,2024-04-02
Little Rock,34.7256,-92.3576,439815,136,34.72528227,-92.35718706,12.4102,7.2006,16.8946,2024-04-03
Little Rock,34.7256,-92.3576,439815,136,34.72528227,-92.35718706,14.1297,4.9198,21.1944,2024-04-04
Little Rock,34.7256,-92.3576,439815,136,34.72528227,-92.35718706,20.8325,14.4032,28.5805,2024-04-07
Little Rock,34.7256,-92.3576,439815,136,34.72528227,-92.35718706,14.7143,4.9002,21.9549,2024-04-05
Little Rock,34.7256,-92.3576,439815,136,34.72528227,-92.35718706,17.2329,10.1589,23.6136,2024-04-06
Little Rock,34.7256,-92.3576,439815,136,34.72528227,-92.35718706,21.0876,8.9849,29.1833,2024-04-08
Little Rock,34.7256,-92.3576,439815,136,34.72528227,-92.35718706,17.7916,16.4431,20.3371,2024-04-09
Little Rock,34.7256,-92.3576,439815,136,34.72528227,-92.35718706,17.5977,15.3933,21.404,2024-04-10
Little Rock,34.7256,-92.3576,439815,136,34.72528227,-92.35718706,17.2838,6.9928,25.2246,2024-04-12
Little Rock,34.7256,-92.3576,439815,136,34.72528227,-92.35718706,17.1069,11.7243,23.2079,2024-04-11
Little Rock,34.7256,-92.3576,439815,136,34.72528227,-92.35718706,21.2605,9.3589,30.1556,2024-04-13
Little Rock,34.7256,-92.3576,439815,136,34.72528227,-92.35718706,22.6223,17.3319,26.7824,2024-04-14
Little Rock,34.7256,-92.3576,439815,136,34.72528227,-92.35718706,22.4145,15.9992,27.8716,2024-04-15
Little Rock,34.7256,-92.3576,439815,136,34.72528227,-92.35718706,23.0212,20.0206,27.4575,2024-04-16
Little Rock,34.7256,-92.3576,439815,136,34.72528227,-92.35718706,25.1184,20.99,30.6871,2024-04-17
Little Rock,34.7256,-92.3576,439815,136,34.72528227,-92.35718706,23.8718,20.4576,27.3025,2024-04-18
Little Rock,34.7256,-92.3576,439815,136,34.72528227,-92.35718706,16.6403,15.1895,23.0678,2024-04-19
Little Rock,34.7256,-92.3576,439815,136,34.72528227,-92.35718706,13.894,11.6387,15.8867,2024-04-20
Little Rock,34.7256,-92.3576,439815,136,34.72528227,-92.35718706,14.3314,8.854,19.6075,2024-04-21
Little Rock,34.7256,-92.3576,439815,136,34.72528227,-92.35718706,14.9228,5.6052,22.0278,2024-04-22
Little Rock,34.7256,-92.3576,439815,136,34.72528227,-92.35718706,19.8817,9.0981,26.7359,2024-04-23
Little Rock,34.7256,-92.3576,439815,136,34.72528227,-92.35718706,22.4953,19.08,28.3,2024-04-24
Little Rock,34.7256,-92.3576,439815,136,34.72528227,-92.35718706,20.9159,14.5862,29.0249,2024-04-26
Little Rock,34.7256,-92.3576,439815,136,34.72528227,-92.35718706,16.2823,15.0914,18.3252,2024-04-25
Little Rock,34.7256,-92.3576,439815,136,34.72528227,-92.35718706,23.6993,18.0713,28.9897,2024-04-27
Little Rock,34.7256,-92.3576,439815,136,34.72528227,-92.35718706,21.8297,19.7584,24.7984,2024-04-28
Little Rock,34.7256,-92.3576,439815,136,34.72528227,-92.35718706,21.6568,18.3365,25.31,2024-04-29
Little Rock,34.7256,-92.3576,439815,136,34.72528227,-92.35718706,23.9068,15.721,31.2006,2024-04-30
San Jacinto,33.797,-116.9916,49215,135,33.79693122,-116.9918697,15.7619,6.42,23.4,2024-04-02
San Jacinto,33.797,-116.9916,49215,135,33.79693122,-116.9918697,11.9701,7.2,17.26,2024-04-04
San Jacinto,33.797,-116.9916,49215,135,33.79693122,-116.9918697,12.8301,5.45,19.26,2024-04-01
San Jacinto,33.797,-116.9916,49215,135,33.79693122,-116.9918697,7.9714,5.84,11.27,2024-04-05
San Jacinto,33.797,-116.9916,49215,135,33.79693122,-116.9918697,16.6588,7.8,25.06,2024-04-03
San Jacinto,33.797,-116.9916,49215,135,33.79693122,-116.9918697,10.5253,3.64,16.3,2024-04-06
San Jacinto,33.797,-116.9916,49215,135,33.79693122,-116.9918697,18.5654,6.18,28.97,2024-04-10
San Jacinto,33.797,-116.9916,49215,135,33.79693122,-116.9918697,15.5007,4.78,23.7503,2024-04-09
San Jacinto,33.797,-116.9916,49215,135,33.79693122,-116.9918697,12.7165,5.2198,20.59,2024-04-08
San Jacinto,33.797,-116.9916,49215,135,33.79693122,-116.9918697,11.5831,3.94,18.79,2024-04-07
San Jacinto,33.797,-116.9916,49215,135,33.79693122,-116.9918697,20.3159,8.53,31.31,2024-04-11
San Jacinto,33.797,-116.9916,49215,135,33.79693122,-116.9918697,10.827,6.55,15.06,2024-04-14
San Jacinto,33.797,-116.9916,49215,135,33.79693122,-116.9918697,17.9357,6.51,27.49,2024-04-16
San Jacinto,33.797,-116.9916,49215,135,33.79693122,-116.9918697,14.599,9.62,18.76,2024-04-12
San Jacinto,33.797,-116.9916,49215,135,33.79693122,-116.9918697,13.2182,8.81,18.24,2024-04-13
San Jacinto,33.797,-116.9916,49215,135,33.79693122,-116.9918697,18.5432,8.39,29.43,2024-04-17
San Jacinto,33.797,-116.9916,49215,135,33.79693122,-116.9918697,14.0399,6.97,19.94,2024-04-15
San Jacinto,33.797,-116.9916,49215,135,33.79693122,-116.9918697,17.0671,9.59,25.25,2024-04-18
San Jacinto,33.797,-116.9916,49215,135,33.79693122,-116.9918697,18.0846,11.88,27.09,2024-04-22
San Jacinto,33.797,-116.9916,49215,135,33.79693122,-116.9918697,16.5742,12.68,22.34,2024-04-23
San Jacinto,33.797,-116.9916,49215,135,33.79693122,-116.9918697,15.7207,11.99,21.78,2024-04-24
San Jacinto,33.797,-116.9916,49215,135,33.79693122,-116.9918697,17.5035,7.94,26.26,2024-04-28
San Jacinto,33.797,-116.9916,49215,135,33.79693122,-116.9918697,18.7081,10.36,29.8232,2024-04-30
San Jacinto,33.797,-116.9916,49215,135,33.79693122,-116.9918697,16.3973,10.55,22.94,2024-04-27
Troy,42.7354,-73.6751,49154,109,42.73507151,-73.67516825,4.5737,3.27,6.2185,2024-04-03
Troy,42.7354,-73.6751,49154,109,42.73507151,-73.67516825,2.3574,1.72,3.6285,2024-04-04
Troy,42.7354,-73.6751,49154,109,42.73507151,-73.67516825,13.8993,9.84,16.19,2024-04-11
Troy,42.7354,-73.6751,49154,109,42.73507151,-73.67516825,10.5836,-0.01,19.54,2024-04-08
Troy,42.7354,-73.6751,49154,109,42.73507151,-73.67516825,11.5463,2.67,19.33,2024-04-17
Troy,42.7354,-73.6751,49154,109,42.73507151,-73.67516825,14.7162,2.94,23.99,2024-04-09
Troy,42.7354,-73.6751,49154,109,42.73507151,-73.67516825,8.7231,4.28,12.96,2024-04-14
Troy,42.7354,-73.6751,49154,109,42.73507151,-73.67516825,11.1759,5.89,17.54,2024-04-15
Troy,42.7354,-73.6751,49154,109,42.73507151,-73.67516825,15.1532,11.74,20.07,2024-04-12
Troy,42.7354,-73.6751,49154,109,42.73507151,-73.67516825,7.5428,2.72,13.99,2024-04-07
Troy,42.7354,-73.6751,49154,109,42.73507151,-73.67516825,12.0313,3.3,18.94,2024-04-16
Troy,42.7354,-73.6751,49154,109,42.73507151,-73.67516825,8.4583,7.13,9.99,2024-04-18
Troy,42.7354,-73.6751,49154,109,42.73507151,-73.67516825,5.9892,0.9602,9.9285,2024-04-21
Troy,42.7354,-73.6751,49154,109,42.73507151,-73.67516825,12.0904,6.39,17.67,2024-04-19
Troy,42.7354,-73.6751,49154,109,42.73507151,-73.67516825,7.4314,1.29,13.54,2024-04-22
Troy,42.7354,-73.6751,49154,109,42.73507151,-73.67516825,6.4368,-2.64,13.23,2024-04-25
Troy,42.7354,-73.6751,49154,109,42.73507151,-73.67516825,12.4814,0.78,20.48,2024-04-23
Troy,42.7354,-73.6751,49154,109,42.73507151,-73.67516825,16.8076,8.4194,24.2696,2024-04-28
Troy,42.7354,-73.6751,49154,109,42.73507151,-73.67516825,14.6347,11.81,18.83,2024-04-29
Troy,42.7354,-73.6751,49154,109,42.73507151,-73.67516825,15.9751,10.19,23.83,2024-04-30
Troy,42.7354,-73.6751,49154,109,42.73507151,-73.67516825,8.4987,3.26,16.5495,2024-04-24
Troy,42.7354,-73.6751,49154,109,42.73507151,-73.67516825,11.932,2.57,19.55,2024-04-27
Newark,37.5204,-122.0312,49149,114,37.52057569,-122.0310142,11.4191,7.7086,14.9693,2024-04-02
Newark,37.5204,-122.0312,49149,114,37.52057569,-122.0310142,11.2838,6.7049,14.8568,2024-04-01
Newark,37.5204,-122.0312,49149,114,37.52057569,-122.0310142,11.5781,8.6216,14.6414,2024-04-03
Newark,37.5204,-122.0312,49149,114,37.52057569,-122.0310142,10.9412,6.8807,14.6016,2024-04-08
Newark,37.5204,-122.0312,49149,114,37.52057569,-122.0310142,9.646,4.89,12.7104,2024-04-06
Newark,37.5204,-122.0312,49149,114,37.52057569,-122.0310142,11.6385,7.3916,16.181,2024-04-09
Newark,37.5204,-122.0312,49149,114,37.52057569,-122.0310142,8.3393,5.5697,12.2648,2024-04-04
Newark,37.5204,-122.0312,49149,114,37.52057569,-122.0310142,12.4484,8.2005,16.7488,2024-04-10
Newark,37.5204,-122.0312,49149,114,37.52057569,-122.0310142,11.7299,9.5007,14.3195,2024-04-15
Newark,37.5204,-122.0312,49149,114,37.52057569,-122.0310142,12.5123,8.3382,16.5594,2024-04-16
Newark,37.5204,-122.0312,49149,114,37.52057569,-122.0310142,11.8907,8.1043,15.2485,2024-04-12
Newark,37.5204,-122.0312,49149,114,37.52057569,-122.0310142,12.4905,9.5173,16.5569,2024-04-18
Newark,37.5204,-122.0312,49149,114,37.52057569,-122.0310142,13.0159,9.2925,16.792,2024-04-21
Newark,37.5204,-122.0312,49149,114,37.52057569,-122.0310142,12.2899,9.5023,14.9635,2024-04-20
Newark,37.5204,-122.0312,49149,114,37.52057569,-122.0310142,11.9549,8.5739,14.9281,2024-04-19
Newark,37.5204,-122.0312,49149,114,37.52057569,-122.0310142,13.0449,9.852,15.9394,2024-04-22
Newark,37.5204,-122.0312,49149,114,37.52057569,-122.0310142,12.9282,9.635,15.9167,2024-04-23
Newark,37.5204,-122.0312,49149,114,37.52057569,-122.0310142,12.2546,10.2464,14.6124,2024-04-26
Newark,37.5204,-122.0312,49149,114,37.52057569,-122.0310142,12.7481,9.9695,15.5242,2024-04-25
Newark,37.5204,-122.0312,49149,114,37.52057569,-122.0310142,11.9608,9.0936,14.6986,2024-04-28
Cuyahoga Falls,41.1641,-81.5207,49106,92,41.16393786,-81.5202553,7.0407,3.8524,15.5638,2024-04-03
Newark,37.5204,-122.0312,49149,114,37.52057569,-122.0310142,11.2389,7.8061,14.1353,2024-04-30
Newark,37.5204,-122.0312,49149,114,37.52057569,-122.0310142,11.615,9.2278,14.3665,2024-04-29
Newark,37.5204,-122.0312,49149,114,37.52057569,-122.0310142,12.6706,10.4519,14.7565,2024-04-24
Cuyahoga Falls,41.1641,-81.5207,49106,92,41.16393786,-81.5202553,8.9493,5.6616,13.2243,2024-04-01
Cuyahoga Falls,41.1641,-81.5207,49106,92,41.16393786,-81.5202553,9.5214,-0.7853,15.957,2024-04-07
Cuyahoga Falls,41.1641,-81.5207,49106,92,41.16393786,-81.5202553,6.0905,2.6805,10.9389,2024-04-06
Cuyahoga Falls,41.1641,-81.5207,49106,92,41.16393786,-81.5202553,14.9022,8.911,22.4216,2024-04-08
Cuyahoga Falls,41.1641,-81.5207,49106,92,41.16393786,-81.5202553,4.8363,2.3105,7.527,2024-04-04
Cuyahoga Falls,41.1641,-81.5207,49106,92,41.16393786,-81.5202553,16.0018,8.0965,24.2883,2024-04-09
Cuyahoga Falls,41.1641,-81.5207,49106,92,41.16393786,-81.5202553,15.9869,14.0466,19.2043,2024-04-11
Cuyahoga Falls,41.1641,-81.5207,49106,92,41.16393786,-81.5202553,14.2858,11.7428,15.0754,2024-04-10
Cuyahoga Falls,41.1641,-81.5207,49106,92,41.16393786,-81.5202553,8.6772,7.3116,15.2205,2024-04-12
Cuyahoga Falls,41.1641,-81.5207,49106,92,41.16393786,-81.5202553,16.4669,12.4489,21.2028,2024-04-18
Cuyahoga Falls,41.1641,-81.5207,49106,92,41.16393786,-81.5202553,5.3406,3.1492,8.3862,2024-04-21
Cuyahoga Falls,41.1641,-81.5207,49106,92,41.16393786,-81.5202553,17.0512,5.847,25.3186,2024-04-16
Cuyahoga Falls,41.1641,-81.5207,49106,92,41.16393786,-81.5202553,9.2111,0.1571,16.0397,2024-04-22
Cuyahoga Falls,41.1641,-81.5207,49106,92,41.16393786,-81.5202553,10.823,5.4158,18.6489,2024-04-23
Cuyahoga Falls,41.1641,-81.5207,49106,92,41.16393786,-81.5202553,22.2787,17.847,27.7989,2024-04-28
Cuyahoga Falls,41.1641,-81.5207,49106,92,41.16393786,-81.5202553,22.0328,15.5976,28.1116,2024-04-29
Downers Grove,41.7949,-88.017,49057,118,41.79488321,-88.01729758,6.7319,5.5699,8.7681,2024-04-01
Cuyahoga Falls,41.1641,-81.5207,49106,92,41.16393786,-81.5202553,6.8599,0.4614,13.4567,2024-04-25
Cuyahoga Falls,41.1641,-81.5207,49106,92,41.16393786,-81.5202553,17.2925,14.0212,22.5467,2024-04-30
Downers Grove,41.7949,-88.017,49057,118,41.79488321,-88.01729758,4.4983,2.4801,9.9226,2024-04-02
Downers Grove,41.7949,-88.017,49057,118,41.79488321,-88.01729758,4.0536,2.3707,5.2493,2024-04-04
Downers Grove,41.7949,-88.017,49057,118,41.79488321,-88.01729758,4.8241,3.2708,8.6499,2024-04-05
Cuyahoga Falls,41.1641,-81.5207,49106,92,41.16393786,-81.5202553,14.7286,1.0665,21.8175,2024-04-26
Downers Grove,41.7949,-88.017,49057,118,41.79488321,-88.01729758,15.1691,7.5092,21.1992,2024-04-08
Downers Grove,41.7949,-88.017,49057,118,41.79488321,-88.01729758,13.0668,9.6988,17.0814,2024-04-09
Downers Grove,41.7949,-88.017,49057,118,41.79488321,-88.01729758,13.7538,5.8093,19.623,2024-04-10
Downers Grove,41.7949,-88.017,49057,118,41.79488321,-88.01729758,5.8431,0.1496,11.6582,2024-04-06
Downers Grove,41.7949,-88.017,49057,118,41.79488321,-88.01729758,15.318,5.0008,21.18,2024-04-13
Downers Grove,41.7949,-88.017,49057,118,41.79488321,-88.01729758,16.123,8.7613,22.9304,2024-04-15
Downers Grove,41.7949,-88.017,49057,118,41.79488321,-88.01729758,18.4856,9.7281,25.5896,2024-04-16
Downers Grove,41.7949,-88.017,49057,118,41.79488321,-88.01729758,15.0137,12.2588,19.3606,2024-04-17
Downers Grove,41.7949,-88.017,49057,118,41.79488321,-88.01729758,4.515,1.0696,6.9678,2024-04-20
Downers Grove,41.7949,-88.017,49057,118,41.79488321,-88.01729758,11.2181,8.2495,16.528,2024-04-12
Downers Grove,41.7949,-88.017,49057,118,41.79488321,-88.01729758,10.4094,7.2708,15.5366,2024-04-18
Downers Grove,41.7949,-88.017,49057,118,41.79488321,-88.01729758,7.8583,0.1613,13.5905,2024-04-21
Downers Grove,41.7949,-88.017,49057,118,41.79488321,-88.01729758,9.0039,4.3096,13.331,2024-04-19
Downers Grove,41.7949,-88.017,49057,118,41.79488321,-88.01729758,5.0722,2.3596,9.5989,2024-04-24
Downers Grove,41.7949,-88.017,49057,118,41.79488321,-88.01729758,13.7047,11.1986,17.2992,2024-04-23
Downers Grove,41.7949,-88.017,49057,118,41.79488321,-88.01729758,17.0829,12.8497,20.1878,2024-04-29
Bedford,32.8464,-97.135,49049,144,32.84636448,-97.13487992,24.2354,21.1615,28.7992,2024-04-01
Downers Grove,41.7949,-88.017,49057,118,41.79488321,-88.01729758,17.5159,8.0881,22.7744,2024-04-30
Bedford,32.8464,-97.135,49049,144,32.84636448,-97.13487992,15.6469,12.419,20.1022,2024-04-02
Bedford,32.8464,-97.135,49049,144,32.84636448,-97.13487992,20.6708,8.5699,29.8269,2024-04-04
Downers Grove,41.7949,-88.017,49057,118,41.79488321,-88.01729758,20.4186,16.4698,24.1198,2024-04-28
Bedford,32.8464,-97.135,49049,144,32.84636448,-97.13487992,16.1904,8.7865,22.8954,2024-04-03
Bedford,32.8464,-97.135,49049,144,32.84636448,-97.13487992,18.4461,16.1884,20.6957,2024-04-09
Bedford,32.8464,-97.135,49049,144,32.84636448,-97.13487992,16.3275,14.014,18.8674,2024-04-10
Bedford,32.8464,-97.135,49049,144,32.84636448,-97.13487992,23.3491,15.8644,29.0791,2024-04-13
Bedford,32.8464,-97.135,49049,144,32.84636448,-97.13487992,20.5529,9.6969,27.805,2024-04-12
Bedford,32.8464,-97.135,49049,144,32.84636448,-97.13487992,24.6454,20.8207,27.6335,2024-04-15
Bedford,32.8464,-97.135,49049,144,32.84636448,-97.13487992,21.3257,14.237,26.077,2024-04-23
Bedford,32.8464,-97.135,49049,144,32.84636448,-97.13487992,24.9679,20.3946,32.5302,2024-04-18
Bedford,32.8464,-97.135,49049,144,32.84636448,-97.13487992,15.3006,10.2827,19.7086,2024-04-21
Bedford,32.8464,-97.135,49049,144,32.84636448,-97.13487992,18.879,15.2468,22.3071,2024-04-19
Bedford,32.8464,-97.135,49049,144,32.84636448,-97.13487992,26.1803,21.9383,32.8047,2024-04-16
Bedford,32.8464,-97.135,49049,144,32.84636448,-97.13487992,25.2898,22.467,27.648,2024-04-25
Bedford,32.8464,-97.135,49049,144,32.84636448,-97.13487992,24.8386,23.1389,26.4112,2024-04-26
Bedford,32.8464,-97.135,49049,144,32.84636448,-97.13487992,24.6695,19.1175,31.961,2024-04-29
Bedford,32.8464,-97.135,49049,144,32.84636448,-97.13487992,17.3983,8.2025,22.9832,2024-04-22
Reedley,36.5987,-119.4473,49042,92,36.59892013,-119.4472496,14.5322,6.66,20.9,2024-04-01
Bedford,32.8464,-97.135,49049,144,32.84636448,-97.13487992,22.9167,17.5078,26.7882,2024-04-28
Reedley,36.5987,-119.4473,49042,92,36.59892013,-119.4472496,8.2488,5.61,12.7,2024-04-05
Bedford,32.8464,-97.135,49049,144,32.84636448,-97.13487992,25.9715,19.7437,30.1202,2024-04-30
Reedley,36.5987,-119.4473,49042,92,36.59892013,-119.4472496,18.4374,9.06,26.72,2024-04-03
Reedley,36.5987,-119.4473,49042,92,36.59892013,-119.4472496,10.5687,3.87,16.1,2024-04-06
Reedley,36.5987,-119.4473,49042,92,36.59892013,-119.4472496,16.7261,7.05,24.51,2024-04-09
Reedley,36.5987,-119.4473,49042,92,36.59892013,-119.4472496,21.6823,10.94,31.05,2024-04-11
Reedley,36.5987,-119.4473,49042,92,36.59892013,-119.4472496,13.1081,4.84,19.84,2024-04-08
Reedley,36.5987,-119.4473,49042,92,36.59892013,-119.4472496,17.9237,9.85,24.19,2024-04-16
Reedley,36.5987,-119.4473,49042,92,36.59892013,-119.4472496,11.2195,6.39,15.86,2024-04-14
Reedley,36.5987,-119.4473,49042,92,36.59892013,-119.4472496,19.9524,11.6109,26.6601,2024-04-17
Reedley,36.5987,-119.4473,49042,92,36.59892013,-119.4472496,13.6646,6.67,18.81,2024-04-15
Reedley,36.5987,-119.4473,49042,92,36.59892013,-119.4472496,21.5471,12.6,29.12,2024-04-18
Reedley,36.5987,-119.4473,49042,92,36.59892013,-119.4472496,11.0582,7.83,21.73,2024-04-13
Reedley,36.5987,-119.4473,49042,92,36.59892013,-119.4472496,22.6329,12.57,31.3,2024-04-21
Reedley,36.5987,-119.4473,49042,92,36.59892013,-119.4472496,21.9326,14.4,29.59,2024-04-19
Reedley,36.5987,-119.4473,49042,92,36.59892013,-119.4472496,15.9245,10.68,20.14,2024-04-24
Reedley,36.5987,-119.4473,49042,92,36.59892013,-119.4472496,24.2728,14.96,32.66,2024-04-22
Reedley,36.5987,-119.4473,49042,92,36.59892013,-119.4472496,17.4983,10.66,22.97,2024-04-25
Reedley,36.5987,-119.4473,49042,92,36.59892013,-119.4472496,16.5621,8.6,22.17,2024-04-27
Reedley,36.5987,-119.4473,49042,92,36.59892013,-119.4472496,16.4482,12.37,21.55,2024-04-26
Reedley,36.5987,-119.4473,49042,92,36.59892013,-119.4472496,18.8042,10.299,25.95,2024-04-29
Dublin,40.1112,-83.1454,49037,116,40.11118369,-83.14556617,12.7454,8.8103,15.713,2024-04-01
Reedley,36.5987,-119.4473,49042,92,36.59892013,-119.4472496,18.9013,9.57,25.69,2024-04-28
Reedley,36.5987,-119.4473,49042,92,36.59892013,-119.4472496,18.5911,8.75,26.54,2024-04-30
Dublin,40.1112,-83.1454,49037,116,40.11118369,-83.14556617,4.8301,2.3453,8.0198,2024-04-04
Dublin,40.1112,-83.1454,49037,116,40.11118369,-83.14556617,5.9808,3.7332,13.0804,2024-04-03
Dublin,40.1112,-83.1454,49037,116,40.11118369,-83.14556617,16.9678,9.1663,24.2316,2024-04-08
Dublin,40.1112,-83.1454,49037,116,40.11118369,-83.14556617,16.6174,12.9139,22.0405,2024-04-09
Dublin,40.1112,-83.1454,49037,116,40.11118369,-83.14556617,4.6059,3.2419,6.9077,2024-04-05
Dublin,40.1112,-83.1454,49037,116,40.11118369,-83.14556617,10.2173,8.4231,13.7104,2024-04-12
Dublin,40.1112,-83.1454,49037,116,40.11118369,-83.14556617,10.3697,0.3523,16.527,2024-04-07
Dublin,40.1112,-83.1454,49037,116,40.11118369,-83.14556617,19.864,7.8082,27.9965,2024-04-14
Dublin,40.1112,-83.1454,49037,116,40.11118369,-83.14556617,15.2971,10.998,18.1299,2024-04-11
Dublin,40.1112,-83.1454,49037,116,40.11118369,-83.14556617,12.1532,5.8237,17.8461,2024-04-13
Dublin,40.1112,-83.1454,49037,116,40.11118369,-83.14556617,18.1727,11.6443,23.5637,2024-04-18
Dublin,40.1112,-83.1454,49037,116,40.11118369,-83.14556617,6.753,3.4545,10.109,2024-04-21
Dublin,40.1112,-83.1454,49037,116,40.11118369,-83.14556617,8.8575,0.6907,15.0198,2024-04-25
Dublin,40.1112,-83.1454,49037,116,40.11118369,-83.14556617,22.3833,17.4963,27.8463,2024-04-27
Dublin,40.1112,-83.1454,49037,116,40.11118369,-83.14556617,22.6813,15.5122,28.2422,2024-04-29
Dublin,40.1112,-83.1454,49037,116,40.11118369,-83.14556617,18.338,14.7773,24.0442,2024-04-30
Rancho Santa Margarita,33.6318,-117.5989,47896,117,33.63208765,-117.598942,13.3469,5.8844,20.2895,2024-04-08
Rancho Santa Margarita,33.6318,-117.5989,47896,117,33.63208765,-117.598942,16.8798,8.6217,25.372,2024-04-09
Rancho Santa Margarita,33.6318,-117.5989,47896,117,33.63208765,-117.598942,18.3206,10.167,25.7434,2024-04-10
Rancho Santa Margarita,33.6318,-117.5989,47896,117,33.63208765,-117.598942,17.5264,9.7027,26.4756,2024-04-11
Rancho Santa Margarita,33.6318,-117.5989,47896,117,33.63208765,-117.598942,13.3191,11.1615,15.6212,2024-04-12
Rancho Santa Margarita,33.6318,-117.5989,47896,117,33.63208765,-117.598942,12.8935,9.06,18.1285,2024-04-13
Rancho Santa Margarita,33.6318,-117.5989,47896,117,33.63208765,-117.598942,10.7116,5.2607,14.7578,2024-04-14
Rancho Santa Margarita,33.6318,-117.5989,47896,117,33.63208765,-117.598942,13.7641,7.2527,19.4424,2024-04-15
Rancho Santa Margarita,33.6318,-117.5989,47896,117,33.63208765,-117.598942,17.1659,8.9751,25.9907,2024-04-16
Rancho Santa Margarita,33.6318,-117.5989,47896,117,33.63208765,-117.598942,17.1754,10.0639,25.9873,2024-04-17
Rancho Santa Margarita,33.6318,-117.5989,47896,117,33.63208765,-117.598942,15.7885,10.2119,22.3419,2024-04-18
Rancho Santa Margarita,33.6318,-117.5989,47896,117,33.63208765,-117.598942,14.82,11.4305,19.3007,2024-04-19
Rancho Santa Margarita,33.6318,-117.5989,47896,117,33.63208765,-117.598942,15.8294,11.7698,20.9766,2024-04-20
Rancho Santa Margarita,33.6318,-117.5989,47896,117,33.63208765,-117.598942,14.729,12.4383,18.8532,2024-04-22
Rancho Santa Margarita,33.6318,-117.5989,47896,117,33.63208765,-117.598942,16.7895,11.0378,25.2512,2024-04-21
Rancho Santa Margarita,33.6318,-117.5989,47896,117,33.63208765,-117.598942,14.7089,12.1849,17.5581,2024-04-23
Rancho Santa Margarita,33.6318,-117.5989,47896,117,33.63208765,-117.598942,13.995,11.0965,17.4915,2024-04-25
Rancho Santa Margarita,33.6318,-117.5989,47896,117,33.63208765,-117.598942,14.722,10.962,19.1222,2024-04-24
Rancho Santa Margarita,33.6318,-117.5989,47896,117,33.63208765,-117.598942,13.9036,9.1776,17.9915,2024-04-26
Rancho Santa Margarita,33.6318,-117.5989,47896,117,33.63208765,-117.598942,15.0261,9.8229,19.9724,2024-04-27
Rancho Santa Margarita,33.6318,-117.5989,47896,117,33.63208765,-117.598942,16.1539,9.0002,22.611,2024-04-28
Rancho Santa Margarita,33.6318,-117.5989,47896,117,33.63208765,-117.598942,17.4644,9.9927,24.0527,2024-04-29
Beavercreek,39.731,-84.0624,47741,127,39.73075745,-84.06205977,15.3939,9.5265,19.9358,2024-04-01
Rancho Santa Margarita,33.6318,-117.5989,47896,117,33.63208765,-117.598942,16.6364,11.5046,23.4666,2024-04-30
Beavercreek,39.731,-84.0624,47741,127,39.73075745,-84.06205977,16.0602,12.1956,21.3135,2024-04-02
Beavercreek,39.731,-84.0624,47741,127,39.73075745,-84.06205977,5.3099,3.7074,10.6745,2024-04-03
Beavercreek,39.731,-84.0624,47741,127,39.73075745,-84.06205977,7.0879,0.7564,12.7757,2024-04-06
Beavercreek,39.731,-84.0624,47741,127,39.73075745,-84.06205977,4.4451,2.4208,7.3,2024-04-04
Beavercreek,39.731,-84.0624,47741,127,39.73075745,-84.06205977,4.9655,3.2908,7.6029,2024-04-05
Beavercreek,39.731,-84.0624,47741,127,39.73075745,-84.06205977,17.9786,8.1783,24.1142,2024-04-08
Beavercreek,39.731,-84.0624,47741,127,39.73075745,-84.06205977,11.6635,0.8142,17.2916,2024-04-07
Beavercreek,39.731,-84.0624,47741,127,39.73075745,-84.06205977,14.0887,9.8006,19.0951,2024-04-11
Beavercreek,39.731,-84.0624,47741,127,39.73075745,-84.06205977,15.6054,13.5963,16.8345,2024-04-10
Beavercreek,39.731,-84.0624,47741,127,39.73075745,-84.06205977,16.961,13.8805,20.6789,2024-04-09
Beavercreek,39.731,-84.0624,47741,127,39.73075745,-84.06205977,10.5218,8.6166,14.1473,2024-04-12
Beavercreek,39.731,-84.0624,47741,127,39.73075745,-84.06205977,12.7544,6.3694,19.0074,2024-04-13
Beavercreek,39.731,-84.0624,47741,127,39.73075745,-84.06205977,20.4106,9.7698,27.3062,2024-04-14
Beavercreek,39.731,-84.0624,47741,127,39.73075745,-84.06205977,20.3245,14.2315,26.8469,2024-04-15
Beavercreek,39.731,-84.0624,47741,127,39.73075745,-84.06205977,20.9277,16.9597,26.5921,2024-04-17
Beavercreek,39.731,-84.0624,47741,127,39.73075745,-84.06205977,21.9578,10.8721,28.8303,2024-04-16
Beavercreek,39.731,-84.0624,47741,127,39.73075745,-84.06205977,7.0357,4.1216,10.6449,2024-04-21
Beavercreek,39.731,-84.0624,47741,127,39.73075745,-84.06205977,18.3981,9.3658,25.122,2024-04-18
Beavercreek,39.731,-84.0624,47741,127,39.73075745,-84.06205977,9.0596,6.5815,12.7113,2024-04-20
Beavercreek,39.731,-84.0624,47741,127,39.73075745,-84.06205977,12.528,8.2224,19.2764,2024-04-23
Beavercreek,39.731,-84.0624,47741,127,39.73075745,-84.06205977,13.3855,10.2142,18.5415,2024-04-19
Beavercreek,39.731,-84.0624,47741,127,39.73075745,-84.06205977,10.4775,1.0076,16.8795,2024-04-22
Beavercreek,39.731,-84.0624,47741,127,39.73075745,-84.06205977,9.5436,7.4212,13.2774,2024-04-24
Beavercreek,39.731,-84.0624,47741,127,39.73075745,-84.06205977,9.7611,3.2339,15.9338,2024-04-25
Beavercreek,39.731,-84.0624,47741,127,39.73075745,-84.06205977,16.5675,4.067,23.837,2024-04-26
Beavercreek,39.731,-84.0624,47741,127,39.73075745,-84.06205977,22.1036,17.282,26.5954,2024-04-27
Beavercreek,39.731,-84.0624,47741,127,39.73075745,-84.06205977,23.4694,17.0098,28.2923,2024-04-28
Beavercreek,39.731,-84.0624,47741,127,39.73075745,-84.06205977,18.7066,15.1987,24.1887,2024-04-30
Beavercreek,39.731,-84.0624,47741,127,39.73075745,-84.06205977,22.1117,16.4869,27.8446,2024-04-29
Niagara Falls,43.0921,-79.0147,47720,112,43.09215129,-79.01459352,7.348,5.4961,8.2523,2024-04-02
Niagara Falls,43.0921,-79.0147,47720,112,43.09215129,-79.01459352,7.4999,2.8495,12.0698,2024-04-01
Niagara Falls,43.0921,-79.0147,47720,112,43.09215129,-79.01459352,6.5192,3.7565,10.3468,2024-04-03
Niagara Falls,43.0921,-79.0147,47720,112,43.09215129,-79.01459352,2.8713,1.4456,6.4902,2024-04-04
Niagara Falls,43.0921,-79.0147,47720,112,43.09215129,-79.01459352,3.192,1.2242,5.778,2024-04-05
Niagara Falls,43.0921,-79.0147,47720,112,43.09215129,-79.01459352,7.6398,3.8148,12.8126,2024-04-06
Niagara Falls,43.0921,-79.0147,47720,112,43.09215129,-79.01459352,9.27,2.69,15.1582,2024-04-07
Niagara Falls,43.0921,-79.0147,47720,112,43.09215129,-79.01459352,9.8841,4.5409,17.0431,2024-04-08
Niagara Falls,43.0921,-79.0147,47720,112,43.09215129,-79.01459352,16.5398,4.5606,25.9727,2024-04-09
Niagara Falls,43.0921,-79.0147,47720,112,43.09215129,-79.01459352,14.638,12.2221,19.0909,2024-04-10
Niagara Falls,43.0921,-79.0147,47720,112,43.09215129,-79.01459352,8.3867,5.2934,16.2093,2024-04-12
Niagara Falls,43.0921,-79.0147,47720,112,43.09215129,-79.01459352,7.3029,4.3878,10.9193,2024-04-13
Niagara Falls,43.0921,-79.0147,47720,112,43.09215129,-79.01459352,15.5021,10.1218,20.6423,2024-04-11
Niagara Falls,43.0921,-79.0147,47720,112,43.09215129,-79.01459352,12.4559,6.8879,19.5078,2024-04-14
Niagara Falls,43.0921,-79.0147,47720,112,43.09215129,-79.01459352,11.6353,6.073,16.8676,2024-04-15
Niagara Falls,43.0921,-79.0147,47720,112,43.09215129,-79.01459352,12.4113,5.4067,18.0595,2024-04-16
Niagara Falls,43.0921,-79.0147,47720,112,43.09215129,-79.01459352,10.7803,7.918,13.0902,2024-04-17
Niagara Falls,43.0921,-79.0147,47720,112,43.09215129,-79.01459352,10.339,7.4755,16.7469,2024-04-19
Niagara Falls,43.0921,-79.0147,47720,112,43.09215129,-79.01459352,10.5286,8.1766,13.3127,2024-04-18
Niagara Falls,43.0921,-79.0147,47720,112,43.09215129,-79.01459352,6.227,3.9987,9.9928,2024-04-21
Niagara Falls,43.0921,-79.0147,47720,112,43.09215129,-79.01459352,7.6951,0.9347,13.6353,2024-04-22
Niagara Falls,43.0921,-79.0147,47720,112,43.09215129,-79.01459352,6.3029,4.6311,9.1211,2024-04-20
Niagara Falls,43.0921,-79.0147,47720,112,43.09215129,-79.01459352,5.6942,2.1733,9.5728,2024-04-24
Niagara Falls,43.0921,-79.0147,47720,112,43.09215129,-79.01459352,11.2495,6.4818,19.2968,2024-04-23
Niagara Falls,43.0921,-79.0147,47720,112,43.09215129,-79.01459352,4.9533,-0.0123,10.7404,2024-04-25
Niagara Falls,43.0921,-79.0147,47720,112,43.09215129,-79.01459352,9.4136,-2.3108,17.7986,2024-04-26
Niagara Falls,43.0921,-79.0147,47720,112,43.09215129,-79.01459352,15.3615,9.0319,19.0946,2024-04-27
Niagara Falls,43.0921,-79.0147,47720,112,43.09215129,-79.01459352,17.3867,15.2606,21.1697,2024-04-28
Niagara Falls,43.0921,-79.0147,47720,112,43.09215129,-79.01459352,17.1526,14.6104,23.7732,2024-04-29
Niagara Falls,43.0921,-79.0147,47720,112,43.09215129,-79.01459352,13.6799,10.0248,19.288,2024-04-30
McLean,38.9436,-77.1943,47682,127,38.94359902,-77.1945009,9.5372,8.2201,12.0831,2024-04-02
McLean,38.9436,-77.1943,47682,127,38.94359902,-77.1945009,11.8154,10.5805,14.7469,2024-04-01
McLean,38.9436,-77.1943,47682,127,38.94359902,-77.1945009,7.1436,3.4368,12.399,2024-04-04
McLean,38.9436,-77.1943,47682,127,38.94359902,-77.1945009,8.8061,7.6805,10.9749,2024-04-03
McLean,38.9436,-77.1943,47682,127,38.94359902,-77.1945009,7.0357,4.1701,12.1786,2024-04-05
McLean,38.9436,-77.1943,47682,127,38.94359902,-77.1945009,14.9607,4.0683,22.0108,2024-04-08
McLean,38.9436,-77.1943,47682,127,38.94359902,-77.1945009,11.2365,3.8344,17.719,2024-04-07
McLean,38.9436,-77.1943,47682,127,38.94359902,-77.1945009,18.9099,16.5663,22.1519,2024-04-11
McLean,38.9436,-77.1943,47682,127,38.94359902,-77.1945009,18.6486,9.1124,25.9358,2024-04-09
McLean,38.9436,-77.1943,47682,127,38.94359902,-77.1945009,16.3999,13.8834,19.206,2024-04-12
McLean,38.9436,-77.1943,47682,127,38.94359902,-77.1945009,8.9042,3.5604,12.9549,2024-04-06
McLean,38.9436,-77.1943,47682,127,38.94359902,-77.1945009,20.8258,16.018,26.6031,2024-04-10
McLean,38.9436,-77.1943,47682,127,38.94359902,-77.1945009,14.682,10.8831,18.8671,2024-04-13
McLean,38.9436,-77.1943,47682,127,38.94359902,-77.1945009,23.1082,16.1967,29.7558,2024-04-15
McLean,38.9436,-77.1943,47682,127,38.94359902,-77.1945009,19.138,10.1379,25.1725,2024-04-16
McLean,38.9436,-77.1943,47682,127,38.94359902,-77.1945009,20.4146,7.0137,27.6959,2024-04-14
McLean,38.9436,-77.1943,47682,127,38.94359902,-77.1945009,18.2553,13.4935,22.944,2024-04-17
McLean,38.9436,-77.1943,47682,127,38.94359902,-77.1945009,12.7224,11.0727,13.4319,2024-04-19
McLean,38.9436,-77.1943,47682,127,38.94359902,-77.1945009,17.7391,13.1212,25.2781,2024-04-18
McLean,38.9436,-77.1943,47682,127,38.94359902,-77.1945009,8.9379,6.1072,12.6415,2024-04-21
McLean,38.9436,-77.1943,47682,127,38.94359902,-77.1945009,16.1174,12.7906,22.3093,2024-04-20
McLean,38.9436,-77.1943,47682,127,38.94359902,-77.1945009,15.1339,3.3189,21.853,2024-04-23
McLean,38.9436,-77.1943,47682,127,38.94359902,-77.1945009,10.3244,2.9596,16.9623,2024-04-22
McLean,38.9436,-77.1943,47682,127,38.94359902,-77.1945009,17.1115,13.5375,22.3919,2024-04-24
McLean,38.9436,-77.1943,47682,127,38.94359902,-77.1945009,12.1632,9.2919,16.0926,2024-04-25
McLean,38.9436,-77.1943,47682,127,38.94359902,-77.1945009,13.3238,9.6141,14.8108,2024-04-27
McLean,38.9436,-77.1943,47682,127,38.94359902,-77.1945009,12.7034,5.4077,18.2132,2024-04-26
McLean,38.9436,-77.1943,47682,127,38.94359902,-77.1945009,21.3877,12.4839,28.9299,2024-04-28
McLean,38.9436,-77.1943,47682,127,38.94359902,-77.1945009,25.3518,15.8373,32.2639,2024-04-29
McLean,38.9436,-77.1943,47682,127,38.94359902,-77.1945009,22.6802,17.0677,29.3638,2024-04-30
North Highlands,38.6713,-121.3721,47661,145,38.67145803,-121.3725418,15.7647,5.7197,23.5445,2024-04-01
North Highlands,38.6713,-121.3721,47661,145,38.67145803,-121.3725418,17.8569,8.0405,25.0856,2024-04-02
North Highlands,38.6713,-121.3721,47661,145,38.67145803,-121.3725418,15.2327,10.2416,22.9535,2024-04-03
North Highlands,38.6713,-121.3721,47661,145,38.67145803,-121.3725418,7.4486,5.735,12.0263,2024-04-04
North Highlands,38.6713,-121.3721,47661,145,38.67145803,-121.3725418,8.6116,5.0339,12.7359,2024-04-05
North Highlands,38.6713,-121.3721,47661,145,38.67145803,-121.3725418,10.9415,4.0897,16.7219,2024-04-06
North Highlands,38.6713,-121.3721,47661,145,38.67145803,-121.3725418,12.3314,4.4413,18.2735,2024-04-07
North Highlands,38.6713,-121.3721,47661,145,38.67145803,-121.3725418,17.4228,6.9095,25.6119,2024-04-09
North Highlands,38.6713,-121.3721,47661,145,38.67145803,-121.3725418,15.4159,5.8116,23.4167,2024-04-08
North Highlands,38.6713,-121.3721,47661,145,38.67145803,-121.3725418,21.8682,11.5782,31.2638,2024-04-11
North Highlands,38.6713,-121.3721,47661,145,38.67145803,-121.3725418,19.7356,10.2537,27.7706,2024-04-10
North Highlands,38.6713,-121.3721,47661,145,38.67145803,-121.3725418,9.8612,8.2829,13.8111,2024-04-13
North Highlands,38.6713,-121.3721,47661,145,38.67145803,-121.3725418,15.8445,11.9809,21.871,2024-04-12
North Highlands,38.6713,-121.3721,47661,145,38.67145803,-121.3725418,12.1387,6.6705,15.7714,2024-04-14
North Highlands,38.6713,-121.3721,47661,145,38.67145803,-121.3725418,17.8322,8.8314,24.6852,2024-04-16
North Highlands,38.6713,-121.3721,47661,145,38.67145803,-121.3725418,15.6402,9.5616,21.1003,2024-04-15
North Highlands,38.6713,-121.3721,47661,145,38.67145803,-121.3725418,19.8549,11.6893,26.9006,2024-04-17
North Highlands,38.6713,-121.3721,47661,145,38.67145803,-121.3725418,20.9133,11.5059,28.885,2024-04-18
North Highlands,38.6713,-121.3721,47661,145,38.67145803,-121.3725418,20.5409,12.3372,28.9749,2024-04-19
North Highlands,38.6713,-121.3721,47661,145,38.67145803,-121.3725418,22.3544,10.5899,32.4177,2024-04-21
North Highlands,38.6713,-121.3721,47661,145,38.67145803,-121.3725418,21.9506,12.631,32.7227,2024-04-22
North Highlands,38.6713,-121.3721,47661,145,38.67145803,-121.3725418,20.3637,11.3432,29.2367,2024-04-20
North Highlands,38.6713,-121.3721,47661,145,38.67145803,-121.3725418,16.3095,11.9072,20.6964,2024-04-23
North Highlands,38.6713,-121.3721,47661,145,38.67145803,-121.3725418,16.6028,11.6304,21.778,2024-04-24
North Highlands,38.6713,-121.3721,47661,145,38.67145803,-121.3725418,16.2548,10.1216,21.6414,2024-04-25
North Highlands,38.6713,-121.3721,47661,145,38.67145803,-121.3725418,15.7099,10.6672,22.5548,2024-04-26
North Highlands,38.6713,-121.3721,47661,145,38.67145803,-121.3725418,16.8893,8.4053,23.8724,2024-04-27
North Highlands,38.6713,-121.3721,47661,145,38.67145803,-121.3725418,18.547,9.4163,25.8956,2024-04-28
North Highlands,38.6713,-121.3721,47661,145,38.67145803,-121.3725418,17.7465,9.164,25.4664,2024-04-29
East Providence,41.8065,-71.3565,47618,112,41.80652285,-71.35603643,7.4353,2.9996,13.0636,2024-04-01
North Highlands,38.6713,-121.3721,47661,145,38.67145803,-121.3725418,17.5899,7.7342,25.2843,2024-04-30
East Providence,41.8065,-71.3565,47618,112,41.80652285,-71.35603643,4.4553,3.5876,6.3373,2024-04-03
East Providence,41.8065,-71.3565,47618,112,41.80652285,-71.35603643,6.5816,3.5158,11.3679,2024-04-02
East Providence,41.8065,-71.3565,47618,112,41.80652285,-71.35603643,4.8369,1.6064,7.9276,2024-04-05
East Providence,41.8065,-71.3565,47618,112,41.80652285,-71.35603643,4.9009,3.1552,7.5664,2024-04-06
East Providence,41.8065,-71.3565,47618,112,41.80652285,-71.35603643,3.3613,2.3455,4.987,2024-04-04
East Providence,41.8065,-71.3565,47618,112,41.80652285,-71.35603643,5.3008,2.6782,9.4061,2024-04-07
East Providence,41.8065,-71.3565,47618,112,41.80652285,-71.35603643,10.8666,3.8579,16.9988,2024-04-10
East Providence,41.8065,-71.3565,47618,112,41.80652285,-71.35603643,9.9651,1.0958,17.347,2024-04-08
East Providence,41.8065,-71.3565,47618,112,41.80652285,-71.35603643,11.1263,4.3854,21.4321,2024-04-09
East Providence,41.8065,-71.3565,47618,112,41.80652285,-71.35603643,12.3034,9.897,14.0333,2024-04-11
East Providence,41.8065,-71.3565,47618,112,41.80652285,-71.35603643,12.3796,9.3061,16.5715,2024-04-12
East Providence,41.8065,-71.3565,47618,112,41.80652285,-71.35603643,10.2994,6.2173,15.9985,2024-04-14
East Providence,41.8065,-71.3565,47618,112,41.80652285,-71.35603643,9.4547,7.8158,12.6418,2024-04-13
East Providence,41.8065,-71.3565,47618,112,41.80652285,-71.35603643,15.2196,7.1079,24.1885,2024-04-15
East Providence,41.8065,-71.3565,47618,112,41.80652285,-71.35603643,14.5313,7.4615,20.4609,2024-04-16
East Providence,41.8065,-71.3565,47618,112,41.80652285,-71.35603643,7.4851,6.6642,9.7749,2024-04-18
East Providence,41.8065,-71.3565,47618,112,41.80652285,-71.35603643,9.275,6.3336,16.0352,2024-04-17
East Providence,41.8065,-71.3565,47618,112,41.80652285,-71.35603643,9.0151,5.8661,16.0991,2024-04-19
East Providence,41.8065,-71.3565,47618,112,41.80652285,-71.35603643,7.6547,1.85,14.6564,2024-04-22
East Providence,41.8065,-71.3565,47618,112,41.80652285,-71.35603643,10.1594,7.35,14.8633,2024-04-20
East Providence,41.8065,-71.3565,47618,112,41.80652285,-71.35603643,7.4175,2.4472,12.6288,2024-04-21
East Providence,41.8065,-71.3565,47618,112,41.80652285,-71.35603643,7.4246,2.4173,14.6109,2024-04-23
East Providence,41.8065,-71.3565,47618,112,41.80652285,-71.35603643,10.8306,4.6555,18.7461,2024-04-24
East Providence,41.8065,-71.3565,47618,112,41.80652285,-71.35603643,5.5756,1.0097,13.5018,2024-04-25
East Providence,41.8065,-71.3565,47618,112,41.80652285,-71.35603643,7.3185,1.0915,14.9592,2024-04-26
East Providence,41.8065,-71.3565,47618,112,41.80652285,-71.35603643,9.8756,1.9852,17.4363,2024-04-27
East Providence,41.8065,-71.3565,47618,112,41.80652285,-71.35603643,11.8174,6.8737,16.0576,2024-04-28
East Providence,41.8065,-71.3565,47618,112,41.80652285,-71.35603643,15.4963,12.1276,23.583,2024-04-29
East Providence,41.8065,-71.3565,47618,112,41.80652285,-71.35603643,12.7951,10.9413,18.0433,2024-04-30
Florin,38.4832,-121.4042,47555,139,38.48334468,-121.4045167,15.7027,6.301,23.611,2024-04-01
Florin,38.4832,-121.4042,47555,139,38.48334468,-121.4045167,17.4741,7.3304,25.4505,2024-04-02
Florin,38.4832,-121.4042,47555,139,38.48334468,-121.4045167,14.6762,9.7605,22.2102,2024-04-03
Florin,38.4832,-121.4042,47555,139,38.48334468,-121.4045167,7.6457,5.9603,12.1602,2024-04-04
Florin,38.4832,-121.4042,47555,139,38.48334468,-121.4045167,8.7701,5.2502,13.5206,2024-04-05
Florin,38.4832,-121.4042,47555,139,38.48334468,-121.4045167,10.7445,3.9303,16.6205,2024-04-06
Florin,38.4832,-121.4042,47555,139,38.48334468,-121.4045167,12.0749,4.2204,18.3206,2024-04-07
Florin,38.4832,-121.4042,47555,139,38.48334468,-121.4045167,15.1624,5.8504,23.5705,2024-04-08
Florin,38.4832,-121.4042,47555,139,38.48334468,-121.4045167,17.0295,6.809,25.2311,2024-04-09
Florin,38.4832,-121.4042,47555,139,38.48334468,-121.4045167,19.3563,9.4006,27.6005,2024-04-10
Florin,38.4832,-121.4042,47555,139,38.48334468,-121.4045167,15.1821,11.2599,21.1403,2024-04-12
Florin,38.4832,-121.4042,47555,139,38.48334468,-121.4045167,20.765,10.5505,30.9307,2024-04-11
Florin,38.4832,-121.4042,47555,139,38.48334468,-121.4045167,9.5724,7.75,13.1201,2024-04-13
Florin,38.4832,-121.4042,47555,139,38.48334468,-121.4045167,11.9426,6.0704,15.7603,2024-04-14
Florin,38.4832,-121.4042,47555,139,38.48334468,-121.4045167,15.2149,8.6704,20.7803,2024-04-15
Florin,38.4832,-121.4042,47555,139,38.48334468,-121.4045167,17.2969,8.5305,24.7406,2024-04-16
Florin,38.4832,-121.4042,47555,139,38.48334468,-121.4045167,19.4757,10.9506,26.5704,2024-04-17
Florin,38.4832,-121.4042,47555,139,38.48334468,-121.4045167,19.9557,11.3706,28.0606,2024-04-18
Florin,38.4832,-121.4042,47555,139,38.48334468,-121.4045167,19.0018,11.4104,27.3803,2024-04-19
Florin,38.4832,-121.4042,47555,139,38.48334468,-121.4045167,21.756,9.6505,32.1304,2024-04-21
Florin,38.4832,-121.4042,47555,139,38.48334468,-121.4045167,19.3591,10.669,29.0806,2024-04-20
Florin,38.4832,-121.4042,47555,139,38.48334468,-121.4045167,20.7638,11.7904,32.3404,2024-04-22
Florin,38.4832,-121.4042,47555,139,38.48334468,-121.4045167,15.7967,11.6103,20.8902,2024-04-23
Florin,38.4832,-121.4042,47555,139,38.48334468,-121.4045167,16.3684,11.3699,21.5704,2024-04-24
Florin,38.4832,-121.4042,47555,139,38.48334468,-121.4045167,15.8726,9.9507,21.6603,2024-04-25
Florin,38.4832,-121.4042,47555,139,38.48334468,-121.4045167,15.7916,9.8705,22.7104,2024-04-26
Florin,38.4832,-121.4042,47555,139,38.48334468,-121.4045167,16.5171,7.9906,23.9803,2024-04-27
Florin,38.4832,-121.4042,47555,139,38.48334468,-121.4045167,17.9265,8.1004,25.5105,2024-04-29
Florin,38.4832,-121.4042,47555,139,38.48334468,-121.4045167,18.1498,9.1206,26.1204,2024-04-28
Florin,38.4832,-121.4042,47555,139,38.48334468,-121.4045167,17.7768,8.3006,25.1504,2024-04-30
Chesterfield,38.6588,-90.5804,47538,151,38.659115,-90.57999467,20.5957,17.4679,27.192,2024-04-01
Chesterfield,38.6588,-90.5804,47538,151,38.659115,-90.57999467,10.3502,6.4052,17.8262,2024-04-02
Chesterfield,38.6588,-90.5804,47538,151,38.659115,-90.57999467,7.6757,1.1635,13.4266,2024-04-05
Chesterfield,38.6588,-90.5804,47538,151,38.659115,-90.57999467,6.2411,2.9983,9.0933,2024-04-04
Chesterfield,38.6588,-90.5804,47538,151,38.659115,-90.57999467,6.198,4.6837,7.155,2024-04-03
Chesterfield,38.6588,-90.5804,47538,151,38.659115,-90.57999467,10.4669,2.0752,16.5718,2024-04-06
Chesterfield,38.6588,-90.5804,47538,151,38.659115,-90.57999467,17.8634,7.3065,25.5416,2024-04-08
Chesterfield,38.6588,-90.5804,47538,151,38.659115,-90.57999467,16.0923,8.8644,24.5632,2024-04-07
Chesterfield,38.6588,-90.5804,47538,151,38.659115,-90.57999467,12.8331,11.1366,16.2302,2024-04-10
Chesterfield,38.6588,-90.5804,47538,151,38.659115,-90.57999467,16.0795,10.9043,20.7043,2024-04-09
Chesterfield,38.6588,-90.5804,47538,151,38.659115,-90.57999467,13.3228,7.65,19.7791,2024-04-12
Chesterfield,38.6588,-90.5804,47538,151,38.659115,-90.57999467,13.3718,10.5656,18.6965,2024-04-11
Chesterfield,38.6588,-90.5804,47538,151,38.659115,-90.57999467,19.4592,5.4554,28.6728,2024-04-13
Chesterfield,38.6588,-90.5804,47538,151,38.659115,-90.57999467,22.8434,19.0578,29.2924,2024-04-16
Chesterfield,38.6588,-90.5804,47538,151,38.659115,-90.57999467,23.6322,16.6423,31.4651,2024-04-14
Chesterfield,38.6588,-90.5804,47538,151,38.659115,-90.57999467,23.9074,14.3954,30.9033,2024-04-15
Chesterfield,38.6588,-90.5804,47538,151,38.659115,-90.57999467,20.9943,16.1814,27.0122,2024-04-17
Chesterfield,38.6588,-90.5804,47538,151,38.659115,-90.57999467,16.3943,11.4829,27.77,2024-04-18
Chesterfield,38.6588,-90.5804,47538,151,38.659115,-90.57999467,10.9663,6.9962,16.1912,2024-04-19
Chesterfield,38.6588,-90.5804,47538,151,38.659115,-90.57999467,8.9765,4.9389,14.8687,2024-04-20
Chesterfield,38.6588,-90.5804,47538,151,38.659115,-90.57999467,9.0571,3.1085,14.9266,2024-04-21
Chesterfield,38.6588,-90.5804,47538,151,38.659115,-90.57999467,13.3864,10.6477,19.9554,2024-04-23
Chesterfield,38.6588,-90.5804,47538,151,38.659115,-90.57999467,13.6846,2.5258,20.9576,2024-04-22
Chesterfield,38.6588,-90.5804,47538,151,38.659115,-90.57999467,12.5713,5.798,17.6578,2024-04-25
Chesterfield,38.6588,-90.5804,47538,151,38.659115,-90.57999467,13.1132,6.2374,19.9362,2024-04-24
Chesterfield,38.6588,-90.5804,47538,151,38.659115,-90.57999467,20.9621,16.8452,24.6916,2024-04-27
Chesterfield,38.6588,-90.5804,47538,151,38.659115,-90.57999467,15.7254,11.152,19.5963,2024-04-26
Chesterfield,38.6588,-90.5804,47538,151,38.659115,-90.57999467,18.7953,14.4772,23.6885,2024-04-29
Chesterfield,38.6588,-90.5804,47538,151,38.659115,-90.57999467,21.2053,19.665,24.5924,2024-04-28
Chesterfield,38.6588,-90.5804,47538,151,38.659115,-90.57999467,21.3195,10.4839,28.1136,2024-04-30
Covina,34.0903,-117.8817,47450,135,34.09008055,-117.8820445,14.8881,6.8573,21.9503,2024-04-01
Covina,34.0903,-117.8817,47450,135,34.09008055,-117.8820445,18.3341,9.9563,26.8913,2024-04-03
Covina,34.0903,-117.8817,47450,135,34.09008055,-117.8820445,17.6261,8.9436,25.6375,2024-04-02
Covina,34.0903,-117.8817,47450,135,34.09008055,-117.8820445,10.5411,7.4944,14.9895,2024-04-05
Covina,34.0903,-117.8817,47450,135,34.09008055,-117.8820445,13.3055,9.4918,17.6354,2024-04-04
Covina,34.0903,-117.8817,47450,135,34.09008055,-117.8820445,12.3702,5.2427,19.0339,2024-04-06
Covina,34.0903,-117.8817,47450,135,34.09008055,-117.8820445,15.9231,7.3662,23.7145,2024-04-08
Covina,34.0903,-117.8817,47450,135,34.09008055,-117.8820445,13.4691,6.5112,20.7883,2024-04-07
Covina,34.0903,-117.8817,47450,135,34.09008055,-117.8820445,18.7674,9.3531,27.737,2024-04-09
Covina,34.0903,-117.8817,47450,135,34.09008055,-117.8820445,20.8349,10.9671,30.4233,2024-04-10
Covina,34.0903,-117.8817,47450,135,34.09008055,-117.8820445,15.0409,12.0773,18.2298,2024-04-12
Covina,34.0903,-117.8817,47450,135,34.09008055,-117.8820445,20.6658,10.6655,32.7137,2024-04-11
Covina,34.0903,-117.8817,47450,135,34.09008055,-117.8820445,13.2719,9.1211,18.5886,2024-04-13
Covina,34.0903,-117.8817,47450,135,34.09008055,-117.8820445,11.1849,6.6371,14.6043,2024-04-14
Covina,34.0903,-117.8817,47450,135,34.09008055,-117.8820445,15.1339,8.8566,20.6807,2024-04-15
Covina,34.0903,-117.8817,47450,135,34.09008055,-117.8820445,18.8285,9.9168,29.7498,2024-04-16
Covina,34.0903,-117.8817,47450,135,34.09008055,-117.8820445,19.427,10.8943,28.7303,2024-04-17
Covina,34.0903,-117.8817,47450,135,34.09008055,-117.8820445,16.6484,11.8294,22.5638,2024-04-19
Covina,34.0903,-117.8817,47450,135,34.09008055,-117.8820445,18.1469,12.1345,25.5287,2024-04-18
Covina,34.0903,-117.8817,47450,135,34.09008055,-117.8820445,17.835,12.7416,24.132,2024-04-20
Covina,34.0903,-117.8817,47450,135,34.09008055,-117.8820445,19.4204,11.8826,30.1157,2024-04-21
Covina,34.0903,-117.8817,47450,135,34.09008055,-117.8820445,16.9686,13.6175,21.4149,2024-04-23
Covina,34.0903,-117.8817,47450,135,34.09008055,-117.8820445,17.6627,14.3224,23.6794,2024-04-22
Covina,34.0903,-117.8817,47450,135,34.09008055,-117.8820445,16.4215,11.2305,21.6766,2024-04-24
Covina,34.0903,-117.8817,47450,135,34.09008055,-117.8820445,16.1165,12.9598,19.5589,2024-04-25
Covina,34.0903,-117.8817,47450,135,34.09008055,-117.8820445,16.4607,12.0407,21.23,2024-04-26
Covina,34.0903,-117.8817,47450,135,34.09008055,-117.8820445,17.4079,11.6921,24.368,2024-04-27
Covina,34.0903,-117.8817,47450,135,34.09008055,-117.8820445,18.7024,9.757,26.1071,2024-04-28
Covina,34.0903,-117.8817,47450,135,34.09008055,-117.8820445,20.4281,12.5161,28.1524,2024-04-29
Bothell,47.7735,-122.2044,47415,83,47.7736463,-122.2045112,10.8815,3.6525,17.057,2024-04-01
Covina,34.0903,-117.8817,47450,135,34.09008055,-117.8820445,19.5959,12.6875,27.611,2024-04-30
Bothell,47.7735,-122.2044,47415,83,47.7736463,-122.2045112,12.2864,5.9035,19.6389,2024-04-02
Bothell,47.7735,-122.2044,47415,83,47.7736463,-122.2045112,7.1164,4.1393,10.3397,2024-04-03
Bothell,47.7735,-122.2044,47415,83,47.7736463,-122.2045112,6.2133,2.8483,8.4185,2024-04-04
Bothell,47.7735,-122.2044,47415,83,47.7736463,-122.2045112,8.9284,4.857,12.5643,2024-04-07
Bothell,47.7735,-122.2044,47415,83,47.7736463,-122.2045112,7.6169,4.8656,9.5545,2024-04-06
Bothell,47.7735,-122.2044,47415,83,47.7736463,-122.2045112,7.552,4.7663,11.1199,2024-04-05
Bothell,47.7735,-122.2044,47415,83,47.7736463,-122.2045112,8.2381,3.5783,10.9063,2024-04-08
Bothell,47.7735,-122.2044,47415,83,47.7736463,-122.2045112,9.136,2.4984,15.8155,2024-04-10
Bothell,47.7735,-122.2044,47415,83,47.7736463,-122.2045112,9.4015,6.0684,12.5006,2024-04-09
Bothell,47.7735,-122.2044,47415,83,47.7736463,-122.2045112,9.5345,3.5935,14.1589,2024-04-11
Bothell,47.7735,-122.2044,47415,83,47.7736463,-122.2045112,10.6193,3.2186,16.7663,2024-04-13
Bothell,47.7735,-122.2044,47415,83,47.7736463,-122.2045112,10.0646,5.8161,15.0832,2024-04-12
Bothell,47.7735,-122.2044,47415,83,47.7736463,-122.2045112,11.5367,2.364,18.0418,2024-04-14
Bothell,47.7735,-122.2044,47415,83,47.7736463,-122.2045112,8.7356,6.7498,11.3646,2024-04-15
Bothell,47.7735,-122.2044,47415,83,47.7736463,-122.2045112,7.386,2.9259,11.7615,2024-04-16
Bothell,47.7735,-122.2044,47415,83,47.7736463,-122.2045112,8.0354,0.7984,14.2318,2024-04-17
Bothell,47.7735,-122.2044,47415,83,47.7736463,-122.2045112,9.7927,1.0265,16.5106,2024-04-18
Bothell,47.7735,-122.2044,47415,83,47.7736463,-122.2045112,11.5319,1.8095,19.0915,2024-04-19
Bothell,47.7735,-122.2044,47415,83,47.7736463,-122.2045112,10.8586,3.6639,22.3808,2024-04-20
Bothell,47.7735,-122.2044,47415,83,47.7736463,-122.2045112,9.1515,3.5757,14.477,2024-04-21
Bothell,47.7735,-122.2044,47415,83,47.7736463,-122.2045112,12.1996,3.2251,21.6287,2024-04-23
Bothell,47.7735,-122.2044,47415,83,47.7736463,-122.2045112,10.0788,4.0253,16.0473,2024-04-22
Bothell,47.7735,-122.2044,47415,83,47.7736463,-122.2045112,9.5318,4.3509,13.8532,2024-04-24
Bothell,47.7735,-122.2044,47415,83,47.7736463,-122.2045112,10.2892,6.939,12.2648,2024-04-25
Bothell,47.7735,-122.2044,47415,83,47.7736463,-122.2045112,12.865,8.3321,17.2978,2024-04-26
Bothell,47.7735,-122.2044,47415,83,47.7736463,-122.2045112,10.4896,8.9513,11.902,2024-04-27
Bothell,47.7735,-122.2044,47415,83,47.7736463,-122.2045112,8.614,4.3491,13.8493,2024-04-30
Bothell,47.7735,-122.2044,47415,83,47.7736463,-122.2045112,9.7482,7.0561,12.8569,2024-04-28
Glenview,42.0825,-87.8216,47308,142,42.08264764,-87.82159315,6.0839,4.7,8.48,2024-04-01
Bothell,47.7735,-122.2044,47415,83,47.7736463,-122.2045112,8.0027,4.6902,12.2956,2024-04-29
Glenview,42.0825,-87.8216,47308,142,42.08264764,-87.82159315,4.1523,2.28,6.44,2024-04-02
Glenview,42.0825,-87.8216,47308,142,42.08264764,-87.82159315,2.7032,1.77,3.57,2024-04-03
Glenview,42.0825,-87.8216,47308,142,42.08264764,-87.82159315,4.0545,2.26,6.21,2024-04-04
Glenview,42.0825,-87.8216,47308,142,42.08264764,-87.82159315,7.2597,2.68,9.89,2024-04-07
Glenview,42.0825,-87.8216,47308,142,42.08264764,-87.82159315,4.7057,2.4401,8.29,2024-04-05
Glenview,42.0825,-87.8216,47308,142,42.08264764,-87.82159315,5.0339,0.09,10.6891,2024-04-06
Glenview,42.0825,-87.8216,47308,142,42.08264764,-87.82159315,15.3721,6.61,22.06,2024-04-08
Glenview,42.0825,-87.8216,47308,142,42.08264764,-87.82159315,14.0571,9.92,18.2,2024-04-09
Glenview,42.0825,-87.8216,47308,142,42.08264764,-87.82159315,13.5898,5.6793,19.88,2024-04-10
Glenview,42.0825,-87.8216,47308,142,42.08264764,-87.82159315,11.9792,8.4194,17.56,2024-04-12
Glenview,42.0825,-87.8216,47308,142,42.08264764,-87.82159315,15.7856,4.93,21.4293,2024-04-13
Glenview,42.0825,-87.8216,47308,142,42.08264764,-87.82159315,11.8701,9.4201,15.1,2024-04-11
Glenview,42.0825,-87.8216,47308,142,42.08264764,-87.82159315,19.3304,14.26,25.68,2024-04-14
Glenview,42.0825,-87.8216,47308,142,42.08264764,-87.82159315,15.2162,12.4,19.75,2024-04-17
Glenview,42.0825,-87.8216,47308,142,42.08264764,-87.82159315,14.9535,7.81,22.36,2024-04-15
Glenview,42.0825,-87.8216,47308,142,42.08264764,-87.82159315,17.5411,8.65,23.6,2024-04-16
Glenview,42.0825,-87.8216,47308,142,42.08264764,-87.82159315,10.6202,7.61,14.32,2024-04-18
Glenview,42.0825,-87.8216,47308,142,42.08264764,-87.82159315,4.7355,1.32,7.99,2024-04-20
Glenview,42.0825,-87.8216,47308,142,42.08264764,-87.82159315,9.1269,4.54,13.696,2024-04-19
Glenview,42.0825,-87.8216,47308,142,42.08264764,-87.82159315,8.2881,0.43,13.74,2024-04-21
Glenview,42.0825,-87.8216,47308,142,42.08264764,-87.82159315,14.1047,7.65,19.37,2024-04-23
Glenview,42.0825,-87.8216,47308,142,42.08264764,-87.82159315,13.5387,3.54,19.05,2024-04-22
Glenview,42.0825,-87.8216,47308,142,42.08264764,-87.82159315,4.1997,1.91,7.27,2024-04-24
Glenview,42.0825,-87.8216,47308,142,42.08264764,-87.82159315,6.789,-0.0899,13.4902,2024-04-25
Glenview,42.0825,-87.8216,47308,142,42.08264764,-87.82159315,10.815,5.16,15.92,2024-04-26
Glenview,42.0825,-87.8216,47308,142,42.08264764,-87.82159315,21.2357,14.72,26.63,2024-04-27
Glenview,42.0825,-87.8216,47308,142,42.08264764,-87.82159315,17.2152,11.22,19.79,2024-04-28
Glenview,42.0825,-87.8216,47308,142,42.08264764,-87.82159315,17.1506,12.4809,20.41,2024-04-29
Glenview,42.0825,-87.8216,47308,142,42.08264764,-87.82159315,17.0999,8.14,24.63,2024-04-30
Mentor,41.6895,-81.3361,47262,105,41.68986231,-81.33565979,11.1811,5.6091,15.4083,2024-04-02
Mentor,41.6895,-81.3361,47262,105,41.68986231,-81.33565979,6.4062,3.9092,9.564,2024-04-01
Mentor,41.6895,-81.3361,47262,105,41.68986231,-81.33565979,4.7556,3.1392,6.84,2024-04-04
Mentor,41.6895,-81.3361,47262,105,41.68986231,-81.33565979,6.8126,4.5295,15.7394,2024-04-03
Mentor,41.6895,-81.3361,47262,105,41.68986231,-81.33565979,3.6139,2.2502,5.4106,2024-04-05
Mentor,41.6895,-81.3361,47262,105,41.68986231,-81.33565979,5.83,2.8826,10.9363,2024-04-06
Mentor,41.6895,-81.3361,47262,105,41.68986231,-81.33565979,12.8684,6.7482,20.5483,2024-04-08
Mentor,41.6895,-81.3361,47262,105,41.68986231,-81.33565979,7.4247,0.1214,12.1847,2024-04-07
Mentor,41.6895,-81.3361,47262,105,41.68986231,-81.33565979,17.6968,9.5858,25.9602,2024-04-09
Mentor,41.6895,-81.3361,47262,105,41.68986231,-81.33565979,7.9435,6.7298,15.549,2024-04-12
Mentor,41.6895,-81.3361,47262,105,41.68986231,-81.33565979,13.1271,9.9283,16.488,2024-04-10
Mentor,41.6895,-81.3361,47262,105,41.68986231,-81.33565979,15.6533,10.457,20.4897,2024-04-11
Mentor,41.6895,-81.3361,47262,105,41.68986231,-81.33565979,8.87,5.2706,12.8875,2024-04-13
Mentor,41.6895,-81.3361,47262,105,41.68986231,-81.33565979,14.213,7.0279,24.0341,2024-04-14
Mentor,41.6895,-81.3361,47262,105,41.68986231,-81.33565979,12.2624,6.8282,17.3135,2024-04-15
Mentor,41.6895,-81.3361,47262,105,41.68986231,-81.33565979,13.4228,4.7294,18.9626,2024-04-16
Mentor,41.6895,-81.3361,47262,105,41.68986231,-81.33565979,12.7869,11.008,15.8359,2024-04-18
Mentor,41.6895,-81.3361,47262,105,41.68986231,-81.33565979,16.7342,12.7568,25.9104,2024-04-17
Mentor,41.6895,-81.3361,47262,105,41.68986231,-81.33565979,10.7709,8.5204,14.2177,2024-04-19
Mentor,41.6895,-81.3361,47262,105,41.68986231,-81.33565979,6.2911,5.1005,7.95,2024-04-20
Mentor,41.6895,-81.3361,47262,105,41.68986231,-81.33565979,5.543,3.7617,8.0102,2024-04-21
Mentor,41.6895,-81.3361,47262,105,41.68986231,-81.33565979,11.0159,7.4881,19.6206,2024-04-23
Mentor,41.6895,-81.3361,47262,105,41.68986231,-81.33565979,9.2283,1.5423,14.9382,2024-04-22
Mentor,41.6895,-81.3361,47262,105,41.68986231,-81.33565979,5.7553,4.0502,9.4301,2024-04-24
Mentor,41.6895,-81.3361,47262,105,41.68986231,-81.33565979,5.6316,1.4511,10.348,2024-04-25
Mentor,41.6895,-81.3361,47262,105,41.68986231,-81.33565979,11.5379,1.2511,19.1719,2024-04-26
Mentor,41.6895,-81.3361,47262,105,41.68986231,-81.33565979,21.2414,18.5557,25.7572,2024-04-28
Mentor,41.6895,-81.3361,47262,105,41.68986231,-81.33565979,21.2438,14.1373,27.7322,2024-04-27
Mentor,41.6895,-81.3361,47262,105,41.68986231,-81.33565979,21.6098,16.7269,29.4859,2024-04-29
Mentor,41.6895,-81.3361,47262,105,41.68986231,-81.33565979,16.6862,13.8299,21.389,2024-04-30
Keller,32.9337,-97.2255,47213,123,32.93375214,-97.2252904,23.4761,20.8517,28.3233,2024-04-01
Keller,32.9337,-97.2255,47213,123,32.93375214,-97.2252904,14.4815,10.8675,19.8027,2024-04-02
Keller,32.9337,-97.2255,47213,123,32.93375214,-97.2252904,14.8962,7.6193,21.6874,2024-04-03
Keller,32.9337,-97.2255,47213,123,32.93375214,-97.2252904,19.7207,7.7065,28.0725,2024-04-04
Keller,32.9337,-97.2255,47213,123,32.93375214,-97.2252904,22.0132,12.183,30.39,2024-04-05
Keller,32.9337,-97.2255,47213,123,32.93375214,-97.2252904,21.2951,16.5528,24.4106,2024-04-06
Keller,32.9337,-97.2255,47213,123,32.93375214,-97.2252904,19.5027,11.3909,25.3058,2024-04-07
Keller,32.9337,-97.2255,47213,123,32.93375214,-97.2252904,17.9535,15.7061,20.473,2024-04-09
Keller,32.9337,-97.2255,47213,123,32.93375214,-97.2252904,21.2985,11.7195,28.1918,2024-04-08
Keller,32.9337,-97.2255,47213,123,32.93375214,-97.2252904,15.6609,13.0794,18.1023,2024-04-10
Keller,32.9337,-97.2255,47213,123,32.93375214,-97.2252904,16.2999,8.9379,22.4694,2024-04-11
Keller,32.9337,-97.2255,47213,123,32.93375214,-97.2252904,22.3435,15.1287,28.0506,2024-04-13
Keller,32.9337,-97.2255,47213,123,32.93375214,-97.2252904,19.5792,9.3605,26.7062,2024-04-12
Keller,32.9337,-97.2255,47213,123,32.93375214,-97.2252904,23.7648,17.9604,28.8363,2024-04-14
Keller,32.9337,-97.2255,47213,123,32.93375214,-97.2252904,23.9914,20.2223,26.4195,2024-04-15
Keller,32.9337,-97.2255,47213,123,32.93375214,-97.2252904,25.1361,21.2493,30.5234,2024-04-16
Keller,32.9337,-97.2255,47213,123,32.93375214,-97.2252904,23.5967,18.4734,30.4263,2024-04-18
Keller,32.9337,-97.2255,47213,123,32.93375214,-97.2252904,25.7006,22.2433,30.9098,2024-04-17
Keller,32.9337,-97.2255,47213,123,32.93375214,-97.2252904,12.129,9.04,17.6686,2024-04-20
Keller,32.9337,-97.2255,47213,123,32.93375214,-97.2252904,17.8303,14.4569,21.1247,2024-04-19
Keller,32.9337,-97.2255,47213,123,32.93375214,-97.2252904,14.4641,9.9089,18.5284,2024-04-21
Keller,32.9337,-97.2255,47213,123,32.93375214,-97.2252904,20.6076,13.5944,25.67,2024-04-23
Keller,32.9337,-97.2255,47213,123,32.93375214,-97.2252904,16.341,7.7491,21.7187,2024-04-22
Keller,32.9337,-97.2255,47213,123,32.93375214,-97.2252904,24.2528,18.6807,28.3862,2024-04-24
Keller,32.9337,-97.2255,47213,123,32.93375214,-97.2252904,24.3208,22.5096,26.2456,2024-04-26
Keller,32.9337,-97.2255,47213,123,32.93375214,-97.2252904,25.5706,21.2492,28.9455,2024-04-27
Keller,32.9337,-97.2255,47213,123,32.93375214,-97.2252904,24.5138,21.9119,26.0569,2024-04-25
Keller,32.9337,-97.2255,47213,123,32.93375214,-97.2252904,22.5929,17.1963,26.8085,2024-04-28
Keller,32.9337,-97.2255,47213,123,32.93375214,-97.2252904,23.8578,17.5684,30.7845,2024-04-29
Keller,32.9337,-97.2255,47213,123,32.93375214,-97.2252904,25.3105,19.0723,29.0428,2024-04-30
Danville,40.1423,-87.6114,47059,127,40.14220198,-87.61111406,14.0443,8.7119,16.7499,2024-04-01
Danville,40.1423,-87.6114,47059,127,40.14220198,-87.61111406,3.1411,2.2709,4.6007,2024-04-03
Danville,40.1423,-87.6114,47059,127,40.14220198,-87.61111406,9.8374,3.8408,18.8504,2024-04-02
Danville,40.1423,-87.6114,47059,127,40.14220198,-87.61111406,3.8776,2.4712,5.1715,2024-04-04
Danville,40.1423,-87.6114,47059,127,40.14220198,-87.61111406,4.527,1.9512,7.8815,2024-04-05
Danville,40.1423,-87.6114,47059,127,40.14220198,-87.61111406,7.5904,-0.4191,13.8791,2024-04-06
Danville,40.1423,-87.6114,47059,127,40.14220198,-87.61111406,10.391,5.1794,16.9798,2024-04-07
Danville,40.1423,-87.6114,47059,127,40.14220198,-87.61111406,16.2485,11.8787,22.05,2024-04-09
Danville,40.1423,-87.6114,47059,127,40.14220198,-87.61111406,15.5008,7.5773,23.4909,2024-04-08
Danville,40.1423,-87.6114,47059,127,40.14220198,-87.61111406,13.2993,8.6512,18.9669,2024-04-10
Danville,40.1423,-87.6114,47059,127,40.14220198,-87.61111406,11.2555,8.6202,15.8523,2024-04-12
Danville,40.1423,-87.6114,47059,127,40.14220198,-87.61111406,11.4907,10.2321,13.6119,2024-04-11
Danville,40.1423,-87.6114,47059,127,40.14220198,-87.61111406,15.1391,4.9714,21.9213,2024-04-13
Danville,40.1423,-87.6114,47059,127,40.14220198,-87.61111406,21.6825,14.4796,28.2913,2024-04-14
Danville,40.1423,-87.6114,47059,127,40.14220198,-87.61111406,19.9276,13.1778,26.3422,2024-04-15
Danville,40.1423,-87.6114,47059,127,40.14220198,-87.61111406,21.6833,13.7899,27.9518,2024-04-16
Danville,40.1423,-87.6114,47059,127,40.14220198,-87.61111406,18.023,12.7199,22.3175,2024-04-17
Danville,40.1423,-87.6114,47059,127,40.14220198,-87.61111406,15.7268,7.1525,23.221,2024-04-18
Danville,40.1423,-87.6114,47059,127,40.14220198,-87.61111406,10.1896,6.4113,14.127,2024-04-19
Danville,40.1423,-87.6114,47059,127,40.14220198,-87.61111406,8.0713,1.7001,13.9198,2024-04-21
Danville,40.1423,-87.6114,47059,127,40.14220198,-87.61111406,6.6313,3.0698,10.7202,2024-04-20
Danville,40.1423,-87.6114,47059,127,40.14220198,-87.61111406,6.7725,4.3113,10.5919,2024-04-24
Danville,40.1423,-87.6114,47059,127,40.14220198,-87.61111406,12.0994,2.2919,18.9225,2024-04-22
Danville,40.1423,-87.6114,47059,127,40.14220198,-87.61111406,9.4686,1.091,15.6317,2024-04-25
Danville,40.1423,-87.6114,47059,127,40.14220198,-87.61111406,11.7875,9.9807,13.9505,2024-04-23
Danville,40.1423,-87.6114,47059,127,40.14220198,-87.61111406,17.7311,15.611,20.35,2024-04-29
Danville,40.1423,-87.6114,47059,127,40.14220198,-87.61111406,20.7773,15.9209,25.7319,2024-04-27
Danville,40.1423,-87.6114,47059,127,40.14220198,-87.61111406,14.739,6.4496,17.901,2024-04-26
Danville,40.1423,-87.6114,47059,127,40.14220198,-87.61111406,22.4047,18.5411,27.0231,2024-04-28
Danville,40.1423,-87.6114,47059,127,40.14220198,-87.61111406,19.3428,9.5622,26.1024,2024-04-30
Spring Hill,35.7438,-86.9116,47042,136,35.74383669,-86.91131003,21.198,19.27,24.94,2024-04-01
Spring Hill,35.7438,-86.9116,47042,136,35.74383669,-86.91131003,8.069,5.39,13.1,2024-04-04
Spring Hill,35.7438,-86.9116,47042,136,35.74383669,-86.91131003,20.0688,16.26,23.72,2024-04-02
Spring Hill,35.7438,-86.9116,47042,136,35.74383669,-86.91131003,6.7414,2.83,11.01,2024-04-05
Spring Hill,35.7438,-86.9116,47042,136,35.74383669,-86.91131003,8.8304,6.56,13.63,2024-04-03
Spring Hill,35.7438,-86.9116,47042,136,35.74383669,-86.91131003,16.555,3.87,24.86,2024-04-07
Spring Hill,35.7438,-86.9116,47042,136,35.74383669,-86.91131003,9.2036,1.61,16.04,2024-04-06
Spring Hill,35.7438,-86.9116,47042,136,35.74383669,-86.91131003,16.2029,14.1303,17.27,2024-04-09
Spring Hill,35.7438,-86.9116,47042,136,35.74383669,-86.91131003,18.0667,14.53,23.3,2024-04-08
Spring Hill,35.7438,-86.9116,47042,136,35.74383669,-86.91131003,14.8779,12.05,20.81,2024-04-11
Spring Hill,35.7438,-86.9116,47042,136,35.74383669,-86.91131003,16.1229,4.3403,24.92,2024-04-13
Spring Hill,35.7438,-86.9116,47042,136,35.74383669,-86.91131003,18.177,16.09,21.09,2024-04-10
Spring Hill,35.7438,-86.9116,47042,136,35.74383669,-86.91131003,12.7044,7.3092,18.65,2024-04-12
Spring Hill,35.7438,-86.9116,47042,136,35.74383669,-86.91131003,20.0058,10.36,27.2752,2024-04-14
Spring Hill,35.7438,-86.9116,47042,136,35.74383669,-86.91131003,21.5933,13.63,29.25,2024-04-15
Spring Hill,35.7438,-86.9116,47042,136,35.74383669,-86.91131003,22.4979,16.66,28.57,2024-04-16
Spring Hill,35.7438,-86.9116,47042,136,35.74383669,-86.91131003,21.6444,19.13,26.08,2024-04-17
Spring Hill,35.7438,-86.9116,47042,136,35.74383669,-86.91131003,22.9872,17.87,28.95,2024-04-18
Spring Hill,35.7438,-86.9116,47042,136,35.74383669,-86.91131003,13.5255,8.941,18.3696,2024-04-20
Spring Hill,35.7438,-86.9116,47042,136,35.74383669,-86.91131003,16.9708,14.65,21.01,2024-04-19
Spring Hill,35.7438,-86.9116,47042,136,35.74383669,-86.91131003,10.0914,6.83,14.65,2024-04-21
Spring Hill,35.7438,-86.9116,47042,136,35.74383669,-86.91131003,15.4157,3.9954,23.6,2024-04-23
Spring Hill,35.7438,-86.9116,47042,136,35.74383669,-86.91131003,10.6451,2.22,18.6,2024-04-22
Spring Hill,35.7438,-86.9116,47042,136,35.74383669,-86.91131003,17.2814,13.37,23.7111,2024-04-24
Spring Hill,35.7438,-86.9116,47042,136,35.74383669,-86.91131003,21.8027,17.95,26.2233,2024-04-28
Spring Hill,35.7438,-86.9116,47042,136,35.74383669,-86.91131003,16.3714,7.46,22.27,2024-04-25
Spring Hill,35.7438,-86.9116,47042,136,35.74383669,-86.91131003,22.2422,14.0234,28.56,2024-04-26
Spring Hill,35.7438,-86.9116,47042,136,35.74383669,-86.91131003,22.7718,19.4,27.44,2024-04-27
Spring Hill,35.7438,-86.9116,47042,136,35.74383669,-86.91131003,20.515,17.0,25.9,2024-04-30
Roseville,42.5074,-82.9369,47018,77,42.50746285,-82.93652465,7.2318,5.19,8.6402,2024-04-02
Spring Hill,35.7438,-86.9116,47042,136,35.74383669,-86.91131003,21.5547,17.06,26.94,2024-04-29
Roseville,42.5074,-82.9369,47018,77,42.50746285,-82.93652465,6.3138,2.3795,12.5554,2024-04-01
Roseville,42.5074,-82.9369,47018,77,42.50746285,-82.93652465,5.861,3.5672,9.53,2024-04-03
Roseville,42.5074,-82.9369,47018,77,42.50746285,-82.93652465,5.2652,2.1546,9.5569,2024-04-04
Roseville,42.5074,-82.9369,47018,77,42.50746285,-82.93652465,5.0204,1.5477,8.3805,2024-04-05
Roseville,42.5074,-82.9369,47018,77,42.50746285,-82.93652465,7.829,3.3099,14.6804,2024-04-06
Roseville,42.5074,-82.9369,47018,77,42.50746285,-82.93652465,14.4604,8.0218,21.5023,2024-04-08
Roseville,42.5074,-82.9369,47018,77,42.50746285,-82.93652465,8.0627,-1.7818,13.9404,2024-04-07
Roseville,42.5074,-82.9369,47018,77,42.50746285,-82.93652465,17.4202,7.6608,24.7159,2024-04-09
Roseville,42.5074,-82.9369,47018,77,42.50746285,-82.93652465,13.3536,6.8967,17.99,2024-04-10
Roseville,42.5074,-82.9369,47018,77,42.50746285,-82.93652465,11.6722,9.1218,15.3115,2024-04-11
Roseville,42.5074,-82.9369,47018,77,42.50746285,-82.93652465,8.3373,7.3256,10.2372,2024-04-12
Roseville,42.5074,-82.9369,47018,77,42.50746285,-82.93652465,17.2738,7.8808,26.4301,2024-04-14
Roseville,42.5074,-82.9369,47018,77,42.50746285,-82.93652465,11.2039,4.639,16.8933,2024-04-13
Roseville,42.5074,-82.9369,47018,77,42.50746285,-82.93652465,13.1719,5.5716,19.4385,2024-04-16
Roseville,42.5074,-82.9369,47018,77,42.50746285,-82.93652465,13.4021,7.3515,19.9996,2024-04-15
Roseville,42.5074,-82.9369,47018,77,42.50746285,-82.93652465,14.6469,11.3905,21.5262,2024-04-17
Roseville,42.5074,-82.9369,47018,77,42.50746285,-82.93652465,14.2451,9.9824,18.9199,2024-04-18
Roseville,42.5074,-82.9369,47018,77,42.50746285,-82.93652465,6.4289,3.9992,8.8936,2024-04-20
Roseville,42.5074,-82.9369,47018,77,42.50746285,-82.93652465,10.8984,7.8615,15.7098,2024-04-19
Roseville,42.5074,-82.9369,47018,77,42.50746285,-82.93652465,7.9494,2.3426,12.629,2024-04-21
Roseville,42.5074,-82.9369,47018,77,42.50746285,-82.93652465,11.7797,1.8467,18.0331,2024-04-22
Roseville,42.5074,-82.9369,47018,77,42.50746285,-82.93652465,4.9677,1.0139,9.7023,2024-04-24
Roseville,42.5074,-82.9369,47018,77,42.50746285,-82.93652465,18.1371,13.8856,25.659,2024-04-28
Lafayette,30.2084,-92.0323,264357,103,30.20846279,-92.03234393,23.6275,22.02,25.99,2024-04-08
Lafayette,30.2084,-92.0323,264357,103,30.20846279,-92.03234393,24.8398,21.59,28.75,2024-04-16
Lafayette,30.2084,-92.0323,264357,103,30.20846279,-92.03234393,21.8511,17.08,32.01,2024-04-20
Lafayette,30.2084,-92.0323,264357,103,30.20846279,-92.03234393,25.2899,22.991,28.81,2024-04-18
Lafayette,30.2084,-92.0323,264357,103,30.20846279,-92.03234393,16.9711,13.2715,21.6,2024-04-21
Lafayette,30.2084,-92.0323,264357,103,30.20846279,-92.03234393,21.8799,14.99,28.38,2024-04-14
Lafayette,30.2084,-92.0323,264357,103,30.20846279,-92.03234393,24.6628,22.58,27.96,2024-04-17
Lafayette,30.2084,-92.0323,264357,103,30.20846279,-92.03234393,25.7701,23.26,31.5,2024-04-19
Lafayette,30.2084,-92.0323,264357,103,30.20846279,-92.03234393,21.199,15.23,28.26,2024-04-06
Lafayette,30.2084,-92.0323,264357,103,30.20846279,-92.03234393,18.4187,10.881,24.35,2024-04-03
Lafayette,30.2084,-92.0323,264357,103,30.20846279,-92.03234393,18.382,7.68,25.45,2024-04-04
Lafayette,30.2084,-92.0323,264357,103,30.20846279,-92.03234393,21.8525,13.9505,29.1,2024-04-05
Lafayette,30.2084,-92.0323,264357,103,30.20846279,-92.03234393,19.47,11.1,26.91,2024-04-12
Lafayette,30.2084,-92.0323,264357,103,30.20846279,-92.03234393,24.4509,22.42,27.2,2024-04-09
Lafayette,30.2084,-92.0323,264357,103,30.20846279,-92.03234393,22.8643,19.0,27.0905,2024-04-07
Lafayette,30.2084,-92.0323,264357,103,30.20846279,-92.03234393,20.1483,12.23,28.24,2024-04-13
Lafayette,30.2084,-92.0323,264357,103,30.20846279,-92.03234393,20.0624,16.13,26.04,2024-04-11
Lafayette,30.2084,-92.0323,264357,103,30.20846279,-92.03234393,21.6677,17.95,26.77,2024-04-10
Lafayette,30.2084,-92.0323,264357,103,30.20846279,-92.03234393,23.0656,18.66,28.28,2024-04-15
Avondale,33.3858,-112.3236,227289,135,33.38558074,-112.3238263,16.5627,9.3986,22.3721,2024-04-08
Avondale,33.3858,-112.3236,227289,135,33.38558074,-112.3238263,27.5586,18.3565,34.1325,2024-04-20
Avondale,33.3858,-112.3236,227289,135,33.38558074,-112.3238263,23.4099,13.1524,31.7086,2024-04-13
Avondale,33.3858,-112.3236,227289,135,33.38558074,-112.3238263,17.6456,8.7213,23.5372,2024-04-02
Avondale,33.3858,-112.3236,227289,135,33.38558074,-112.3238263,25.8487,14.0132,34.3493,2024-04-19
Avondale,33.3858,-112.3236,227289,135,33.38558074,-112.3238263,25.1276,12.5708,33.9649,2024-04-18
Avondale,33.3858,-112.3236,227289,135,33.38558074,-112.3238263,15.9618,11.7524,19.4466,2024-04-05
Avondale,33.3858,-112.3236,227289,135,33.38558074,-112.3238263,22.3358,11.3068,30.761,2024-04-04
Avondale,33.3858,-112.3236,227289,135,33.38558074,-112.3238263,24.6066,12.4669,34.0539,2024-04-12
Avondale,33.3858,-112.3236,227289,135,33.38558074,-112.3238263,14.077,9.208,17.7814,2024-04-01
Avondale,33.3858,-112.3236,227289,135,33.38558074,-112.3238263,21.3599,11.3205,29.4666,2024-04-10
Avondale,33.3858,-112.3236,227289,135,33.38558074,-112.3238263,18.7945,12.0218,23.8637,2024-04-15
Avondale,33.3858,-112.3236,227289,135,33.38558074,-112.3238263,13.6993,8.0389,18.6656,2024-04-06
Avondale,33.3858,-112.3236,227289,135,33.38558074,-112.3238263,15.6675,5.981,22.3376,2024-04-07
Avondale,33.3858,-112.3236,227289,135,33.38558074,-112.3238263,22.1782,9.9733,30.4914,2024-04-16
Avondale,33.3858,-112.3236,227289,135,33.38558074,-112.3238263,19.8706,12.1695,26.6821,2024-04-14
Avondale,33.3858,-112.3236,227289,135,33.38558074,-112.3238263,23.7274,11.3131,33.2466,2024-04-11
Avondale,33.3858,-112.3236,227289,135,33.38558074,-112.3238263,20.2737,11.1262,26.7258,2024-04-03
Avondale,33.3858,-112.3236,227289,135,33.38558074,-112.3238263,19.9727,11.1113,27.3538,2024-04-09
Avondale,33.3858,-112.3236,227289,135,33.38558074,-112.3238263,24.505,12.502,33.2679,2024-04-17
Avondale,33.3858,-112.3236,227289,135,33.38558074,-112.3238263,27.7952,14.206,36.11,2024-04-21
Avondale,33.3858,-112.3236,227289,135,33.38558074,-112.3238263,29.2304,16.2604,36.8444,2024-04-22
Avondale,33.3858,-112.3236,227289,135,33.38558074,-112.3238263,26.0287,15.0216,33.3159,2024-04-24
Avondale,33.3858,-112.3236,227289,135,33.38558074,-112.3238263,28.3202,18.2042,35.6863,2024-04-23
Avondale,33.3858,-112.3236,227289,135,33.38558074,-112.3238263,21.9656,15.402,26.5829,2024-04-26
Avondale,33.3858,-112.3236,227289,135,33.38558074,-112.3238263,23.3006,17.7176,28.6747,2024-04-25
Avondale,33.3858,-112.3236,227289,135,33.38558074,-112.3238263,21.4893,14.9266,26.1877,2024-04-27
Avondale,33.3858,-112.3236,227289,135,33.38558074,-112.3238263,23.8818,14.8222,30.5664,2024-04-28
Avondale,33.3858,-112.3236,227289,135,33.38558074,-112.3238263,25.6499,13.9951,33.7743,2024-04-29
Avondale,33.3858,-112.3236,227289,135,33.38558074,-112.3238263,27.5767,15.9992,34.9227,2024-04-30
Brownsville,25.998,-97.4565,227239,164,25.99808142,-97.4566141,26.8916,24.1271,32.6673,2024-04-01
Brownsville,25.998,-97.4565,227239,164,25.99808142,-97.4566141,25.4509,20.7856,31.2587,2024-04-02
Brownsville,25.998,-97.4565,227239,164,25.99808142,-97.4566141,20.6677,14.4135,26.6875,2024-04-03
Brownsville,25.998,-97.4565,227239,164,25.99808142,-97.4566141,21.6934,12.5556,31.1027,2024-04-04
Brownsville,25.998,-97.4565,227239,164,25.99808142,-97.4566141,23.0654,14.8253,30.0987,2024-04-05
Brownsville,25.998,-97.4565,227239,164,25.99808142,-97.4566141,25.0258,21.4153,29.6402,2024-04-06
Brownsville,25.998,-97.4565,227239,164,25.99808142,-97.4566141,24.8233,23.3904,26.9547,2024-04-07
Brownsville,25.998,-97.4565,227239,164,25.99808142,-97.4566141,26.0611,23.2854,28.862,2024-04-08
Brownsville,25.998,-97.4565,227239,164,25.99808142,-97.4566141,27.0899,24.5467,31.1778,2024-04-09
Brownsville,25.998,-97.4565,227239,164,25.99808142,-97.4566141,25.7956,21.2987,31.9595,2024-04-10
Brownsville,25.998,-97.4565,227239,164,25.99808142,-97.4566141,23.3049,15.1805,31.8113,2024-04-11
Brownsville,25.998,-97.4565,227239,164,25.99808142,-97.4566141,23.168,14.4535,31.0967,2024-04-12
Brownsville,25.998,-97.4565,227239,164,25.99808142,-97.4566141,24.2731,20.0518,29.8358,2024-04-13
Brownsville,25.998,-97.4565,227239,164,25.99808142,-97.4566141,26.0643,22.1053,31.7442,2024-04-14
Brownsville,25.998,-97.4565,227239,164,25.99808142,-97.4566141,26.5351,24.3105,31.684,2024-04-15
Brownsville,25.998,-97.4565,227239,164,25.99808142,-97.4566141,27.812,24.1385,33.4771,2024-04-16
Brownsville,25.998,-97.4565,227239,164,25.99808142,-97.4566141,27.4319,25.1002,32.2171,2024-04-17
Brownsville,25.998,-97.4565,227239,164,25.99808142,-97.4566141,26.8904,24.4031,32.5055,2024-04-18
Brownsville,25.998,-97.4565,227239,164,25.99808142,-97.4566141,27.2337,23.8205,32.9171,2024-04-19
Brownsville,25.998,-97.4565,227239,164,25.99808142,-97.4566141,27.8697,25.1422,33.5089,2024-04-20
Brownsville,25.998,-97.4565,227239,164,25.99808142,-97.4566141,22.5065,20.0582,27.39,2024-04-21
Brownsville,25.998,-97.4565,227239,164,25.99808142,-97.4566141,21.1192,18.8197,23.3509,2024-04-22
Brownsville,25.998,-97.4565,227239,164,25.99808142,-97.4566141,25.175,20.4658,29.1955,2024-04-23
Brownsville,25.998,-97.4565,227239,164,25.99808142,-97.4566141,26.9951,23.5384,31.8944,2024-04-24
Brownsville,25.998,-97.4565,227239,164,25.99808142,-97.4566141,27.3939,24.4902,32.0935,2024-04-25
Brownsville,25.998,-97.4565,227239,164,25.99808142,-97.4566141,27.708,25.1885,32.1676,2024-04-26
Brownsville,25.998,-97.4565,227239,164,25.99808142,-97.4566141,27.9123,25.3038,32.7981,2024-04-27
Brownsville,25.998,-97.4565,227239,164,25.99808142,-97.4566141,28.7351,25.4202,33.8485,2024-04-28
Brownsville,25.998,-97.4565,227239,164,25.99808142,-97.4566141,28.3862,25.4505,33.4782,2024-04-29
Brownsville,25.998,-97.4565,227239,164,25.99808142,-97.4566141,27.9912,25.1956,33.8204,2024-04-30
Gulfport,30.4271,-89.0703,220987,144,30.42677835,-89.07028673,22.8979,20.3943,26.0519,2024-04-01
Gulfport,30.4271,-89.0703,220987,144,30.42677835,-89.07028673,23.5476,21.503,25.4036,2024-04-02
Gulfport,30.4271,-89.0703,220987,144,30.42677835,-89.07028673,19.1995,13.5112,24.877,2024-04-03
Gulfport,30.4271,-89.0703,220987,144,30.42677835,-89.07028673,16.7959,6.6288,24.7831,2024-04-04
Gulfport,30.4271,-89.0703,220987,144,30.42677835,-89.07028673,19.3623,10.6444,27.3062,2024-04-05
Gulfport,30.4271,-89.0703,220987,144,30.42677835,-89.07028673,17.5695,10.965,23.3892,2024-04-06
Gulfport,30.4271,-89.0703,220987,144,30.42677835,-89.07028673,20.5147,14.4603,25.2754,2024-04-07
Gulfport,30.4271,-89.0703,220987,144,30.42677835,-89.07028673,22.6513,20.4481,25.7494,2024-04-09
Gulfport,30.4271,-89.0703,220987,144,30.42677835,-89.07028673,21.4737,18.9373,24.6585,2024-04-08
Gulfport,30.4271,-89.0703,220987,144,30.42677835,-89.07028673,21.1363,19.9775,23.7649,2024-04-10
Gulfport,30.4271,-89.0703,220987,144,30.42677835,-89.07028673,18.3054,15.4812,22.1577,2024-04-11
Gulfport,30.4271,-89.0703,220987,144,30.42677835,-89.07028673,18.556,10.744,26.7339,2024-04-12
Gulfport,30.4271,-89.0703,220987,144,30.42677835,-89.07028673,19.1443,10.3431,26.114,2024-04-13
Gulfport,30.4271,-89.0703,220987,144,30.42677835,-89.07028673,20.4855,13.6067,26.2444,2024-04-14
Gulfport,30.4271,-89.0703,220987,144,30.42677835,-89.07028673,21.8195,16.6981,26.3324,2024-04-15
Gulfport,30.4271,-89.0703,220987,144,30.42677835,-89.07028673,23.4511,20.4301,27.3966,2024-04-16
Gulfport,30.4271,-89.0703,220987,144,30.42677835,-89.07028673,23.772,21.472,26.9198,2024-04-17
Gulfport,30.4271,-89.0703,220987,144,30.42677835,-89.07028673,24.3846,21.8958,28.0116,2024-04-18
Gulfport,30.4271,-89.0703,220987,144,30.42677835,-89.07028673,24.8219,21.8153,29.3425,2024-04-19
Gulfport,30.4271,-89.0703,220987,144,30.42677835,-89.07028673,25.004,21.751,30.3214,2024-04-20
Gulfport,30.4271,-89.0703,220987,144,30.42677835,-89.07028673,19.0297,16.2648,23.9212,2024-04-21
Gulfport,30.4271,-89.0703,220987,144,30.42677835,-89.07028673,17.0149,10.1252,23.8075,2024-04-22
Gulfport,30.4271,-89.0703,220987,144,30.42677835,-89.07028673,19.2667,9.4295,25.2084,2024-04-23
Gulfport,30.4271,-89.0703,220987,144,30.42677835,-89.07028673,21.7909,14.1195,27.6238,2024-04-24
Gulfport,30.4271,-89.0703,220987,144,30.42677835,-89.07028673,22.6243,16.864,28.4627,2024-04-25
Gulfport,30.4271,-89.0703,220987,144,30.42677835,-89.07028673,24.1794,19.7365,28.0234,2024-04-26
Gulfport,30.4271,-89.0703,220987,144,30.42677835,-89.07028673,24.6411,22.9891,28.09,2024-04-27
Gulfport,30.4271,-89.0703,220987,144,30.42677835,-89.07028673,24.5912,22.1168,27.7595,2024-04-28
Gulfport,30.4271,-89.0703,220987,144,30.42677835,-89.07028673,23.5962,21.4343,28.362,2024-04-29
Gulfport,30.4271,-89.0703,220987,144,30.42677835,-89.07028673,25.1028,19.95,33.181,2024-04-30
Appleton,44.2779,-88.3891,220570,118,44.27777362,-88.38949746,2.4164,1.1437,6.197,2024-04-01
Appleton,44.2779,-88.3891,220570,118,44.27777362,-88.38949746,1.6358,0.9431,3.4282,2024-04-02
Appleton,44.2779,-88.3891,220570,118,44.27777362,-88.38949746,1.6817,0.6708,2.4369,2024-04-03
Appleton,44.2779,-88.3891,220570,118,44.27777362,-88.38949746,2.6462,1.2331,4.8349,2024-04-04
Appleton,44.2779,-88.3891,220570,118,44.27777362,-88.38949746,4.9419,0.4861,10.2759,2024-04-05
Appleton,44.2779,-88.3891,220570,118,44.27777362,-88.38949746,5.7334,-0.4573,12.2888,2024-04-06
Appleton,44.2779,-88.3891,220570,118,44.27777362,-88.38949746,6.2783,1.1755,11.9771,2024-04-07
Appleton,44.2779,-88.3891,220570,118,44.27777362,-88.38949746,11.028,4.731,16.9965,2024-04-08
Appleton,44.2779,-88.3891,220570,118,44.27777362,-88.38949746,9.3622,4.8209,13.7688,2024-04-09
Appleton,44.2779,-88.3891,220570,118,44.27777362,-88.38949746,13.5636,5.3662,20.0244,2024-04-10
Appleton,44.2779,-88.3891,220570,118,44.27777362,-88.38949746,11.1899,8.0513,16.3426,2024-04-11
Appleton,44.2779,-88.3891,220570,118,44.27777362,-88.38949746,9.71,6.6681,14.457,2024-04-12
Appleton,44.2779,-88.3891,220570,118,44.27777362,-88.38949746,12.7123,2.5075,19.4133,2024-04-13
Appleton,44.2779,-88.3891,220570,118,44.27777362,-88.38949746,16.2971,7.4949,24.3628,2024-04-14
Appleton,44.2779,-88.3891,220570,118,44.27777362,-88.38949746,11.1691,5.4512,16.6931,2024-04-16
Appleton,44.2779,-88.3891,220570,118,44.27777362,-88.38949746,12.8787,4.5038,20.8751,2024-04-15
Appleton,44.2779,-88.3891,220570,118,44.27777362,-88.38949746,10.6042,8.6417,16.6311,2024-04-17
Appleton,44.2779,-88.3891,220570,118,44.27777362,-88.38949746,9.5676,6.2261,13.9863,2024-04-18
Appleton,44.2779,-88.3891,220570,118,44.27777362,-88.38949746,4.5904,2.291,9.8891,2024-04-19
Appleton,44.2779,-88.3891,220570,118,44.27777362,-88.38949746,2.8101,0.2038,5.3386,2024-04-20
Appleton,44.2779,-88.3891,220570,118,44.27777362,-88.38949746,7.8454,-0.1954,13.956,2024-04-21
Appleton,44.2779,-88.3891,220570,118,44.27777362,-88.38949746,12.3519,2.4412,18.4652,2024-04-22
Appleton,44.2779,-88.3891,220570,118,44.27777362,-88.38949746,10.6556,3.9902,19.6975,2024-04-23
Appleton,44.2779,-88.3891,220570,118,44.27777362,-88.38949746,4.618,-0.9173,10.177,2024-04-24
Appleton,44.2779,-88.3891,220570,118,44.27777362,-88.38949746,7.275,-0.8404,15.3301,2024-04-25
Appleton,44.2779,-88.3891,220570,118,44.27777362,-88.38949746,9.2535,2.4403,14.7974,2024-04-26
Appleton,44.2779,-88.3891,220570,118,44.27777362,-88.38949746,18.7676,10.062,26.3536,2024-04-27
Appleton,44.2779,-88.3891,220570,118,44.27777362,-88.38949746,8.6441,6.7166,14.6303,2024-04-28
Appleton,44.2779,-88.3891,220570,118,44.27777362,-88.38949746,13.5044,7.7115,20.546,2024-04-29
Appleton,44.2779,-88.3891,220570,118,44.27777362,-88.38949746,13.8741,9.5667,18.9601,2024-04-30
Bremerton,47.5436,-122.7122,218400,123,47.54360733,-122.7121783,10.5827,6.2418,16.6413,2024-04-02
Bremerton,47.5436,-122.7122,218400,123,47.54360733,-122.7121783,10.1604,4.6011,15.0564,2024-04-01
Bremerton,47.5436,-122.7122,218400,123,47.54360733,-122.7121783,5.8466,3.1042,9.1436,2024-04-03
Bremerton,47.5436,-122.7122,218400,123,47.54360733,-122.7121783,5.5419,2.0482,8.4933,2024-04-04
Bremerton,47.5436,-122.7122,218400,123,47.54360733,-122.7121783,7.0931,3.8387,10.4179,2024-04-05
Bremerton,47.5436,-122.7122,218400,123,47.54360733,-122.7121783,6.1864,4.2315,7.6943,2024-04-06
Bremerton,47.5436,-122.7122,218400,123,47.54360733,-122.7121783,7.2031,3.4477,11.3296,2024-04-07
Bremerton,47.5436,-122.7122,218400,123,47.54360733,-122.7121783,7.4139,3.8624,9.6266,2024-04-08
Bremerton,47.5436,-122.7122,218400,123,47.54360733,-122.7121783,8.7989,5.775,12.8516,2024-04-09
Bremerton,47.5436,-122.7122,218400,123,47.54360733,-122.7121783,8.469,3.5228,13.2765,2024-04-10
Bremerton,47.5436,-122.7122,218400,123,47.54360733,-122.7121783,8.055,4.443,11.6195,2024-04-11
Bremerton,47.5436,-122.7122,218400,123,47.54360733,-122.7121783,8.4382,4.5125,12.5506,2024-04-12
Bremerton,47.5436,-122.7122,218400,123,47.54360733,-122.7121783,9.8181,4.2524,15.3065,2024-04-13
Bremerton,47.5436,-122.7122,218400,123,47.54360733,-122.7121783,10.3789,4.4716,17.0804,2024-04-14
Bremerton,47.5436,-122.7122,218400,123,47.54360733,-122.7121783,7.8527,5.8092,10.8165,2024-04-15
Bremerton,47.5436,-122.7122,218400,123,47.54360733,-122.7121783,6.5823,3.3621,9.7698,2024-04-16
Bremerton,47.5436,-122.7122,218400,123,47.54360733,-122.7121783,6.998,1.1305,12.338,2024-04-17
Bremerton,47.5436,-122.7122,218400,123,47.54360733,-122.7121783,8.6946,2.5698,14.0678,2024-04-18
Bremerton,47.5436,-122.7122,218400,123,47.54360733,-122.7121783,10.3255,3.5778,15.9972,2024-04-19
Bremerton,47.5436,-122.7122,218400,123,47.54360733,-122.7121783,9.418,5.1779,19.1748,2024-04-20
Bremerton,47.5436,-122.7122,218400,123,47.54360733,-122.7121783,8.2223,3.6543,12.6448,2024-04-21
Bremerton,47.5436,-122.7122,218400,123,47.54360733,-122.7121783,9.2605,2.9007,14.2415,2024-04-22
Bremerton,47.5436,-122.7122,218400,123,47.54360733,-122.7121783,9.1033,5.8721,13.351,2024-04-24
Bremerton,47.5436,-122.7122,218400,123,47.54360733,-122.7121783,12.459,6.0419,19.2692,2024-04-23
Bremerton,47.5436,-122.7122,218400,123,47.54360733,-122.7121783,9.4179,6.927,11.2505,2024-04-25
Bremerton,47.5436,-122.7122,218400,123,47.54360733,-122.7121783,11.2835,7.7957,15.3189,2024-04-26
Bremerton,47.5436,-122.7122,218400,123,47.54360733,-122.7121783,8.8204,7.0684,10.1824,2024-04-27
Bremerton,47.5436,-122.7122,218400,123,47.54360733,-122.7121783,8.079,5.2829,11.7422,2024-04-28
Bremerton,47.5436,-122.7122,218400,123,47.54360733,-122.7121783,6.8288,3.5465,10.5238,2024-04-29
Bremerton,47.5436,-122.7122,218400,123,47.54360733,-122.7121783,7.455,3.7706,11.4685,2024-04-30
Hickory,35.7425,-81.323,218323,100,35.7422017,-81.32279421,21.8799,15.3392,28.1713,2024-04-01
Hickory,35.7425,-81.323,218323,100,35.7422017,-81.32279421,22.9328,18.1863,28.9388,2024-04-02
Hickory,35.7425,-81.323,218323,100,35.7422017,-81.32279421,16.0226,10.6575,22.9437,2024-04-03
Hickory,35.7425,-81.323,218323,100,35.7422017,-81.32279421,9.0817,5.9258,12.2841,2024-04-04
Hickory,35.7425,-81.323,218323,100,35.7422017,-81.32279421,15.275,4.1766,22.9688,2024-04-23
Hickory,35.7425,-81.323,218323,100,35.7422017,-81.32279421,22.6711,13.8632,31.4648,2024-04-18
Hickory,35.7425,-81.323,218323,100,35.7422017,-81.32279421,17.7588,8.6181,24.2532,2024-04-08
Hickory,35.7425,-81.323,218323,100,35.7422017,-81.32279421,19.9619,15.638,26.9502,2024-04-20
Hickory,35.7425,-81.323,218323,100,35.7422017,-81.32279421,22.0059,15.6208,29.5921,2024-04-16
Hickory,35.7425,-81.323,218323,100,35.7422017,-81.32279421,23.4881,14.0451,30.5718,2024-04-15
Hickory,35.7425,-81.323,218323,100,35.7422017,-81.32279421,21.7283,14.1906,27.9209,2024-04-19
Hickory,35.7425,-81.323,218323,100,35.7422017,-81.32279421,11.3615,5.1388,17.8588,2024-04-22
Hickory,35.7425,-81.323,218323,100,35.7422017,-81.32279421,11.3202,8.2544,17.6113,2024-04-21
Hickory,35.7425,-81.323,218323,100,35.7422017,-81.32279421,18.7762,17.1906,22.3422,2024-04-11
Hickory,35.7425,-81.323,218323,100,35.7422017,-81.32279421,16.0716,8.744,22.4743,2024-04-13
Hickory,35.7425,-81.323,218323,100,35.7422017,-81.32279421,17.2127,13.7082,20.9602,2024-04-10
Hickory,35.7425,-81.323,218323,100,35.7422017,-81.32279421,17.0364,11.4562,22.4329,2024-04-24
Hickory,35.7425,-81.323,218323,100,35.7422017,-81.32279421,8.4985,4.3633,15.2309,2024-04-05
Hickory,35.7425,-81.323,218323,100,35.7422017,-81.32279421,15.5247,14.6029,17.6227,2024-04-09
Hickory,35.7425,-81.323,218323,100,35.7422017,-81.32279421,12.6685,2.687,20.1126,2024-04-07
Hickory,35.7425,-81.323,218323,100,35.7422017,-81.32279421,13.6722,11.2193,19.6012,2024-04-12
Hickory,35.7425,-81.323,218323,100,35.7422017,-81.32279421,21.796,16.8371,27.0853,2024-04-17
Hickory,35.7425,-81.323,218323,100,35.7422017,-81.32279421,10.8231,3.0244,18.1157,2024-04-06
Hickory,35.7425,-81.323,218323,100,35.7422017,-81.32279421,20.2075,7.2193,28.7846,2024-04-14
Hickory,35.7425,-81.323,218323,100,35.7422017,-81.32279421,17.3692,8.8885,24.5228,2024-04-25
Hickory,35.7425,-81.323,218323,100,35.7422017,-81.32279421,20.4806,15.1636,26.6874,2024-04-28
Hickory,35.7425,-81.323,218323,100,35.7422017,-81.32279421,15.3726,12.8564,18.273,2024-04-26
Hickory,35.7425,-81.323,218323,100,35.7422017,-81.32279421,18.9745,13.4716,24.5149,2024-04-27
Hickory,35.7425,-81.323,218323,100,35.7422017,-81.32279421,20.4385,14.2385,27.3763,2024-04-29
Hickory,35.7425,-81.323,218323,100,35.7422017,-81.32279421,19.595,14.0825,25.5719,2024-04-30
Tacoma,47.2431,-122.4531,217827,84,47.24276152,-122.4529041,11.0409,3.79,17.04,2024-04-01
Tacoma,47.2431,-122.4531,217827,84,47.24276152,-122.4529041,11.9684,6.3,20.01,2024-04-02
Tacoma,47.2431,-122.4531,217827,84,47.24276152,-122.4529041,7.426,4.18,10.79,2024-04-03
Tacoma,47.2431,-122.4531,217827,84,47.24276152,-122.4529041,7.5265,2.89,11.2399,2024-04-05
Tacoma,47.2431,-122.4531,217827,84,47.24276152,-122.4529041,5.9889,3.52,8.14,2024-04-04
Tacoma,47.2431,-122.4531,217827,84,47.24276152,-122.4529041,7.1094,4.69,8.71,2024-04-06
Tacoma,47.2431,-122.4531,217827,84,47.24276152,-122.4529041,8.1299,4.62,11.94,2024-04-07
Tacoma,47.2431,-122.4531,217827,84,47.24276152,-122.4529041,8.358,4.47,11.04,2024-04-08
Tacoma,47.2431,-122.4531,217827,84,47.24276152,-122.4529041,10.1158,7.3474,13.96,2024-04-09
Tacoma,47.2431,-122.4531,217827,84,47.24276152,-122.4529041,9.1097,2.96,14.36,2024-04-10
Tacoma,47.2431,-122.4531,217827,84,47.24276152,-122.4529041,9.9688,6.74,13.51,2024-04-12
Tacoma,47.2431,-122.4531,217827,84,47.24276152,-122.4529041,9.1212,4.35,13.39,2024-04-11
Tacoma,47.2431,-122.4531,217827,84,47.24276152,-122.4529041,11.6196,4.75,19.4,2024-04-14
Tacoma,47.2431,-122.4531,217827,84,47.24276152,-122.4529041,9.6009,6.76,14.3,2024-04-15
Tacoma,47.2431,-122.4531,217827,84,47.24276152,-122.4529041,10.6926,5.45,15.38,2024-04-13
Tacoma,47.2431,-122.4531,217827,84,47.24276152,-122.4529041,7.6766,3.47,11.63,2024-04-16
Tacoma,47.2431,-122.4531,217827,84,47.24276152,-122.4529041,8.1282,0.96,13.72,2024-04-17
Tacoma,47.2431,-122.4531,217827,84,47.24276152,-122.4529041,10.8615,4.91,21.98,2024-04-20
Tacoma,47.2431,-122.4531,217827,84,47.24276152,-122.4529041,9.8625,1.69,16.04,2024-04-18
Tacoma,47.2431,-122.4531,217827,84,47.24276152,-122.4529041,12.3763,4.56,18.93,2024-04-19
Tacoma,47.2431,-122.4531,217827,84,47.24276152,-122.4529041,10.2057,4.87,14.59,2024-04-21
Tacoma,47.2431,-122.4531,217827,84,47.24276152,-122.4529041,10.4268,4.44,15.04,2024-04-22
Tacoma,47.2431,-122.4531,217827,84,47.24276152,-122.4529041,10.7693,8.99,12.4799,2024-04-25
Tacoma,47.2431,-122.4531,217827,84,47.24276152,-122.4529041,13.8863,6.15,21.4,2024-04-23
Tacoma,47.2431,-122.4531,217827,84,47.24276152,-122.4529041,8.9668,6.62,11.7,2024-04-28
Tacoma,47.2431,-122.4531,217827,84,47.24276152,-122.4529041,10.0117,6.77,12.74,2024-04-24
Tacoma,47.2431,-122.4531,217827,84,47.24276152,-122.4529041,12.0839,8.17,15.87,2024-04-26
Tacoma,47.2431,-122.4531,217827,84,47.24276152,-122.4529041,7.9315,5.32,11.72,2024-04-29
Tacoma,47.2431,-122.4531,217827,84,47.24276152,-122.4529041,10.3783,8.6,11.71,2024-04-27
Tacoma,47.2431,-122.4531,217827,84,47.24276152,-122.4529041,8.1918,3.96,12.27,2024-04-30
San Bernardino,34.1417,-117.2946,215784,104,34.14153925,-117.294371,13.3739,5.8885,19.7595,2024-04-01
San Bernardino,34.1417,-117.2946,215784,104,34.14153925,-117.294371,16.6034,7.2392,25.3818,2024-04-02
San Bernardino,34.1417,-117.2946,215784,104,34.14153925,-117.294371,12.312,8.9343,16.9474,2024-04-04
San Bernardino,34.1417,-117.2946,215784,104,34.14153925,-117.294371,8.7055,6.4282,11.6624,2024-04-05
San Bernardino,34.1417,-117.2946,215784,104,34.14153925,-117.294371,11.3735,5.0747,17.8463,2024-04-06
San Bernardino,34.1417,-117.2946,215784,104,34.14153925,-117.294371,12.2954,4.599,19.2268,2024-04-07
San Bernardino,34.1417,-117.2946,215784,104,34.14153925,-117.294371,16.9228,9.2567,25.7555,2024-04-03
San Bernardino,34.1417,-117.2946,215784,104,34.14153925,-117.294371,17.5533,8.3116,25.1726,2024-04-09
San Bernardino,34.1417,-117.2946,215784,104,34.14153925,-117.294371,19.9307,9.0347,30.8109,2024-04-10
San Bernardino,34.1417,-117.2946,215784,104,34.14153925,-117.294371,14.289,5.5963,21.2078,2024-04-08
San Bernardino,34.1417,-117.2946,215784,104,34.14153925,-117.294371,15.6768,10.304,22.0881,2024-04-12
San Bernardino,34.1417,-117.2946,215784,104,34.14153925,-117.294371,13.575,9.1854,19.0835,2024-04-13
San Bernardino,34.1417,-117.2946,215784,104,34.14153925,-117.294371,21.6193,11.0505,32.6212,2024-04-11
San Bernardino,34.1417,-117.2946,215784,104,34.14153925,-117.294371,19.0762,8.336,29.386,2024-04-16
San Bernardino,34.1417,-117.2946,215784,104,34.14153925,-117.294371,10.5634,6.2537,14.312,2024-04-14
San Bernardino,34.1417,-117.2946,215784,104,34.14153925,-117.294371,15.1202,8.8989,21.1088,2024-04-15
San Bernardino,34.1417,-117.2946,215784,104,34.14153925,-117.294371,16.7379,10.6447,22.4137,2024-04-19
San Bernardino,34.1417,-117.2946,215784,104,34.14153925,-117.294371,20.1495,11.3002,29.6377,2024-04-17
San Bernardino,34.1417,-117.2946,215784,104,34.14153925,-117.294371,17.6022,11.2925,25.7204,2024-04-20
San Bernardino,34.1417,-117.2946,215784,104,34.14153925,-117.294371,21.6815,10.4764,33.8515,2024-04-21
San Bernardino,34.1417,-117.2946,215784,104,34.14153925,-117.294371,18.7076,12.0872,26.2094,2024-04-18
San Bernardino,34.1417,-117.2946,215784,104,34.14153925,-117.294371,18.9402,12.1686,28.3888,2024-04-22
San Bernardino,34.1417,-117.2946,215784,104,34.14153925,-117.294371,15.8841,11.2665,21.3645,2024-04-24
San Bernardino,34.1417,-117.2946,215784,104,34.14153925,-117.294371,16.8324,13.5994,21.7075,2024-04-23
San Bernardino,34.1417,-117.2946,215784,104,34.14153925,-117.294371,16.6634,10.8163,23.7245,2024-04-27
San Bernardino,34.1417,-117.2946,215784,104,34.14153925,-117.294371,14.6318,11.6477,19.3769,2024-04-25
San Bernardino,34.1417,-117.2946,215784,104,34.14153925,-117.294371,13.3204,11.5386,14.8463,2024-04-26
San Bernardino,34.1417,-117.2946,215784,104,34.14153925,-117.294371,20.2084,11.3873,28.4358,2024-04-29
San Bernardino,34.1417,-117.2946,215784,104,34.14153925,-117.294371,18.4679,8.57,26.4464,2024-04-28
San Bernardino,34.1417,-117.2946,215784,104,34.14153925,-117.294371,20.1596,11.95,29.0836,2024-04-30
College Station,30.5852,-96.296,215243,141,30.58556091,-96.29603187,25.0149,21.95,29.0,2024-04-01
College Station,30.5852,-96.296,215243,141,30.58556091,-96.29603187,19.4753,14.56,25.19,2024-04-02
College Station,30.5852,-96.296,215243,141,30.58556091,-96.29603187,17.9382,8.17,26.18,2024-04-03
College Station,30.5852,-96.296,215243,141,30.58556091,-96.29603187,19.98,8.57,28.84,2024-04-04
College Station,30.5852,-96.296,215243,141,30.58556091,-96.29603187,22.1726,14.77,30.61,2024-04-05
College Station,30.5852,-96.296,215243,141,30.58556091,-96.29603187,22.2076,15.49,28.05,2024-04-06
College Station,30.5852,-96.296,215243,141,30.58556091,-96.29603187,23.2021,20.03,28.25,2024-04-07
College Station,30.5852,-96.296,215243,141,30.58556091,-96.29603187,23.9534,20.22,28.06,2024-04-08
College Station,30.5852,-96.296,215243,141,30.58556091,-96.29603187,22.7276,20.52,26.28,2024-04-09
College Station,30.5852,-96.296,215243,141,30.58556091,-96.29603187,18.5634,15.84,21.34,2024-04-10
College Station,30.5852,-96.296,215243,141,30.58556091,-96.29603187,19.4415,11.4691,27.05,2024-04-11
College Station,30.5852,-96.296,215243,141,30.58556091,-96.29603187,20.6406,9.92,28.51,2024-04-12
College Station,30.5852,-96.296,215243,141,30.58556091,-96.29603187,21.8987,12.55,29.26,2024-04-13
College Station,30.5852,-96.296,215243,141,30.58556091,-96.29603187,24.5784,21.54,29.52,2024-04-15
College Station,30.5852,-96.296,215243,141,30.58556091,-96.29603187,23.7034,17.3197,30.23,2024-04-14
College Station,30.5852,-96.296,215243,141,30.58556091,-96.29603187,25.6879,23.79,30.196,2024-04-17
College Station,30.5852,-96.296,215243,141,30.58556091,-96.29603187,27.2475,22.95,33.02,2024-04-18
College Station,30.5852,-96.296,215243,141,30.58556091,-96.29603187,25.823,22.09,30.07,2024-04-16
College Station,30.5852,-96.296,215243,141,30.58556091,-96.29603187,23.97,20.33,28.3,2024-04-19
College Station,30.5852,-96.296,215243,141,30.58556091,-96.29603187,16.0073,11.28,20.75,2024-04-21
College Station,30.5852,-96.296,215243,141,30.58556091,-96.29603187,18.8384,15.21,28.0,2024-04-20
College Station,30.5852,-96.296,215243,141,30.58556091,-96.29603187,17.2848,9.43,23.51,2024-04-22
College Station,30.5852,-96.296,215243,141,30.58556091,-96.29603187,20.6327,12.07,26.08,2024-04-23
College Station,30.5852,-96.296,215243,141,30.58556091,-96.29603187,24.7958,20.6,29.86,2024-04-24
College Station,30.5852,-96.296,215243,141,30.58556091,-96.29603187,24.8426,20.24,30.14,2024-04-25
College Station,30.5852,-96.296,215243,141,30.58556091,-96.29603187,26.1835,23.12,29.43,2024-04-26
College Station,30.5852,-96.296,215243,141,30.58556091,-96.29603187,26.6881,23.79,30.92,2024-04-27
College Station,30.5852,-96.296,215243,141,30.58556091,-96.29603187,24.5399,21.89,30.21,2024-04-28
College Station,30.5852,-96.296,215243,141,30.58556091,-96.29603187,24.8516,20.46,30.52,2024-04-29
College Station,30.5852,-96.296,215243,141,30.58556091,-96.29603187,25.5347,19.76,31.21,2024-04-30
Kalamazoo,42.2749,-85.5882,215193,129,42.27495123,-85.58848366,8.1251,4.71,14.0593,2024-04-01
Kalamazoo,42.2749,-85.5882,215193,129,42.27495123,-85.58848366,3.2333,2.246,6.1423,2024-04-03
Kalamazoo,42.2749,-85.5882,215193,129,42.27495123,-85.58848366,4.7509,2.2931,6.3111,2024-04-04
Kalamazoo,42.2749,-85.5882,215193,129,42.27495123,-85.58848366,5.555,2.3608,9.5728,2024-04-05
Kalamazoo,42.2749,-85.5882,215193,129,42.27495123,-85.58848366,7.3657,-0.3799,14.3828,2024-04-06
Kalamazoo,42.2749,-85.5882,215193,129,42.27495123,-85.58848366,8.6478,1.1579,15.0889,2024-04-07
Kalamazoo,42.2749,-85.5882,215193,129,42.27495123,-85.58848366,15.5097,6.4221,23.8675,2024-04-08
Kalamazoo,42.2749,-85.5882,215193,129,42.27495123,-85.58848366,13.7567,9.6156,21.1977,2024-04-09
Kalamazoo,42.2749,-85.5882,215193,129,42.27495123,-85.58848366,13.5787,3.7908,19.3147,2024-04-10
Kalamazoo,42.2749,-85.5882,215193,129,42.27495123,-85.58848366,9.3765,8.2821,13.4976,2024-04-11
Kalamazoo,42.2749,-85.5882,215193,129,42.27495123,-85.58848366,9.2579,7.3167,12.8081,2024-04-12
Kalamazoo,42.2749,-85.5882,215193,129,42.27495123,-85.58848366,12.1543,4.5578,16.5789,2024-04-13
Kalamazoo,42.2749,-85.5882,215193,129,42.27495123,-85.58848366,18.8194,13.06,24.7727,2024-04-14
Kalamazoo,42.2749,-85.5882,215193,129,42.27495123,-85.58848366,15.5971,8.9611,23.364,2024-04-15
Kalamazoo,42.2749,-85.5882,215193,129,42.27495123,-85.58848366,16.4438,7.4973,24.0734,2024-04-16
Kalamazoo,42.2749,-85.5882,215193,129,42.27495123,-85.58848366,14.7251,12.3693,22.1772,2024-04-17
Kalamazoo,42.2749,-85.5882,215193,129,42.27495123,-85.58848366,12.662,9.1964,16.3192,2024-04-18
Kalamazoo,42.2749,-85.5882,215193,129,42.27495123,-85.58848366,8.8722,6.4498,11.8758,2024-04-19
Kalamazoo,42.2749,-85.5882,215193,129,42.27495123,-85.58848366,4.3639,1.9442,7.4103,2024-04-20
Kalamazoo,42.2749,-85.5882,215193,129,42.27495123,-85.58848366,6.646,2.6935,11.2237,2024-04-21
Kalamazoo,42.2749,-85.5882,215193,129,42.27495123,-85.58848366,7.2291,4.5843,10.2916,2024-04-02
Kalamazoo,42.2749,-85.5882,215193,129,42.27495123,-85.58848366,12.247,9.5524,15.8364,2024-04-23
Kalamazoo,42.2749,-85.5882,215193,129,42.27495123,-85.58848366,7.9887,-0.2507,14.272,2024-04-25
Kalamazoo,42.2749,-85.5882,215193,129,42.27495123,-85.58848366,5.803,2.5874,9.1474,2024-04-24
Kalamazoo,42.2749,-85.5882,215193,129,42.27495123,-85.58848366,11.2616,2.2942,18.1897,2024-04-26
Kalamazoo,42.2749,-85.5882,215193,129,42.27495123,-85.58848366,21.0469,11.9494,27.3735,2024-04-27
Kalamazoo,42.2749,-85.5882,215193,129,42.27495123,-85.58848366,19.2082,16.7695,22.9267,2024-04-29
Kalamazoo,42.2749,-85.5882,215193,129,42.27495123,-85.58848366,21.4644,17.5375,25.6427,2024-04-28
Thousand Oaks,34.1914,-118.8755,215029,80,34.19152723,-118.8750932,11.2942,6.9219,15.8933,2024-04-04
Thousand Oaks,34.1914,-118.8755,215029,80,34.19152723,-118.8750932,15.9607,11.0825,23.4607,2024-04-03
Thousand Oaks,34.1914,-118.8755,215029,80,34.19152723,-118.8750932,14.2355,9.1881,21.2523,2024-04-01
Thousand Oaks,34.1914,-118.8755,215029,80,34.19152723,-118.8750932,12.3497,5.6099,18.9503,2024-04-07
Thousand Oaks,34.1914,-118.8755,215029,80,34.19152723,-118.8750932,16.2444,9.1213,24.999,2024-04-02
Kalamazoo,42.2749,-85.5882,215193,129,42.27495123,-85.58848366,15.8762,8.5487,20.2648,2024-04-30
Kalamazoo,42.2749,-85.5882,215193,129,42.27495123,-85.58848366,12.4975,2.954,18.5708,2024-04-22
Thousand Oaks,34.1914,-118.8755,215029,80,34.19152723,-118.8750932,14.6788,6.6067,23.1026,2024-04-08
Thousand Oaks,34.1914,-118.8755,215029,80,34.19152723,-118.8750932,9.4469,5.5783,13.9117,2024-04-05
Thousand Oaks,34.1914,-118.8755,215029,80,34.19152723,-118.8750932,10.7088,4.0668,17.43,2024-04-06
Thousand Oaks,34.1914,-118.8755,215029,80,34.19152723,-118.8750932,17.4362,9.3809,26.4616,2024-04-09
Thousand Oaks,34.1914,-118.8755,215029,80,34.19152723,-118.8750932,19.6408,10.9855,30.0322,2024-04-10
Thousand Oaks,34.1914,-118.8755,215029,80,34.19152723,-118.8750932,14.4011,10.4406,20.1205,2024-04-12
Thousand Oaks,34.1914,-118.8755,215029,80,34.19152723,-118.8750932,18.4791,11.0589,28.3921,2024-04-11
Thousand Oaks,34.1914,-118.8755,215029,80,34.19152723,-118.8750932,11.3974,8.0663,17.6652,2024-04-13
Thousand Oaks,34.1914,-118.8755,215029,80,34.19152723,-118.8750932,11.5208,6.4415,15.0839,2024-04-14
Thousand Oaks,34.1914,-118.8755,215029,80,34.19152723,-118.8750932,17.8125,9.9622,27.1561,2024-04-16
Thousand Oaks,34.1914,-118.8755,215029,80,34.19152723,-118.8750932,18.2462,12.5944,25.8025,2024-04-17
Thousand Oaks,34.1914,-118.8755,215029,80,34.19152723,-118.8750932,16.7565,12.0297,23.2363,2024-04-18
Thousand Oaks,34.1914,-118.8755,215029,80,34.19152723,-118.8750932,15.0625,12.3787,19.5279,2024-04-19
Thousand Oaks,34.1914,-118.8755,215029,80,34.19152723,-118.8750932,14.1926,7.3419,20.8904,2024-04-15
Thousand Oaks,34.1914,-118.8755,215029,80,34.19152723,-118.8750932,17.5637,11.1891,25.0969,2024-04-21
Thousand Oaks,34.1914,-118.8755,215029,80,34.19152723,-118.8750932,15.4554,11.7711,20.5982,2024-04-20
Thousand Oaks,34.1914,-118.8755,215029,80,34.19152723,-118.8750932,14.3955,10.6006,18.7533,2024-04-23
Thousand Oaks,34.1914,-118.8755,215029,80,34.19152723,-118.8750932,15.8819,12.8211,20.5524,2024-04-22
Thousand Oaks,34.1914,-118.8755,215029,80,34.19152723,-118.8750932,15.1066,10.8568,19.06,2024-04-25
Thousand Oaks,34.1914,-118.8755,215029,80,34.19152723,-118.8750932,14.2102,8.8992,20.3477,2024-04-24
Thousand Oaks,34.1914,-118.8755,215029,80,34.19152723,-118.8750932,16.6369,10.25,23.0915,2024-04-27
Thousand Oaks,34.1914,-118.8755,215029,80,34.19152723,-118.8750932,19.0318,11.7507,25.0077,2024-04-29
Roanoke,37.2785,-79.958,214674,97,37.27816136,-79.95794032,22.275,12.0707,29.3661,2024-04-01
Thousand Oaks,34.1914,-118.8755,215029,80,34.19152723,-118.8750932,15.4879,10.2901,21.6815,2024-04-26
Thousand Oaks,34.1914,-118.8755,215029,80,34.19152723,-118.8750932,18.8079,11.772,25.5757,2024-04-30
Roanoke,37.2785,-79.958,214674,97,37.27816136,-79.95794032,7.5859,4.5399,11.9526,2024-04-05
Thousand Oaks,34.1914,-118.8755,215029,80,34.19152723,-118.8750932,17.721,10.0999,24.3071,2024-04-28
Roanoke,37.2785,-79.958,214674,97,37.27816136,-79.95794032,18.8607,14.0801,23.9456,2024-04-02
Roanoke,37.2785,-79.958,214674,97,37.27816136,-79.95794032,12.4213,1.7371,20.7735,2024-04-07
Roanoke,37.2785,-79.958,214674,97,37.27816136,-79.95794032,8.4723,3.5829,14.1561,2024-04-06
Roanoke,37.2785,-79.958,214674,97,37.27816136,-79.95794032,7.6439,5.8161,10.8424,2024-04-04
Roanoke,37.2785,-79.958,214674,97,37.27816136,-79.95794032,13.021,8.5385,20.7513,2024-04-03
Roanoke,37.2785,-79.958,214674,97,37.27816136,-79.95794032,15.8595,6.4394,22.2392,2024-04-08
Roanoke,37.2785,-79.958,214674,97,37.27816136,-79.95794032,18.9214,17.437,20.5165,2024-04-11
Roanoke,37.2785,-79.958,214674,97,37.27816136,-79.95794032,15.9349,10.9124,20.7621,2024-04-09
Roanoke,37.2785,-79.958,214674,97,37.27816136,-79.95794032,15.9353,10.6262,21.5763,2024-04-13
Roanoke,37.2785,-79.958,214674,97,37.27816136,-79.95794032,18.4781,14.5965,22.9331,2024-04-10
Roanoke,37.2785,-79.958,214674,97,37.27816136,-79.95794032,13.6531,11.3666,17.1764,2024-04-12
Roanoke,37.2785,-79.958,214674,97,37.27816136,-79.95794032,22.0023,15.9985,28.1106,2024-04-17
Roanoke,37.2785,-79.958,214674,97,37.27816136,-79.95794032,25.2074,16.5683,32.5661,2024-04-15
Roanoke,37.2785,-79.958,214674,97,37.27816136,-79.95794032,21.3709,8.1572,30.4359,2024-04-14
Roanoke,37.2785,-79.958,214674,97,37.27816136,-79.95794032,22.6987,16.4895,30.5661,2024-04-18
Roanoke,37.2785,-79.958,214674,97,37.27816136,-79.95794032,18.0877,14.126,21.9241,2024-04-19
Roanoke,37.2785,-79.958,214674,97,37.27816136,-79.95794032,21.4579,16.3575,26.9398,2024-04-16
Roanoke,37.2785,-79.958,214674,97,37.27816136,-79.95794032,11.5538,8.5633,14.6269,2024-04-21
Roanoke,37.2785,-79.958,214674,97,37.27816136,-79.95794032,11.6463,3.9964,18.7204,2024-04-22
Roanoke,37.2785,-79.958,214674,97,37.27816136,-79.95794032,17.6767,14.8331,22.9396,2024-04-20
Roanoke,37.2785,-79.958,214674,97,37.27816136,-79.95794032,17.8114,12.6211,23.9793,2024-04-24
Roanoke,37.2785,-79.958,214674,97,37.27816136,-79.95794032,16.3408,3.6566,24.6834,2024-04-23
Roanoke,37.2785,-79.958,214674,97,37.27816136,-79.95794032,19.4471,12.083,25.8601,2024-04-27
Roanoke,37.2785,-79.958,214674,97,37.27816136,-79.95794032,16.9699,8.8801,22.9352,2024-04-25
Roanoke,37.2785,-79.958,214674,97,37.27816136,-79.95794032,22.9045,14.4126,31.1595,2024-04-28
Roanoke,37.2785,-79.958,214674,97,37.27816136,-79.95794032,15.9956,11.1911,19.7353,2024-04-26
Fontana,34.0968,-117.4599,214547,151,34.09701579,-117.460049,13.6194,6.1088,20.8244,2024-04-01
Roanoke,37.2785,-79.958,214674,97,37.27816136,-79.95794032,23.7676,15.9677,32.1695,2024-04-29
Roanoke,37.2785,-79.958,214674,97,37.27816136,-79.95794032,20.8967,15.26,27.9395,2024-04-30
Fontana,34.0968,-117.4599,214547,151,34.09701579,-117.460049,12.2593,8.8823,17.1194,2024-04-04
Fontana,34.0968,-117.4599,214547,151,34.09701579,-117.460049,11.2109,4.6693,17.6856,2024-04-06
Fontana,34.0968,-117.4599,214547,151,34.09701579,-117.460049,17.1224,9.0925,25.9232,2024-04-03
Fontana,34.0968,-117.4599,214547,151,34.09701579,-117.460049,16.6911,7.3052,25.624,2024-04-02
Fontana,34.0968,-117.4599,214547,151,34.09701579,-117.460049,14.6211,5.68,22.0654,2024-04-08
Fontana,34.0968,-117.4599,214547,151,34.09701579,-117.460049,8.9576,5.9649,12.7005,2024-04-05
Fontana,34.0968,-117.4599,214547,151,34.09701579,-117.460049,19.9434,9.1514,29.9258,2024-04-10
Fontana,34.0968,-117.4599,214547,151,34.09701579,-117.460049,17.3783,6.9514,25.7228,2024-04-09
Fontana,34.0968,-117.4599,214547,151,34.09701579,-117.460049,14.2973,11.0879,19.4267,2024-04-12
Fontana,34.0968,-117.4599,214547,151,34.09701579,-117.460049,21.2993,11.3482,32.4768,2024-04-11
Fontana,34.0968,-117.4599,214547,151,34.09701579,-117.460049,10.1344,5.6079,13.9899,2024-04-14
Fontana,34.0968,-117.4599,214547,151,34.09701579,-117.460049,12.3702,8.4009,17.8311,2024-04-13
Fontana,34.0968,-117.4599,214547,151,34.09701579,-117.460049,12.2338,5.6981,19.6446,2024-04-07
Fontana,34.0968,-117.4599,214547,151,34.09701579,-117.460049,14.8696,9.1714,20.5881,2024-04-15
Fontana,34.0968,-117.4599,214547,151,34.09701579,-117.460049,18.5236,8.5256,27.8307,2024-04-16
Fontana,34.0968,-117.4599,214547,151,34.09701579,-117.460049,19.5627,11.1358,28.5656,2024-04-17
Fontana,34.0968,-117.4599,214547,151,34.09701579,-117.460049,17.8283,12.2581,25.477,2024-04-18
Fontana,34.0968,-117.4599,214547,151,34.09701579,-117.460049,16.0975,10.3415,21.9175,2024-04-19
Fontana,34.0968,-117.4599,214547,151,34.09701579,-117.460049,17.5955,12.723,26.0018,2024-04-22
Fontana,34.0968,-117.4599,214547,151,34.09701579,-117.460049,17.5385,11.4967,24.8267,2024-04-20
Fontana,34.0968,-117.4599,214547,151,34.09701579,-117.460049,20.2213,10.2446,32.3195,2024-04-21
Fontana,34.0968,-117.4599,214547,151,34.09701579,-117.460049,16.4865,12.7556,21.1046,2024-04-23
Fontana,34.0968,-117.4599,214547,151,34.09701579,-117.460049,15.1521,10.6105,20.1968,2024-04-24
Fontana,34.0968,-117.4599,214547,151,34.09701579,-117.460049,14.6004,11.8168,19.6765,2024-04-25
Fontana,34.0968,-117.4599,214547,151,34.09701579,-117.460049,13.3622,11.5802,15.9266,2024-04-26
Fontana,34.0968,-117.4599,214547,151,34.09701579,-117.460049,16.4403,10.8589,23.3363,2024-04-27
Fontana,34.0968,-117.4599,214547,151,34.09701579,-117.460049,19.3503,11.6646,27.8791,2024-04-30
Fontana,34.0968,-117.4599,214547,151,34.09701579,-117.460049,19.723,11.544,27.7391,2024-04-29
Fontana,34.0968,-117.4599,214547,151,34.09701579,-117.460049,18.0404,9.3474,26.0075,2024-04-28
Moreno Valley,33.9244,-117.2045,213055,112,33.92469253,-117.2041373,11.6467,8.01,16.99,2024-04-04
Moreno Valley,33.9244,-117.2045,213055,112,33.92469253,-117.2041373,12.6475,5.13,19.44,2024-04-01
Moreno Valley,33.9244,-117.2045,213055,112,33.92469253,-117.2041373,15.2811,6.6,23.44,2024-04-02
Moreno Valley,33.9244,-117.2045,213055,112,33.92469253,-117.2041373,10.1254,3.3,16.43,2024-04-06
Moreno Valley,33.9244,-117.2045,213055,112,33.92469253,-117.2041373,7.8311,5.24,11.42,2024-04-05
Moreno Valley,33.9244,-117.2045,213055,112,33.92469253,-117.2041373,15.8696,7.63,24.57,2024-04-03
Moreno Valley,33.9244,-117.2045,213055,112,33.92469253,-117.2041373,15.4882,5.53,23.93,2024-04-09
Moreno Valley,33.9244,-117.2045,213055,112,33.92469253,-117.2041373,11.5811,3.62,18.86,2024-04-07
Moreno Valley,33.9244,-117.2045,213055,112,33.92469253,-117.2041373,12.9199,5.1,19.98,2024-04-08
Moreno Valley,33.9244,-117.2045,213055,112,33.92469253,-117.2041373,18.0328,6.73,27.9,2024-04-10
Moreno Valley,33.9244,-117.2045,213055,112,33.92469253,-117.2041373,13.7746,6.75,19.89,2024-04-15
Moreno Valley,33.9244,-117.2045,213055,112,33.92469253,-117.2041373,20.1001,10.22,31.05,2024-04-11
Moreno Valley,33.9244,-117.2045,213055,112,33.92469253,-117.2041373,14.8137,9.7,21.13,2024-04-12
Moreno Valley,33.9244,-117.2045,213055,112,33.92469253,-117.2041373,18.4044,9.2,27.18,2024-04-17
Moreno Valley,33.9244,-117.2045,213055,112,33.92469253,-117.2041373,15.8384,10.15,21.13,2024-04-19
Moreno Valley,33.9244,-117.2045,213055,112,33.92469253,-117.2041373,12.6061,7.99,17.56,2024-04-13
Moreno Valley,33.9244,-117.2045,213055,112,33.92469253,-117.2041373,17.585,7.92,26.83,2024-04-16
Moreno Valley,33.9244,-117.2045,213055,112,33.92469253,-117.2041373,10.0389,4.65,13.62,2024-04-14
Moreno Valley,33.9244,-117.2045,213055,112,33.92469253,-117.2041373,20.3628,9.13,32.33,2024-04-21
Moreno Valley,33.9244,-117.2045,213055,112,33.92469253,-117.2041373,17.6712,10.37,25.76,2024-04-18
Moreno Valley,33.9244,-117.2045,213055,112,33.92469253,-117.2041373,18.009,11.41,27.3,2024-04-22
Moreno Valley,33.9244,-117.2045,213055,112,33.92469253,-117.2041373,16.9359,9.14,24.6191,2024-04-20
Moreno Valley,33.9244,-117.2045,213055,112,33.92469253,-117.2041373,15.8312,11.98,20.7473,2024-04-23
Moreno Valley,33.9244,-117.2045,213055,112,33.92469253,-117.2041373,15.3615,8.51,22.03,2024-04-27
Moreno Valley,33.9244,-117.2045,213055,112,33.92469253,-117.2041373,14.0088,11.0907,18.53,2024-04-25
Moreno Valley,33.9244,-117.2045,213055,112,33.92469253,-117.2041373,14.9969,11.07,20.53,2024-04-24
Moreno Valley,33.9244,-117.2045,213055,112,33.92469253,-117.2041373,17.2935,6.8,25.64,2024-04-28
Moreno Valley,33.9244,-117.2045,213055,112,33.92469253,-117.2041373,13.444,10.11,16.09,2024-04-26
North Port,27.0577,-82.1975,209070,144,27.05748387,-82.1978863,25.1702,20.0075,30.4774,2024-04-02
Moreno Valley,33.9244,-117.2045,213055,112,33.92469253,-117.2041373,18.8106,10.23,26.86,2024-04-29
Moreno Valley,33.9244,-117.2045,213055,112,33.92469253,-117.2041373,18.6774,10.82,27.4,2024-04-30
North Port,27.0577,-82.1975,209070,144,27.05748387,-82.1978863,24.4566,18.4231,29.7541,2024-04-01
North Port,27.0577,-82.1975,209070,144,27.05748387,-82.1978863,21.116,18.2869,27.4769,2024-04-06
North Port,27.0577,-82.1975,209070,144,27.05748387,-82.1978863,23.6342,20.4593,30.473,2024-04-03
North Port,27.0577,-82.1975,209070,144,27.05748387,-82.1978863,21.8233,18.9521,27.167,2024-04-04
North Port,27.0577,-82.1975,209070,144,27.05748387,-82.1978863,21.1448,15.1272,27.3748,2024-04-05
North Port,27.0577,-82.1975,209070,144,27.05748387,-82.1978863,22.1155,14.634,28.5024,2024-04-07
North Port,27.0577,-82.1975,209070,144,27.05748387,-82.1978863,25.9357,20.4706,31.2889,2024-04-10
North Port,27.0577,-82.1975,209070,144,27.05748387,-82.1978863,22.9597,18.4449,28.681,2024-04-12
North Port,27.0577,-82.1975,209070,144,27.05748387,-82.1978863,24.3543,17.9934,29.8903,2024-04-09
North Port,27.0577,-82.1975,209070,144,27.05748387,-82.1978863,22.3054,15.7844,28.2096,2024-04-08
North Port,27.0577,-82.1975,209070,144,27.05748387,-82.1978863,22.6048,13.4199,29.6989,2024-04-14
North Port,27.0577,-82.1975,209070,144,27.05748387,-82.1978863,25.4359,24.0658,30.0231,2024-04-11
North Port,27.0577,-82.1975,209070,144,27.05748387,-82.1978863,24.9112,16.47,31.6106,2024-04-16
North Port,27.0577,-82.1975,209070,144,27.05748387,-82.1978863,22.3476,15.5996,28.3969,2024-04-13
North Port,27.0577,-82.1975,209070,144,27.05748387,-82.1978863,24.2974,16.8941,30.8606,2024-04-15
North Port,27.0577,-82.1975,209070,144,27.05748387,-82.1978863,25.3841,20.3813,32.5134,2024-04-18
North Port,27.0577,-82.1975,209070,144,27.05748387,-82.1978863,25.4284,19.1813,33.0819,2024-04-17
North Port,27.0577,-82.1975,209070,144,27.05748387,-82.1978863,26.0663,21.5034,30.4478,2024-04-21
North Port,27.0577,-82.1975,209070,144,27.05748387,-82.1978863,24.1487,16.5855,30.8687,2024-04-24
North Port,27.0577,-82.1975,209070,144,27.05748387,-82.1978863,26.1941,21.2486,32.9716,2024-04-19
North Port,27.0577,-82.1975,209070,144,27.05748387,-82.1978863,24.0814,21.4472,28.5882,2024-04-22
North Port,27.0577,-82.1975,209070,144,27.05748387,-82.1978863,26.3223,20.9186,32.6487,2024-04-20
North Port,27.0577,-82.1975,209070,144,27.05748387,-82.1978863,22.8313,16.165,29.0176,2024-04-23
North Port,27.0577,-82.1975,209070,144,27.05748387,-82.1978863,26.1585,19.9913,31.9765,2024-04-26
North Port,27.0577,-82.1975,209070,144,27.05748387,-82.1978863,24.8716,17.5507,31.7365,2024-04-25
North Port,27.0577,-82.1975,209070,144,27.05748387,-82.1978863,25.4807,19.9312,32.0941,2024-04-27
North Port,27.0577,-82.1975,209070,144,27.05748387,-82.1978863,25.6369,20.6567,31.0072,2024-04-28
North Port,27.0577,-82.1975,209070,144,27.05748387,-82.1978863,25.9081,21.2897,31.7348,2024-04-30
North Port,27.0577,-82.1975,209070,144,27.05748387,-82.1978863,25.2177,18.4453,32.1283,2024-04-29
Fargo,46.8652,-96.8292,208675,110,46.8649477,-96.82892214,3.4132,-4.3414,9.243,2024-04-01
Fargo,46.8652,-96.8292,208675,110,46.8649477,-96.82892214,3.3223,-1.2869,9.5744,2024-04-02
Fargo,46.8652,-96.8292,208675,110,46.8649477,-96.82892214,5.027,-5.2047,12.6605,2024-04-04
Fargo,46.8652,-96.8292,208675,110,46.8649477,-96.82892214,4.8544,-0.4607,10.5076,2024-04-03
Fargo,46.8652,-96.8292,208675,110,46.8649477,-96.82892214,5.2952,4.5366,8.1045,2024-04-07
Fargo,46.8652,-96.8292,208675,110,46.8649477,-96.82892214,8.2318,-3.5543,16.067,2024-04-05
Fargo,46.8652,-96.8292,208675,110,46.8649477,-96.82892214,5.6977,3.2607,7.7362,2024-04-08
Fargo,46.8652,-96.8292,208675,110,46.8649477,-96.82892214,10.1681,3.1375,16.482,2024-04-06
Fargo,46.8652,-96.8292,208675,110,46.8649477,-96.82892214,8.7925,3.7202,13.6782,2024-04-11
Fargo,46.8652,-96.8292,208675,110,46.8649477,-96.82892214,9.5972,0.6403,15.5444,2024-04-12
Fargo,46.8652,-96.8292,208675,110,46.8649477,-96.82892214,10.2094,3.8381,18.702,2024-04-10
Fargo,46.8652,-96.8292,208675,110,46.8649477,-96.82892214,9.0371,1.6412,15.8045,2024-04-09
Fargo,46.8652,-96.8292,208675,110,46.8649477,-96.82892214,15.7434,5.9674,24.5333,2024-04-13
Fargo,46.8652,-96.8292,208675,110,46.8649477,-96.82892214,8.0477,4.6766,11.8549,2024-04-17
Fargo,46.8652,-96.8292,208675,110,46.8649477,-96.82892214,0.5419,-3.1355,2.9911,2024-04-19
Fargo,46.8652,-96.8292,208675,110,46.8649477,-96.82892214,13.5011,4.4373,20.7155,2024-04-14
Fargo,46.8652,-96.8292,208675,110,46.8649477,-96.82892214,8.8481,6.1841,12.0974,2024-04-16
Fargo,46.8652,-96.8292,208675,110,46.8649477,-96.82892214,3.3627,1.7276,5.7555,2024-04-18
Fargo,46.8652,-96.8292,208675,110,46.8649477,-96.82892214,4.6949,-2.0239,10.1606,2024-04-20
Fargo,46.8652,-96.8292,208675,110,46.8649477,-96.82892214,12.261,6.5073,16.1109,2024-04-15
Fargo,46.8652,-96.8292,208675,110,46.8649477,-96.82892214,9.2061,-2.1505,16.4874,2024-04-21
Fargo,46.8652,-96.8292,208675,110,46.8649477,-96.82892214,9.8218,5.6273,14.8207,2024-04-23
Fargo,46.8652,-96.8292,208675,110,46.8649477,-96.82892214,12.6712,5.7586,19.5586,2024-04-22
Fargo,46.8652,-96.8292,208675,110,46.8649477,-96.82892214,10.4584,-1.755,18.1042,2024-04-24
Atlanta,33.7627,-84.4224,5449398,71,33.76261238177928,-84.42220854559103,12.3886,10.091,15.38,2024-04-21
Charlotte,35.208,-80.8304,1512923,72,35.20796486400683,-80.83017215519364,17.3432,13.7528,20.3014,2024-04-26
McAllen,26.2273,-98.2471,804114,153,26.227341880859903,-98.24683176869337,27.732,23.3927,33.2555,2024-04-24
Cape Coral,26.6446,-81.9956,668382,144,26.64476626403762,-81.99538609732345,23.8588,18.1772,28.6872,2024-04-01
San Jacinto,33.797,-116.9916,49215,135,33.79693121770169,-116.99186971839441,16.3826,10.67,23.42,2024-04-19
San Jacinto,33.797,-116.9916,49215,135,33.79693121770169,-116.99186971839441,18.0168,9.54,26.68,2024-04-20
San Jacinto,33.797,-116.9916,49215,135,33.79693121770169,-116.99186971839441,20.515,9.68,33.55,2024-04-21
San Jacinto,33.797,-116.9916,49215,135,33.79693121770169,-116.99186971839441,14.1328,11.37,18.32,2024-04-25
San Jacinto,33.797,-116.9916,49215,135,33.79693121770169,-116.99186971839441,13.1385,10.77,16.4,2024-04-26
San Jacinto,33.797,-116.9916,49215,135,33.79693121770169,-116.99186971839441,19.5513,10.23,29.1,2024-04-29
Troy,42.7354,-73.6751,49154,109,42.73507151045223,-73.67516824506787,8.1431,1.34,14.89,2024-04-01
Troy,42.7354,-73.6751,49154,109,42.73507151045223,-73.67516824506787,6.4333,3.1,10.09,2024-04-02
Troy,42.7354,-73.6751,49154,109,42.73507151045223,-73.67516824506787,4.4335,2.04,6.66,2024-04-05
Troy,42.7354,-73.6751,49154,109,42.73507151045223,-73.67516824506787,5.5298,3.45,8.76,2024-04-06
Troy,42.7354,-73.6751,49154,109,42.73507151045223,-73.67516824506787,13.1121,11.86,17.14,2024-04-10
Troy,42.7354,-73.6751,49154,109,42.73507151045223,-73.67516824506787,7.9881,6.54,11.16,2024-04-13
Troy,42.7354,-73.6751,49154,109,42.73507151045223,-73.67516824506787,9.3303,5.41,16.7204,2024-04-20
Troy,42.7354,-73.6751,49154,109,42.73507151045223,-73.67516824506787,8.8754,-0.6107,16.0801,2024-04-26
Newark,37.5204,-122.0312,49149,114,37.52057568533334,-122.03101418884239,9.0713,4.4364,12.5319,2024-04-05
Newark,37.5204,-122.0312,49149,114,37.52057568533334,-122.03101418884239,10.1588,6.1382,13.2049,2024-04-07
Newark,37.5204,-122.0312,49149,114,37.52057568533334,-122.03101418884239,12.1513,9.2266,16.1214,2024-04-11
Newark,37.5204,-122.0312,49149,114,37.52057568533334,-122.03101418884239,10.7851,8.147,13.3397,2024-04-13
Newark,37.5204,-122.0312,49149,114,37.52057568533334,-122.03101418884239,10.7561,7.3572,13.514,2024-04-14
Newark,37.5204,-122.0312,49149,114,37.52057568533334,-122.03101418884239,13.3729,9.6229,17.238,2024-04-17
Newark,37.5204,-122.0312,49149,114,37.52057568533334,-122.03101418884239,11.7646,9.1178,14.843,2024-04-27
Cuyahoga Falls,41.1641,-81.5207,49106,92,41.16393785938239,-81.52025530490886,14.2908,7.5065,18.2068,2024-04-02
Cuyahoga Falls,41.1641,-81.5207,49106,92,41.16393785938239,-81.52025530490886,3.6068,2.1097,5.0941,2024-04-05
Cuyahoga Falls,41.1641,-81.5207,49106,92,41.16393785938239,-81.52025530490886,10.5568,4.9983,15.9101,2024-04-13
Cuyahoga Falls,41.1641,-81.5207,49106,92,41.16393785938239,-81.52025530490886,19.2889,7.2773,27.3278,2024-04-14
Cuyahoga Falls,41.1641,-81.5207,49106,92,41.16393785938239,-81.52025530490886,15.0711,10.1957,21.3062,2024-04-15
Cuyahoga Falls,41.1641,-81.5207,49106,92,41.16393785938239,-81.52025530490886,17.8733,15.3167,25.8437,2024-04-17
Cuyahoga Falls,41.1641,-81.5207,49106,92,41.16393785938239,-81.52025530490886,13.6344,11.6778,17.1117,2024-04-19
Cuyahoga Falls,41.1641,-81.5207,49106,92,41.16393785938239,-81.52025530490886,7.3326,5.6913,10.1967,2024-04-20
Cuyahoga Falls,41.1641,-81.5207,49106,92,41.16393785938239,-81.52025530490886,5.7012,3.5056,10.0453,2024-04-24
Cuyahoga Falls,41.1641,-81.5207,49106,92,41.16393785938239,-81.52025530490886,20.2075,14.9733,27.2786,2024-04-27
Downers Grove,41.7949,-88.017,49057,118,41.794883209158954,-88.01729758341597,2.3004,1.4607,2.9094,2024-04-03
Downers Grove,41.7949,-88.017,49057,118,41.794883209158954,-88.01729758341597,7.8481,3.9187,10.2392,2024-04-07
Downers Grove,41.7949,-88.017,49057,118,41.794883209158954,-88.01729758341597,12.3097,10.4706,14.85,2024-04-11
Downers Grove,41.7949,-88.017,49057,118,41.794883209158954,-88.01729758341597,19.4485,14.19,27.2815,2024-04-14
Downers Grove,41.7949,-88.017,49057,118,41.794883209158954,-88.01729758341597,12.8775,3.2785,18.7316,2024-04-22
Downers Grove,41.7949,-88.017,49057,118,41.794883209158954,-88.01729758341597,8.1139,0.2289,15.5795,2024-04-25
Downers Grove,41.7949,-88.017,49057,118,41.794883209158954,-88.01729758341597,11.6916,5.8507,15.5982,2024-04-26
Downers Grove,41.7949,-88.017,49057,118,41.794883209158954,-88.01729758341597,21.1448,15.4411,25.7152,2024-04-27
Bedford,32.8464,-97.135,49049,144,32.84636447616032,-97.13487991981177,23.4179,13.645,31.5135,2024-04-05
Bedford,32.8464,-97.135,49049,144,32.84636447616032,-97.13487991981177,22.1538,17.1992,25.0506,2024-04-06
Bedford,32.8464,-97.135,49049,144,32.84636447616032,-97.13487991981177,20.7256,12.6947,26.1859,2024-04-07
Bedford,32.8464,-97.135,49049,144,32.84636447616032,-97.13487991981177,22.3362,12.3471,29.5165,2024-04-08
Bedford,32.8464,-97.135,49049,144,32.84636447616032,-97.13487991981177,17.4071,9.5658,23.8953,2024-04-11
Bedford,32.8464,-97.135,49049,144,32.84636447616032,-97.13487991981177,24.5729,18.5951,29.6366,2024-04-14
Bedford,32.8464,-97.135,49049,144,32.84636447616032,-97.13487991981177,26.4928,22.4122,31.7949,2024-04-17
Bedford,32.8464,-97.135,49049,144,32.84636447616032,-97.13487991981177,12.3975,9.727,17.8995,2024-04-20
Bedford,32.8464,-97.135,49049,144,32.84636447616032,-97.13487991981177,24.9837,19.1885,29.4471,2024-04-24
Bedford,32.8464,-97.135,49049,144,32.84636447616032,-97.13487991981177,25.8832,21.4865,29.6018,2024-04-27
Reedley,36.5987,-119.4473,49042,92,36.59892012663226,-119.4472495631739,17.4132,8.23,24.85,2024-04-02
Reedley,36.5987,-119.4473,49042,92,36.59892012663226,-119.4472495631739,9.4346,6.69,13.81,2024-04-04
Reedley,36.5987,-119.4473,49042,92,36.59892012663226,-119.4472495631739,11.7649,5.4,17.82,2024-04-07
Reedley,36.5987,-119.4473,49042,92,36.59892012663226,-119.4472495631739,19.5558,8.63,28.48,2024-04-10
Reedley,36.5987,-119.4473,49042,92,36.59892012663226,-119.4472495631739,20.9963,13.18,32.3,2024-04-12
Reedley,36.5987,-119.4473,49042,92,36.59892012663226,-119.4472495631739,21.8493,13.09,29.9,2024-04-20
Reedley,36.5987,-119.4473,49042,92,36.59892012663226,-119.4472495631739,18.4284,11.08,24.48,2024-04-23
Dublin,40.1112,-83.1454,49037,116,40.11118368692112,-83.14556617230284,16.0522,10.903,19.5028,2024-04-02
Dublin,40.1112,-83.1454,49037,116,40.11118368692112,-83.14556617230284,6.9584,1.3361,12.3564,2024-04-06
Dublin,40.1112,-83.1454,49037,116,40.11118368692112,-83.14556617230284,15.4783,13.8859,17.4175,2024-04-10
Dublin,40.1112,-83.1454,49037,116,40.11118368692112,-83.14556617230284,19.006,13.42,25.4508,2024-04-15
Dublin,40.1112,-83.1454,49037,116,40.11118368692112,-83.14556617230284,21.379,8.9311,29.0227,2024-04-16
Dublin,40.1112,-83.1454,49037,116,40.11118368692112,-83.14556617230284,19.0111,15.3025,25.9857,2024-04-17
Dublin,40.1112,-83.1454,49037,116,40.11118368692112,-83.14556617230284,13.4072,9.7957,17.4216,2024-04-19
Dublin,40.1112,-83.1454,49037,116,40.11118368692112,-83.14556617230284,8.8034,6.6803,12.3039,2024-04-20
Dublin,40.1112,-83.1454,49037,116,40.11118368692112,-83.14556617230284,10.0198,0.5007,16.5142,2024-04-22
Dublin,40.1112,-83.1454,49037,116,40.11118368692112,-83.14556617230284,12.5033,7.3544,19.4848,2024-04-23
Dublin,40.1112,-83.1454,49037,116,40.11118368692112,-83.14556617230284,8.5347,6.2861,12.0054,2024-04-24
Dublin,40.1112,-83.1454,49037,116,40.11118368692112,-83.14556617230284,16.4416,2.7873,23.7008,2024-04-26
Dublin,40.1112,-83.1454,49037,116,40.11118368692112,-83.14556617230284,23.5868,17.657,29.0902,2024-04-28
Rancho Santa Margarita,33.6318,-117.5989,47896,117,33.63208764634521,-117.59894195694415,12.7258,6.5561,18.9946,2024-04-01
Rancho Santa Margarita,33.6318,-117.5989,47896,117,33.63208764634521,-117.59894195694415,15.6012,7.8895,22.3777,2024-04-02
Rancho Santa Margarita,33.6318,-117.5989,47896,117,33.63208764634521,-117.59894195694415,15.9576,9.8406,23.1407,2024-04-03
Rancho Santa Margarita,33.6318,-117.5989,47896,117,33.63208764634521,-117.59894195694415,12.0361,8.9807,16.4022,2024-04-04
Rancho Santa Margarita,33.6318,-117.5989,47896,117,33.63208764634521,-117.59894195694415,8.8422,5.732,12.5262,2024-04-05
Rancho Santa Margarita,33.6318,-117.5989,47896,117,33.63208764634521,-117.59894195694415,10.7564,4.9349,16.9838,2024-04-06
Rancho Santa Margarita,33.6318,-117.5989,47896,117,33.63208764634521,-117.59894195694415,11.5072,5.9898,18.0263,2024-04-07
Roseville,42.5074,-82.9369,47018,77,42.507462848372725,-82.93652464864411,11.8602,9.7821,15.7608,2024-04-23
Roseville,42.5074,-82.9369,47018,77,42.507462848372725,-82.93652464864411,5.8722,-2.5882,12.2602,2024-04-25
Roseville,42.5074,-82.9369,47018,77,42.507462848372725,-82.93652464864411,11.4232,2.4281,17.1528,2024-04-26
Roseville,42.5074,-82.9369,47018,77,42.507462848372725,-82.93652464864411,21.7075,11.9679,28.3408,2024-04-27
Roseville,42.5074,-82.9369,47018,77,42.507462848372725,-82.93652464864411,18.6879,12.4259,27.85,2024-04-29
Roseville,42.5074,-82.9369,47018,77,42.507462848372725,-82.93652464864411,17.7533,14.2792,23.2394,2024-04-30
Lafayette,30.2084,-92.0323,264357,103,30.208462791504765,-92.03234393013832,24.4785,21.95,28.02,2024-04-01
Lafayette,30.2084,-92.0323,264357,103,30.208462791504765,-92.03234393013832,23.5291,18.68,28.91,2024-04-02
Lafayette,30.2084,-92.0323,264357,103,30.208462791504765,-92.03234393013832,16.4927,9.16,23.39,2024-04-22
Lafayette,30.2084,-92.0323,264357,103,30.208462791504765,-92.03234393013832,19.1382,9.5215,26.21,2024-04-23
Lafayette,30.2084,-92.0323,264357,103,30.208462791504765,-92.03234393013832,23.2267,16.7709,29.33,2024-04-24
Lafayette,30.2084,-92.0323,264357,103,30.208462791504765,-92.03234393013832,23.8945,17.2468,30.77,2024-04-25
Lafayette,30.2084,-92.0323,264357,103,30.208462791504765,-92.03234393013832,25.3245,21.5,29.77,2024-04-26
Lafayette,30.2084,-92.0323,264357,103,30.208462791504765,-92.03234393013832,26.2494,22.95,30.7,2024-04-27
Lafayette,30.2084,-92.0323,264357,103,30.208462791504765,-92.03234393013832,26.4579,22.71,31.48,2024-04-28
Lafayette,30.2084,-92.0323,264357,103,30.208462791504765,-92.03234393013832,20.7359,18.55,24.45,2024-04-29
Lafayette,30.2084,-92.0323,264357,103,30.208462791504765,-92.03234393013832,23.809,16.75,30.18,2024-04-30
Fargo,46.8652,-96.8292,208675,110,46.864947698660956,-96.8289221375411,17.4021,7.636,24.9008,2024-04-25
Fargo,46.8652,-96.8292,208675,110,46.864947698660956,-96.8289221375411,9.3621,8.0212,14.7243,2024-04-26
Fargo,46.8652,-96.8292,208675,110,46.864947698660956,-96.8289221375411,8.0763,7.2822,10.5825,2024-04-27
Fargo,46.8652,-96.8292,208675,110,46.864947698660956,-96.8289221375411,5.6479,4.586,7.4545,2024-04-28
Fargo,46.8652,-96.8292,208675,110,46.864947698660956,-96.8289221375411,5.7992,3.3031,7.3325,2024-04-29
Fargo,46.8652,-96.8292,208675,110,46.864947698660956,-96.8289221375411,8.1101,3.0528,13.3592,2024-04-30
